date,crude_ret1d,crude_ret5d,gold_ret1d,gold_ret5d,copper_ret1d,copper_ret5d,dxy_ret1d,dxy_ret5d,sp500_ret1d,sp500_ret5d,copper_vol21d,cli_china,cli_usa,DFII10,USDCNY
2010-02-03,-0.0032423345844101448,0.04395005562356502,-0.005384076061273113,0.02459364267436559,-0.03866336626720557,-0.07978350571684878,0.004546043935460098,0.008731500308017281,-0.005489350382538838,-0.0002004489752280847,0.3222682755374364,102.0863,99.45796,1.3,6.81689977645874
2010-02-04,-0.05117028708720728,-0.0068129437003028315,-0.04508998111049234,-0.019758285978154433,-0.03166174388667575,-0.07194450356395499,0.006905613721631454,0.012844864237971265,-0.03163585604980668,-0.019948179490755003,0.33214492916304317,102.0863,99.45796,1.27,6.81689977645874
2010-02-05,-0.027023010966247263,-0.0235990536105124,-0.009647358811312401,-0.028851804110029633,-0.007505008435389149,-0.06510770459194504,0.006485483825897198,0.012257856390512245,0.0028929303608267176,-0.0071774500799461904,0.31164981020390425,102.0863,99.45796,1.32,6.81850004196167
2010-02-08,0.009784771095692868,-0.03472192596628698,0.01274865051805918,-0.03557987986042299,0.01925965399210572,-0.05646127077633745,-0.0017419362979289588,0.013288464085812635,-0.008902803100374612,-0.030245558726690547,0.324649735377247,102.0863,99.45796,1.35,6.816999912261963
2010-02-09,0.02554383071422528,-0.04610703082794654,0.010268948062854832,-0.03710381740216384,0.02511590413310394,-0.03345456046406081,-0.00549454967932661,0.010700655505733181,0.012955841773586663,-0.030179237398306746,0.3438686929273885,102.0863,99.45796,1.37,6.8165998458862305
2010-02-10,0.010386505466039253,-0.03247819077749714,-0.0008361462449988366,-0.032555887585889565,0.0008376102988416623,0.006046416101986418,0.002126439848041173,0.008281051418314256,-0.0022350694280079964,-0.026924956443775905,0.33869882586779776,102.0863,99.45796,1.44,6.818999767303467
2010-02-11,0.010146978375651372,0.02883907468536151,0.01695884177835083,0.029492935302953605,0.04693849978937914,0.08464665977804131,-0.0004999489713748417,0.0008754887253079602,0.009633882335101873,0.014344781941132645,0.37726992659345304,102.0863,99.45796,1.47,6.823800086975098
2010-02-12,-0.015394207443875985,0.04046787820773279,-0.004304582620552111,0.034835711493713895,-0.01626835164339524,0.07588331657003522,0.004117051989409148,-0.0014929431111800895,-0.002748366119941892,0.008703485460364035,0.37402532111150183,102.0863,99.45796,1.46,6.823500156402588
2010-02-16,0.03811503967306429,0.06879814678510421,0.026984658134351136,0.04907171911000585,0.04431051339823089,0.10093417597616039,-0.007749104638313575,-0.007500111451564706,0.017840653536262074,0.03544694209700072,0.41059652021343185,102.0863,99.45796,1.42,6.823400020599365
2010-02-17,0.004146691008587666,0.047401007079466595,0.00017862351978337188,0.03898139456693439,0.00619491505473202,0.08201318689778847,0.008495807345480166,0.0064902455732420705,0.004229004596710162,0.02672010492012422,0.41134243496076417,102.0863,99.45796,1.46,6.823400020599365
2010-02-18,0.022125024688719463,0.059139526302146805,-0.0013407823237647776,0.03847675848816845,0.01425638190825107,0.09543195850719788,0.00024884031242677906,0.004612646037627677,0.006563157733795677,0.035518332081927895,0.4048930639346782,102.0863,99.45796,1.48,6.823400020599365
2010-02-19,0.009441752309571783,0.058434300236067216,0.0029473952977854267,0.024465312007603046,0.02168107345532433,0.07017453217314307,0.0029806015907007932,0.008093196599703312,0.0021842348635905395,0.02806868461041656,0.4025046194980352,102.0863,99.45796,1.52,6.8190999031066895
2010-02-22,0.004375903723863317,0.07820441140380652,-0.007789173314889375,0.020980721313265782,-0.015157536078042266,0.07128534773849604,-0.001613369908596951,0.0023627747016972123,-0.0010464051249199358,0.029770645605438517,0.40077476023027314,102.0863,99.45796,1.55,6.81790018081665
2010-02-23,-0.016350546832384794,0.023738824898357436,-0.008937923213824917,-0.01494186003491027,-0.028373952280748904,-0.0013991179404837517,0.00421414030453704,0.014326019644547827,-0.012176644945198767,-0.0002466528760223241,0.408209443435375,102.0863,99.45796,1.5,6.81820011138916
2010-02-24,0.014352498484715426,0.033944632374485195,-0.005638384626172943,-0.020758868180866585,0.006667242418850083,-0.0009267905763656881,0.0,0.005830212299067661,0.009673519697190436,0.00519786222445795,0.40564088821302796,102.0863,99.45796,1.51,6.816999912261963
2010-02-25,-0.02314071586565003,-0.011321108179884298,0.010252821817720914,-0.009165264039380894,-0.013379160808660862,-0.02856233329327762,-0.0007423603263507772,0.0048390116602901045,-0.0020832085528654787,-0.003448504062203206,0.404441779760267,102.0863,99.45796,1.51,6.81689977645874
2010-02-26,0.01888170491701313,-0.0018811555724429496,0.00943360802129245,-0.0026790513158738705,0.02352684672635963,-0.02671656002224232,-0.005336659281853784,-0.0034782492122644726,0.0014043925568580917,-0.004228346368935654,0.3949651849630229,102.0863,99.45796,1.48,6.816699981689453
2010-03-01,-0.012124507078987712,-0.01838156637529398,-0.000447207179014697,0.0046629148200008075,0.01954159123229071,0.007982567288090658,0.0037262873050734058,0.0018614080014058842,0.010107257423602967,0.006925316179587249,0.3713183071802083,101.8628,99.63178,1.46,6.816400051116943
2010-03-02,0.012375500460103162,0.010344480917193977,0.016942770091358028,0.030543608125183752,0.018578226551576815,0.05493474612041638,-0.0017372757661142657,-0.004090008069245421,0.002327731002886857,0.021429692127672872,0.3687733163233602,101.8628,99.63178,1.46,6.817500114440918
2010-03-03,0.01482434396429877,0.01081632639677732,0.005088558812882837,0.04127055156423953,0.006897075155809729,0.05516457885737602,-0.006728913690074556,-0.010818921759319977,0.0004291095214004059,0.012185281951882843,0.36830689102754344,101.8628,99.63178,1.46,6.815899848937988
2010-03-04,-0.008194777105955176,0.025762265156472175,-0.008877987298245849,0.02213974244827277,-0.017258283062993263,0.05128545660304362,0.007225572714031792,-0.0028509887189374084,0.0037291560795713607,0.017997646584319682,0.376244402257031,101.8628,99.63178,1.44,6.8165998458862305
2010-03-05,0.015954836282113583,0.022835396521572626,0.0019406138387152438,0.014646748265695564,0.012420628943308865,0.04017923881999286,-0.001614973394585384,0.0008706971683309916,0.013910282801603557,0.030503536829065148,0.3433062675611638,101.8628,99.63178,1.48,6.816500186920166
2010-03-08,0.004529636689627914,0.03948954029018825,-0.009918672460991651,0.00517528298371861,-0.0017649080978405784,0.018872739489861567,0.0,-0.002855590136742414,-0.00017561143217648123,0.0202206679732857,0.31595821486856346,101.8628,99.63178,1.49,6.816999912261963
2010-03-09,-0.004652369818949786,0.022461670011135304,-0.0014249874190186418,-0.01319247452665806,0.00044150159118405696,0.0007360145294688092,0.0019872821849000744,0.0008689678142719259,0.0017112720239724766,0.01960420899437132,0.31224440896528954,101.8628,99.63178,1.48,6.817399978637695
2010-03-10,0.007335874631771766,0.0149732006786083,-0.012736696406977721,-0.03101772974651862,-0.012735247702317487,-0.018896308328658407,-0.001738691390385405,0.005859190113961077,0.004514354904213036,0.02368945437718395,0.3177271659290474,101.8628,99.63178,1.49,6.816100120544434
2010-03-11,0.0002436574047708362,0.023411635189334312,0.00018047763156570085,-0.02195926481670707,0.0032733009603798102,0.0016352756947146663,-0.0016171833608753516,-0.0029835659609460663,0.004033374313506144,0.023993672611118733,0.3107819492449999,101.8628,99.63178,1.49,6.816199779510498
2010-03-12,-0.010652108737157384,-0.0031953098299366545,-0.0058837010648318255,-0.02978357972025414,0.0010392651264414798,-0.009746088122152718,-0.006119255549288383,-0.007487848115649065,-0.0002173695700928846,0.00986602023942229,0.3107426172634434,101.8628,99.63178,1.45,6.815400123596191
2010-03-15,-0.017884167718539068,-0.025609114238103636,0.0032629192601643098,-0.016601987999098178,-0.018722931843104806,-0.026704111867416946,0.005247365415493199,-0.002240482700155866,0.0004520926234361511,0.010493724295034923,0.2831095820509066,101.8628,99.63178,1.46,6.816100120544434
2010-03-16,0.023530421814398572,0.0025736773952447223,0.015355194303237063,0.00017819372315752702,0.015006341167506987,-0.012139272291094017,-0.006250020345171414,-0.010477785230227354,0.007749014983159164,0.01653146725422161,0.2774822885471481,101.8628,99.63178,1.42,6.815999984741211
2010-03-17,0.014942917630293095,0.010180720393766052,0.0016027506478373255,0.014517640777972574,0.015664564945753634,0.016260540356977105,-0.0013802701328398115,-0.01011936397268176,0.005804795332563728,0.017821907682572302,0.24047496850749814,101.8628,99.63178,1.4,6.816999912261963
2010-03-18,-0.00884161720690635,0.0010954457820888663,0.003020366849029621,0.017357529995436494,-0.006620116183522207,0.006367123213075088,0.007256404026735552,-0.0012457765850708569,-0.00032589912668878895,0.01346263424237737,0.24225427936431454,101.8628,99.63178,1.45,6.817500114440918
2010-03-19,-0.01866454806757023,-0.00691699354832398,-0.017899170867508474,0.0053420601927598454,-0.006812823030260429,-0.0014849649436268209,0.006213515609188924,0.01108699457340645,-0.005099426451613098,0.008580577360857156,0.2399625225946535,101.8628,99.63178,1.5,6.816500186920166
2010-03-22,0.00704010434129021,0.018007278511505298,-0.007341289432869935,-0.0052621485002743995,0.00237491488106345,0.019612881780541436,-0.0008675676770568685,0.004972061480856382,0.005082359099180422,0.013210843836601427,0.2281678515665757,101.8628,99.63178,1.48,6.816800117492676
2010-03-23,0.008090307026604293,0.002567163723711019,0.0038132886945039246,-0.016804054109007538,-0.0008899499374366293,0.0037165906755978195,0.0030950194347614257,0.014317101260789222,0.007145377784800289,0.012607206638242552,0.22130223455649842,101.8628,99.63178,1.49,6.8165998458862305
2010-03-24,-0.01599840936928043,-0.028374163275862507,-0.01359450212371982,-0.032001306880564684,-0.009842009985511213,-0.021789984255667028,0.011552233970444803,0.027249605364073837,-0.005508447887288881,0.0012939634183899429,0.19855822451090846,101.8628,99.63178,1.6,6.8171000480651855
2010-03-25,-0.000992948218081935,-0.020525494287038093,0.0037592083178719093,-0.031262465411722395,0.010287119318770577,-0.004882748753374244,0.0034155487005023133,0.023408750037840598,-0.0017056210833281682,-8.575853824943636e-05,0.20007077754551963,101.8628,99.63178,1.65,6.817399978637695
2010-03-26,-0.0066031359752072305,-0.008464082194675093,0.010469393738636867,-0.0028939008055770543,0.00650500110688168,0.008435075383767865,-0.005372448004043129,0.011822786424608545,0.0007374506159880667,0.005751118529351729,0.19258741711490363,101.8628,99.63178,1.62,6.816999912261963
2010-03-29,0.026763614985477524,0.011259428449512221,0.005509246408054835,0.009956635035347716,0.03944176737929728,0.04550192788200169,-0.003925418350479326,0.008764935751186087,0.005667146312798188,0.006335905742969494,0.2200037664102204,101.8628,99.63178,1.66,6.816699981689453
2010-03-30,0.002431076638243823,0.005600198061151751,-0.005237549177463663,0.0009057971633801287,0.007198862018603647,0.05359073983804197,0.0013511100638510243,0.007021026380275686,4.265846293094455e-05,-0.0007668135788998498,0.21281328881948053,101.8628,99.63178,1.66,6.816100120544434
2010-03-31,0.0167342657688625,0.03833287319929468,0.007935877733399543,0.022436177020499493,-0.002534873305810148,0.06089787651774303,-0.004921894070752053,-0.00945310166092117,-0.0032782423180330866,0.0014633919903559445,0.2058829997714965,101.8628,99.63178,1.6,6.815899848937988
2010-04-01,0.013165114277344792,0.05249093569472141,0.010543277283995067,0.02922024598662265,0.008704224354574297,0.05931498155354675,-0.0035835802114521087,-0.016452230572875592,0.007386454005524179,0.010555467079208292,0.2065116060215556,101.5445,99.70217,1.61,6.816400051116943
2010-04-05,0.020410061151075354,0.07950413282100399,0.006908839551936552,0.025659691799922335,0.013605659261532566,0.06641563970819764,0.00383020877160245,-0.007249573797230013,0.007896729443087835,0.01771474590630806,0.19743823421769008,101.5445,99.70217,1.7,6.816400051116943
2010-04-06,0.0025365353444382066,0.055277053179964675,0.0019399928234982156,0.022090438215365715,-0.004560852770105317,0.022413019558795044,0.003692804044435505,0.0003686485976848175,0.0016828788753491253,0.013730478468858998,0.19666376366654725,101.5445,99.70217,1.68,6.815999984741211
2010-04-07,-0.011116361810369568,0.04172961473135128,0.01503925614145718,0.04236724353428656,-0.004860087009843195,0.010354070530348203,0.0006141749403347774,-0.0003682865258314294,-0.0058940429672622585,0.0077937770386657945,0.19786008901759036,101.5445,99.70217,1.55,6.815400123596191
2010-04-08,-0.005721950257250086,0.019273398705238698,-8.687147434383036e-05,0.034344494326543185,-0.00306703651403617,0.009821907322122181,0.0011044529221910793,0.005658060467111703,0.0033686614308550134,0.014440680787553895,0.19872825189998705,101.5445,99.70217,1.58,6.815499782562256
2010-04-09,-0.005519375498762358,0.0005889089291315486,0.0076946946861795595,0.03149591172872768,0.0009768990131702182,0.002094581980718102,-0.0054114319069613614,0.00383020877160245,0.006661668296831458,0.013715895078861173,0.19101165479647628,101.5445,99.70217,1.56,6.813399791717529
2010-04-12,-0.00685341037531817,-0.026674562597261975,0.0004305334466216948,0.02501760562341282,-0.006998935395613248,-0.018510012676427712,-0.006557385690550532,-0.006557385690550532,0.0017650508571405155,0.007584216492913853,0.19421630496367956,101.5445,99.70217,1.52,6.815899848937988
2010-04-13,-0.003444308734161794,-0.032655406675861975,-0.007604536011492691,0.015473076788421913,0.010062981771012947,-0.0038861781353094482,-0.000620791259248854,-0.010870980994234891,0.0006851660398368153,0.006586503657401543,0.19577582158597312,101.5445,99.70217,1.5,6.816100120544434
2010-04-14,0.021073159496942218,-0.0004658853685501896,0.005363756298328859,0.005797576945293592,0.0027773911750963443,0.0037513000496300908,-0.003982577581409963,-0.015467733515979631,0.01108836309990835,0.02356890972457215,0.17904238045102025,101.5445,99.70217,1.54,6.815899848937988
2010-04-15,-0.0038517025103104174,0.0014043623783894787,0.0006037445188047386,0.006488192938442161,-0.0024993245623619043,0.0043190120013043565,0.0036098987986221687,-0.012962287639548542,0.0008421839911774143,0.021042432284894552,0.17586643347441577,101.5445,99.70217,1.49,6.815800189971924
2010-04-16,-0.026905377288168886,-0.01998163941101705,-0.02038389596343748,-0.02159039771117488,-0.023917865110946845,-0.020575752122812707,0.004215707811504821,-0.00333514792108236,-0.01625798241854781,-0.0018772184304847173,0.19333517883081283,101.5445,99.70217,1.46,6.816100120544434
2010-04-19,-0.021738678281738366,-0.034866907317437246,-0.0009686090620819598,-0.022989540219878535,-0.0048529813836171165,-0.018429798110816575,0.0022246987981047184,0.005446936567572891,0.004511140739530184,0.0008688714519049512,0.19250704092359638,101.5445,99.70217,1.49,6.815999984741211
2010-04-20,0.024258315957761845,-0.007164282625513607,0.002990612241767998,-0.012394391966617846,0.004995418112383687,-0.023497361769445835,0.0006171311620253306,0.0066848589888470755,0.008026045737071108,0.008209751149139244,0.190431728498459,101.5445,99.70217,1.47,6.815899848937988
2010-04-21,0.0027523904256030463,-0.02548505169685278,0.008396040132929272,-0.009362108132017433,0.005961666548504496,-0.020313086396037683,0.0013562742452455367,0.012023710815502575,-0.0010195164357016395,-0.003898128386470745,0.1909151824102881,101.5445,99.70217,1.42,6.8171000480651855
2010-04-22,0.00023893707121125374,-0.021394412115331107,-0.005151639722385859,-0.01511749237320803,-0.013822824026816782,-0.03163658586049256,0.005038983491504112,0.013452795508384519,0.0022613206430897037,-0.0024789917345584556,0.19866380327919936,101.5445,99.70217,1.46,6.816400051116943
2010-04-23,0.016823116825747775,0.022334081998585553,0.009410130119176685,0.014676533709406137,0.0077187207495457155,0.0,-0.002700728663129759,0.006536359033749939,0.007098267683218751,0.020877258367208107,0.1952056842909005,101.5445,99.70217,1.47,6.817999839782715
2010-04-26,-0.010867172856383611,0.03320558742394031,0.0003468520092830829,0.01599199478077118,0.0044043742532347,0.009257355636851816,0.0015968176499994158,0.005908477885644636,-0.004305704355092921,0.012060413272585002,0.19327804150185093,101.5445,99.70217,1.46,6.817599773406982
2010-04-27,-0.021124099367527904,-0.01217682790134944,0.007083608874006941,0.020084991413010123,-0.04746550355148238,-0.04320356602701425,0.008189230499494826,0.013480577223114132,-0.02365964017870148,-0.019625272643187586,0.25766809776118316,101.5445,99.70217,1.37,6.8165998458862305
2010-04-28,0.009416932586582938,-0.005512285740369549,0.008229877275134356,0.019918828555215207,0.00118851548432386,-0.04797671709119489,0.002795792609957104,0.014920095587825699,0.006441958378180956,-0.01216379782930499,0.2133789697029922,101.5445,99.70217,1.4,6.815000057220459
2010-04-29,0.023161519430985322,0.01741029661940452,-0.002478972354069242,0.022591495923531824,-0.010147873514816608,-0.04430176657919471,-0.0046234084032823475,0.00525770369303924,0.012860180281289324,-0.0015649381911053695,0.21217102947486427,101.5445,99.70217,1.31,6.815800189971924
2010-04-30,0.011440743031656986,0.01202792282531373,0.00996384753469215,0.023145213339047288,0.001199276689348494,-0.050821210639391934,-0.0015865903278085014,0.006371842028360497,-0.01678781013986619,-0.02545101601419031,0.2126819479709627,101.5445,99.70217,1.29,6.815999984741211
2010-05-03,0.00046420929934853916,0.02335930498104588,0.0022007590281978295,0.024999120357962035,-0.017836027144801037,-0.07306161203742767,0.004873823440532554,0.009648847818893636,0.013035257453261728,-0.00811005420583566,0.21432398831332836,101.5445,99.70217,1.32,6.815000057220459
2010-05-04,-0.040851054770500994,0.003632349578072791,-0.011993488743152092,0.005922022740803001,-0.03539096052558777,-0.06098706901153306,0.012442105431566652,0.013901722750965462,-0.024127199957417744,-0.008577613984551924,0.22982668020783278,101.5445,99.70217,1.31,6.816299915313721
2010-05-05,-0.03405155560635986,-0.03983613861487001,0.005121213074799513,0.0028133585404681583,-0.00840940667271095,-0.07058499116856787,0.009320162537680865,0.020426092678689223,-0.006608341800780515,-0.021627914163513395,0.22980787515043682,101.5445,99.70217,1.3,6.8171000480651855
2010-05-06,-0.036418597848106415,-0.09941625589396175,0.018807257973652902,0.024099588868190303,-0.011055186731841804,-0.07149230438559306,0.009587545213740611,0.03463704629571218,-0.03288844064396379,-0.06737653508876651,0.23019621141041022,101.5445,99.70217,1.25,6.816800117492676
2010-05-07,-0.026279267936182293,-0.13713626686180103,0.010885458313715901,0.025021199647214054,0.008821984520333892,-0.06386959655460767,-0.005196686443016851,0.03102695018050383,-0.015426646180906722,-0.06601537112980704,0.23633258968914952,101.5445,99.70217,1.3,6.815700054168701
2010-05-10,0.02225096606603305,-0.11534951009511651,-0.007965504686302083,0.014854935932714142,0.02647487524636305,-0.01955869416344358,-0.0034398146138929775,0.0227133121260783,0.043034704145615166,-0.036015924437453606,0.2615176808903168,101.5445,99.70217,1.33,6.8165998458862305
2010-05-11,-0.0056146950256152905,-0.08011315035023081,0.016114053263374117,0.04296247793924035,-0.00655327940831496,0.009278986953829227,0.0036766636876706116,0.01394787038218226,-0.0034030759184666692,-0.01529180039850253,0.2614831913674756,101.5445,99.70217,1.31,6.817699909210205
2010-05-12,-0.009472524459832599,-0.05553411920370355,0.018517484352124747,0.056358749216565585,-0.005651470965294836,0.012036922661245342,0.004252819213906633,0.008880527058408028,0.013645992401825069,0.004962533804103053,0.25555564224725374,101.5445,99.70217,1.28,6.817599773406982
2010-05-13,-0.01666149805643702,-0.03577701941203415,-0.011248269390146781,0.0263032218527659,0.013603507519910352,0.0366956169129975,0.004469511690866845,0.0037624935355342615,-0.012219499889225105,0.025631474558841738,0.2628394535389111,101.5445,99.70217,1.28,6.817599773406982
2010-05-14,-0.03822122480604939,-0.04771897628190125,-0.0011399922839627763,0.014277771255087224,-0.030432039764373142,-0.002558407371709537,0.01039060661601443,0.019349786594565543,-0.018978981387950178,0.022079139351798283,0.27642570609253764,101.5445,99.70217,1.26,6.8165998458862305
2010-05-17,-0.021597264785921944,-0.09156720713385624,0.0002443295688872027,0.02248760551027651,-0.06618352896636326,-0.09521681158443585,0.0012767758905845028,0.024066377099043024,0.0011087536210085958,-0.019846811172808287,0.34082660509457724,101.5445,99.70217,1.31,6.817699909210205
2010-05-18,-0.009606470644164311,-0.09555898275240526,-0.010974641144064101,-0.004601088897161709,0.03347379671961237,-0.055189735456508515,0.010959382490259628,0.03134909590163204,-0.014297631784997655,-0.030741367039339274,0.37086299721541227,101.5445,99.70217,1.25,6.816999912261963
2010-05-19,0.00660540976221391,-0.07948104853035876,-0.018032042052983144,-0.0411506153022696,-0.02427912961211076,-0.07381739410332444,-0.008873630786637499,0.01822264590108791,-0.005143468860016043,-0.049530828301180385,0.3728815438656897,101.5445,99.70217,1.32,6.817500114440918
2010-05-20,-0.026981627276167153,-0.08980117775008889,-0.0040328795279185314,-0.03393522544004135,-0.004927421831472101,-0.0923483234547069,-0.009537170442144749,0.004215963768076314,-0.039755795837765895,-0.07706712424972118,0.36952535454282914,101.5445,99.70217,1.36,6.81790018081665
2010-05-21,0.029411735891061497,-0.022168217052978,-0.010239224347209586,-0.04303445750328816,0.03875553519545494,-0.023160748494878813,-0.0023399676686777227,-0.00851461051661584,0.014912632585704522,-0.043175510276066476,0.4038530778473853,101.5445,99.70217,1.33,6.816299915313721
2010-05-24,0.0024242175001711885,0.0018532652331151311,0.01527786429339173,-0.028000922778783632,0.027474190971927825,0.07049697144341227,0.009791386407200342,0.0,-0.012992046323687667,-0.05727631022076274,0.41805379622058114,101.5445,99.70217,1.35,6.816299915313721
2010-05-25,-0.021014001442633656,-0.009554265565354214,0.003345043959224192,-0.013681237675495339,-0.03339043691291432,0.003632737810885578,0.006589996701464429,-0.004369385788795199,0.0003538747646523177,-0.042624803671112765,0.42730952634205577,101.5445,99.70217,1.33,6.821300029754639
2010-05-26,0.03936059338679421,0.023200918059226083,0.012857378706691236,0.01720818308417904,0.01244900817558059,0.04036087559857693,0.0039103438475649455,0.008414588845407245,-0.005677078693651083,-0.043158413504747806,0.40600735070100386,101.5445,99.70217,1.3,6.817999839782715
2010-05-27,0.041632752212989566,0.0918152975483828,-0.001154564182172635,0.020086498429924937,0.02571246362021573,0.07100076105026476,-0.010848374422292473,0.007103384865259521,0.032347311768676335,0.028944694101694424,0.4188868179876266,101.5445,99.70217,1.33,6.820499897003174
2010-05-28,-0.007810460044010092,0.05459310161331121,0.0002474541168790978,0.03057317689401362,-0.01744466231148256,0.014800563543327261,0.003475076419572787,0.01291842895351003,-0.012451892345405113,0.0015801691705847887,0.42117763696457855,101.5445,99.70217,1.32,6.820300102233887
2010-06-01,-0.018970195089441866,0.03319868902369816,0.010340754973077182,0.025636067573699073,-0.013981689102708916,-0.02665531653130948,0.0018483834996407822,0.004975426045950471,-0.01731435332459874,-0.0027421378303262856,0.4223230587378658,100.8232,99.60435,1.32,6.81879997253418
2010-06-02,0.0038503729444512302,0.058063063410783045,-0.003435084100971153,0.018855939513503728,-0.00722968515170197,-0.0004945647700971278,0.00172982255686982,0.00011525190135586172,0.025514428108341924,0.02241841551336332,0.41960614647037864,100.8232,99.60435,1.36,6.821300029754639
2010-06-03,0.023734754706518757,0.042437224730507594,-0.010128067664846085,-0.004129506858033594,-0.03132326676342112,-0.04426683970909884,0.004024595480113469,0.00022950353390438494,0.004043191983442718,0.03213868619045712,0.41595868122627677,100.8232,99.60435,1.34,6.820000171661377
2010-06-04,-0.042437224730507594,-0.041632752212989566,0.006516750094045065,0.0035418074181841064,-0.04382545487463951,-0.11380475820395408,0.012431065596510749,0.023508943552707606,-0.035017442089830375,-0.03522606766804959,0.4386677879885816,100.8232,99.60435,1.26,6.818699836730957
2010-06-07,-0.000979359191012108,-0.03480165135999158,0.018815539932685255,0.022109893233990263,-0.01920544948186853,-0.11556554537434005,0.0019249076231275808,0.0219587747562624,-0.013624466165715887,-0.03639864148836036,0.44093772377371937,100.8232,99.60435,1.25,6.8206000328063965
2010-06-08,0.00766922006475923,-0.008162236205790485,0.0037852508285354247,0.015554389089448506,0.004881135952767401,-0.09670272031886373,-0.00011315273702461326,0.019997238519597005,0.010916267643518829,-0.008168020520242791,0.4395223627701541,100.8232,99.60435,1.29,6.819499969482422
2010-06-09,0.03265986076334926,0.020647251613107542,-0.01253808133789125,0.00645139185252841,0.02493448257595232,-0.06453855259120944,-0.005559012117255513,0.012708403845471672,-0.005959396741888057,-0.03964184537047277,0.43812772396603494,100.8232,99.60435,1.28,6.819200038909912
2010-06-10,0.01468071340425503,0.011593210310843816,-0.006287491434215475,0.01029196808315902,0.004563016533785991,-0.02865226929400233,-0.008339608032466472,0.0003442003328917309,0.029079845666177384,-0.014605191687738106,0.4395971685089393,100.8232,99.60435,1.35,6.8190999031066895
2010-06-11,-0.022780089351473798,0.03125034568987761,0.0066130586301316185,0.010388276619245573,0.015291318385270758,0.03046450396590794,0.003892882941087805,-0.008193982322531213,0.004370115742617031,0.0247823661447093,0.4453556521685247,100.8232,99.60435,1.29,6.822299957275391
2010-06-14,0.017999195839247584,0.050228900720137304,-0.0045673151891936214,-0.012994578502633303,0.03073511909569482,0.08040507254347129,-0.011493058073278384,-0.021611948018937177,-0.0018062939317564641,0.03660053837866872,0.4578306757743114,100.8232,99.60435,1.31,6.823299884796143
2010-06-15,0.0239390575928482,0.06649873824822627,0.008060212449386484,-0.008719616881782244,0.0041719034374652075,0.0796958400281691,-0.0061452887744071205,-0.027644084056319684,0.023222450598500366,0.04890672133365026,0.44778528351524444,100.8232,99.60435,1.32,6.823299884796143
2010-06-16,0.00944312980130757,0.04328200728618459,-0.0031674360237801125,0.0006510284323288928,-0.0028350220474238075,0.05192633540479297,0.0011623675736940342,-0.020922704365370137,-0.000556089354095235,0.05431002872144308,0.38210608836907595,100.8232,99.60435,1.28,6.823299884796143
2010-06-17,-0.01139462359182275,0.017206670290106807,0.014696607232111525,0.021635127098655893,-0.03103786696357025,0.016325451907436728,-0.004540956512848027,-0.01712405284575169,0.0012821858123892582,0.026512368867654956,0.37866329182403385,100.8232,99.60435,1.22,6.819300174713135
2010-06-18,0.0050659247986182265,0.04505268444019883,0.007745438458949039,0.022767506927473313,-0.0074349343512540855,-0.006400800829088116,0.00011662882178509193,-0.020900306965054405,0.0013162641384552032,0.02345851726349313,0.3705450414098661,100.8232,99.60435,1.25,6.818600177764893
2010-06-21,0.008258103571296083,0.03531159217224733,-0.014017611627571647,0.013317210489095288,0.01993187977763089,-0.017204040147152044,0.002680224882620763,-0.006727024009155258,-0.003864297943398931,0.02140051325185066,0.37727798319762273,100.8232,99.60435,1.24,6.787099838256836
2010-06-22,-0.007869493171750008,0.003503041407649121,0.0001613754190925576,0.005418373458801362,0.017371238128249145,-0.004004705456368107,0.0020925409195404754,0.001510805684792338,-0.016201225086989623,-0.018023162433639328,0.3563312547210211,100.8232,99.60435,1.2,6.802000045776367
2010-06-23,-0.011200958783772919,-0.017141047177431368,-0.004688811199894616,0.0038969982826868588,-0.01907390365177042,-0.02024358706071472,-0.004306119541502618,-0.003957681430404314,-0.0029899392610692743,-0.020457012340613367,0.34585718221443845,100.8232,99.60435,1.19,6.8003997802734375
2010-06-24,0.0020934674853672064,-0.0036529561002414113,0.009195116025986216,-0.0016044929234384497,0.0232451110663503,0.03403939096920583,-0.00011657440690626686,0.0004667006755374459,-0.01694628320495095,-0.03868548135795358,0.33909989255948275,100.8232,99.60435,1.23,6.790999889373779
2010-06-25,0.030252657024473883,0.021533776125614246,0.008235802859860364,-0.0011141285225271247,0.02952967674846252,0.07100400206892243,-0.0049112095451615545,-0.0045611376914092006,0.0028552819315450506,-0.03714646356486373,0.3522148712350768,100.8232,99.60435,1.21,6.782199859619141
2010-06-28,-0.007765306768902747,0.0055103657854154164,-0.01411418591172886,-0.0012107028066843384,-0.007952616214288222,0.04311950607700332,0.0039775902828624865,-0.003263772291167477,-0.002036009610653977,-0.035318175232118776,0.340769326800189,100.8232,99.60435,1.17,6.78410005569458
2010-06-29,-0.02996524246746013,-0.016585383510294704,0.0030643108430572497,0.0016922326172803537,-0.05114755035610097,-0.02539928240734679,0.004426815858573185,-0.0009294973521347671,-0.031508230342208954,-0.050625180487338106,0.37880192969414067,100.8232,99.60435,1.14,6.789000034332275
2010-06-30,-0.004090593400904119,-0.009475018127425905,0.002814072208811247,0.009195116025986216,0.007006841615965431,0.0006814628603890593,-0.00011627011343051663,0.003260352075937334,-0.010164453973334986,-0.05779969519960382,0.37802528414053027,100.8232,99.60435,1.15,6.771999835968018
2010-07-01,-0.03607876041665925,-0.04764724602945236,-0.031979191653301875,-0.031979191653301875,-0.024479794286447865,-0.047043442492409104,-0.01522807262872572,-0.011851146145882119,-0.0032457133092442803,-0.044099125303897146,0.3857473345859769,100.5524,99.54107,1.21,6.770999908447266
2010-07-02,-0.011165566120500792,-0.08906546917442704,0.0009114435337522764,-0.03930355097940996,0.013520758573551728,-0.0630523606673199,-0.0034289234058775264,-0.01036886000659809,-0.0046732717543021,-0.0516276789897443,0.37494546050443683,100.5524,99.54107,1.27,6.761600017547607
2010-07-06,-0.0022203177268229624,-0.08352048013234725,-0.010490459373536432,-0.035679824441217534,0.019100169154498747,-0.035999575298532926,-0.004154043949725406,-0.018500494239185983,0.005344725887457713,-0.04424694349163261,0.34568243709178414,100.5524,99.54107,1.26,6.770500183105469
2010-07-07,0.028622238617182383,-0.02493299904770474,0.0031753404461198897,-0.035568794838154894,0.015254688293015572,0.030402663350583614,-0.003097109490146188,-0.026024419587905356,0.030850023008263783,0.01811130985884013,0.3390496983035878,100.5524,99.54107,1.3,6.76800012588501
2010-07-08,0.018327082782328752,-0.0025153228644718695,-0.0023387303754462963,-0.04072159742241244,0.0004989243410713495,0.023894746075689532,0.0,-0.02590814947447484,0.009368654951658506,0.03764441878383362,0.33925819621481024,100.5524,99.54107,1.25,6.765600204467773
2010-07-09,0.008579131372347781,0.04214256892453516,0.01147424796186236,0.002731842192751799,0.012393827171851113,0.06076836753398851,0.0015497083153821478,-0.009130368530366972,0.007178063766628995,0.0480681958597069,0.33215251783258093,100.5524,99.54107,1.26,6.763800144195557
2010-07-12,-0.015095618228417429,0.038212516816618525,-0.009218931367246164,-0.007398532708246641,-0.014891100836498694,0.03235650812393809,0.002973537832665407,-0.002727907291824039,0.0007326336059527705,0.05347410121996177,0.337983064833319,100.5524,99.54107,1.26,6.76170015335083
2010-07-13,0.02893041475589264,0.06936324929933413,0.01227318542745337,0.01536511209274316,0.0033283406856523534,0.016584679655091694,-0.006673017741057663,-0.005246881083156296,0.015261822735573638,0.06339119806807769,0.3347332561112127,100.5524,99.54107,1.28,6.76230001449585
2010-07-14,-0.0014268192135880042,0.03931419146856374,-0.005371691556161018,0.006818080090462253,-0.002828418572020208,-0.0014984272099440865,-0.0025139066912194252,-0.004663678284229533,-0.00015514366479330022,0.03238603139502061,0.317912566878257,100.5524,99.54107,1.23,6.7631001472473145
2010-07-15,-0.005466604254356966,0.015520504431878024,0.001076588571142345,0.010233399037050894,0.0013320637641391908,-0.0006652877868762452,-0.010482688409894081,-0.015146366694123614,0.0011953885564128797,0.024212764999774983,0.31761475486563995,100.5524,99.54107,1.21,6.765500068664551
2010-07-16,-0.007993236436758977,-0.0010518633772287345,-0.016777636394283313,-0.01801848531909478,-0.027496056559655813,-0.04055517151838317,-0.0008482241861571538,-0.017544299195662916,-0.029242909700749387,-0.012208208467603399,0.331607614700354,100.5524,99.54107,1.25,6.764599800109863
2010-07-19,0.006948553276433955,0.02099230812762265,-0.0053171825978592935,-0.014116736549707909,0.0030737130094422582,-0.02259035767244222,0.000242476031018235,-0.020275360997310088,0.005964069587908405,-0.006976772485647764,0.3134034046860124,100.5524,99.54107,1.29,6.769000053405762
2010-07-20,0.011689982535765253,0.0037518759074952612,0.008258979214065931,-0.018130942763095348,0.02192332630968119,-0.0039953720484133814,0.0029044902503558845,-0.01069785300589654,0.011351874168992637,-0.010886721052228765,0.3204711307731053,100.5524,99.54107,1.28,6.768499851226807
2010-07-21,-0.0114287592388429,-0.006250064117759635,8.39038118582991e-05,-0.012675347395076031,0.029421122089455132,0.02825416861306196,0.0077043765224802385,-0.0004795697921968767,-0.012902699582285848,-0.023634276969721313,0.3287813648837222,100.5524,99.54107,1.19,6.768499851226807
2010-07-22,0.03516345186860459,0.03437999200520192,0.0032675865477242994,-0.010484349418494077,0.023530547701515303,0.05045265255043807,-0.009518728725830705,0.00048438989186649906,0.022263687822425382,-0.0025659777037088105,0.33299484967118476,100.5524,99.54107,1.21,6.768099784851074
2010-07-23,-0.004043468762414015,0.03832975967954688,-0.006545885229683357,-0.0002525982538941207,0.007722012437410886,0.08567072154750477,-0.0016963458777521367,-0.0003637317997284839,0.008186420184344456,0.03486335218138503,0.32379652548660304,100.5524,99.54107,1.24,6.769499778747559
2010-07-26,0.0,0.03138120640311293,-0.003965037690309536,0.0010995466536556364,0.012480649617919504,0.09507765815598201,-0.004497154426802652,-0.005103362257549371,0.011137908716730038,0.040037191310206666,0.3177883419267976,100.5524,99.54107,1.24,6.769599914550781
2010-07-27,-0.018916762002791465,0.0007744618645562085,-0.021359205845446816,-0.02851863840585711,-0.006220854108468732,0.06693347773783209,0.0010958054195011613,-0.006912047088404094,-0.0010499083075199422,0.027635408833694086,0.3046024894960541,100.5524,99.54107,1.26,6.767600059509277
2010-07-28,-0.006602420816199661,0.005600800287199448,0.002070415153659688,-0.02653212706405572,0.010861266179707174,0.048373621828084135,0.0,-0.014616423610884333,-0.006946032638279753,0.03359207577770018,0.3040670056442051,100.5524,99.54107,1.22,6.7683000564575195
2010-07-29,0.01763808532230904,-0.011924566259096103,0.006870518122280345,-0.022929195489499676,0.013945529702025228,0.03878860382859406,-0.006592636703257604,-0.011690331588311231,-0.004167292220516927,0.007161095734757872,0.23484958809913603,100.5524,99.54107,1.21,6.767000198364258
2010-07-30,0.007501101181929037,-0.0003799963147530505,0.011318725915851147,-0.005064584343965173,0.006522547902751974,0.03758913929393515,-0.0012256218464496982,-0.011219607557008793,6.34971961988029e-05,-0.0009618272533877814,0.23482134758774512,100.5524,99.54107,1.14,6.765200138092041
2010-08-02,0.029823153409493486,0.029443157094740435,0.0014376335483019531,0.0003380868946463167,0.023312493194429962,0.048420982870445606,-0.007385539008180508,-0.014107992138386649,0.021783528781166517,0.009683792811048697,0.2150426067448969,100.5524,99.54107,1.13,6.7642998695373535
2010-08-03,0.014766351877901762,0.06312627097543366,0.0015198236281603883,0.02321711636825352,-0.008902127438146445,0.04573970954076789,-0.004209539029798037,-0.019413336587685848,-0.004807894641330357,0.005925806477238282,0.22164054904414154,100.5524,99.54107,1.07,6.763700008392334
2010-08-04,-0.000969601687686783,0.06875909010394654,0.0071461906949439324,0.028292891909537765,0.013470720912792888,0.048349164273853606,0.003591568903328124,-0.015821767684357724,0.0060328780600285015,0.018904717175546537,0.21856452086431488,100.5524,99.54107,1.12,6.763700008392334
2010-08-05,-0.0055933885503138825,0.04552761623132362,0.002927769997135954,0.024350143784393374,-0.014812876711164158,0.01959075786066422,-0.0008657436100758531,-0.010094874591175973,-0.001269329843214706,0.021802679552848758,0.22818036239347794,100.5524,99.54107,1.07,6.763000011444092
2010-08-06,-0.01610267963691392,0.021923835412480663,0.005165447880548513,0.01819686574909074,-0.003288539976660232,0.009779669981252015,-0.005085863771317811,-0.013955116516044086,-0.003710915566397688,0.018028266790252268,0.22953143087243136,100.5524,99.54107,1.04,6.761499881744385
2010-08-09,0.009619095098263308,0.0017197771012504859,-0.00224622470353264,0.014513007497256147,0.003288539976660232,-0.010244283236517715,0.0037238798898453496,-0.002845697618018228,0.005468087107406205,0.0017128251164919561,0.22799492156609324,100.5524,99.54107,1.04,6.758299827575684
2010-08-10,-0.015210870547958777,-0.028257445324610053,-0.0037548545791992183,0.00923832928989654,-0.0118593289095974,-0.01320148470796867,0.001114531303467281,0.0024783727152470902,-0.005985281603927639,0.000535438153894674,0.224957463148121,100.5524,99.54107,0.95,6.755499839782715
2010-08-11,-0.028181600958193442,-0.05546944459511671,0.0010862254939798532,0.0031783640889324616,-0.017826342403483908,-0.044498548024245466,0.018272601446913228,0.017159405258832194,-0.02858340599796172,-0.03408084590409555,0.23813860171104004,100.5524,99.54107,0.95,6.763000011444092
2010-08-12,-0.029658766783068558,-0.07953482282787139,0.014343444080896717,0.014594038172693224,0.009181386913516443,-0.020504284399564865,0.004244212682473325,0.022269361551381373,-0.005393266400071539,-0.03820478246095238,0.23762519349001027,100.5524,99.54107,1.05,6.763700008392334
2010-08-13,-0.004631762141174889,-0.06806390533213236,8.229459026232178e-05,0.009510884882407034,-0.00948894102026121,-0.026704685443165843,0.0037441624204079815,0.031099387743107165,-0.004031690712189118,-0.03852555760674381,0.24222277683894702,100.5524,99.54107,1.0,6.774799823760986
2010-08-16,-0.001991656087076521,-0.07967465651747219,0.007870808435993304,0.019627918021932977,0.007811959693068804,-0.02218126572675727,-0.005076131032553555,0.02229937682070826,0.00012045128871118749,-0.04387319342543883,0.21407108570723155,100.5524,99.54107,0.95,6.785999774932861
2010-08-17,0.0070194155984122375,-0.05744437037110117,0.0017134968958103514,0.025096269496942547,0.018293697717269408,0.007971760900109537,-0.003641609007058122,0.017543236510182858,0.012118489601347981,-0.025769422220163207,0.2184040585583682,100.5524,99.54107,1.01,6.794099807739258
2010-08-18,-0.004629924086918535,-0.033892693499826265,0.002524103183020543,0.026534147185983237,0.0034397346768550996,0.029237837980448544,-0.0001216434899893315,-0.0008510084267197016,0.0014816804859387744,0.004295664263737287,0.21085031794060805,100.5524,99.54107,1.02,6.782299995422363
2010-08-19,-0.013213377080114164,-0.01744730379687187,0.003328679879881058,0.015519382984967578,-0.00945026525737691,0.01060618580955519,0.00279341567564817,-0.0023018054335448568,-0.017080435856896337,-0.007391505193087511,0.19733770631047964,100.5524,99.54107,1.02,6.78000020980835
2010-08-20,-0.013118062543406417,-0.0259336041991034,-0.005363765526181119,0.010073322868524137,-0.00802008537392851,0.012075041455887892,0.007371196817151038,0.0013252289631981995,-0.003669753922920016,-0.007029568403818409,0.18682967889186408,100.5524,99.54107,1.05,6.78000020980835
2010-08-23,-0.004912682046708916,-0.028854630158735795,-0.0002444291286334277,0.0019580853038974055,0.00015197939426281337,0.004415061157081901,0.0007221710252256486,0.007123531020977403,-0.004048490794552606,-0.011198510487082203,0.18570798650115058,100.5524,99.54107,1.05,6.780799865722656
2010-08-24,-0.02031440359953507,-0.0561884493566831,0.003985871196475976,0.0042304596045630305,-0.015924404702127415,-0.029803041262314922,0.0003608441553080155,0.01112598418334354,-0.014618768361991386,-0.03793576845042157,0.190675143420145,100.5524,99.54107,1.01,6.789999961853027
2010-08-25,0.012348397314545956,-0.03921012795521861,0.006231518582649365,0.007937875004191852,-0.008836606623269017,-0.04207938256243904,0.0013220434343175214,0.012569671107650393,0.003283944691637508,-0.036133504244722836,0.19199806631294283,100.5524,99.54107,1.01,6.786900043487549
2010-08-26,0.011516496671273302,-0.014480254203831144,-0.0033132484513753724,0.0012959466729354219,0.029005352608564516,-0.003623764696497611,-0.003971385281140272,0.005804870150861952,-0.007714466580892143,-0.026767534968718643,0.21386710034000975,100.5524,99.54107,0.95,6.7895002365112305
2010-08-27,0.024373354562368554,0.023011162901943827,0.0004855349937660236,0.0071452471928825645,0.017543009467338777,0.021939330144769675,-0.00012061665763773988,-0.0016869433239268261,0.01645071040328272,-0.0066470706425159065,0.21696149411207194,100.5524,99.54107,1.05,6.790200233459473
2010-08-30,-0.006272139545275834,0.02165170540337691,0.0008895521162353148,0.008279228437751307,0.014460934728866004,0.036248285479372866,0.0028902415413254445,0.00048112719217296984,-0.014828611113085088,-0.01742719096104839,0.22115242627844325,100.5524,99.54107,0.99,6.788000106811523
2010-08-31,-0.03792568658149165,0.004040422421420331,0.009012753638830695,0.013306110880106026,-0.015353134317275252,0.03681955586422503,0.0004808041206603164,0.0006010871575252708,0.00039071808849211465,-0.0024177045105648887,0.21353588907147966,100.5524,99.54107,0.95,6.793300151824951
2010-09-01,0.027293821641259264,0.01898584674813364,-0.0016034637619029013,0.00547112853555376,0.03148362779541669,0.07713979028291074,-0.008206663624572563,-0.008927619901364814,0.029077736386750708,0.02337608718454831,0.23760183964266082,100.3802,99.61174,1.02,6.798799991607666
2010-09-02,0.014906513561538048,0.022375863638398386,0.004163630861030221,0.012948007847959353,0.005606287287936773,0.05374072496228299,-0.0007273313467388576,-0.0056835659669634,0.009039852986734154,0.04013040675217461,0.23418183515020022,100.3802,99.61174,1.05,6.800899982452393
2010-09-03,-0.005614213150984426,-0.007611704074954595,-0.0018395245504221336,0.010622948303771196,0.001575615386314011,0.03777333088125823,0.007731367323372318,0.002168418014046658,0.013132393793161334,0.03681209014205322,0.22681912416471675,100.3802,99.61174,1.1,6.796000003814697
2010-09-07,-0.006859965754859587,-0.008199530284538348,0.006463296113427219,0.0161966923009631,-0.008624452283536588,0.014687943868855635,-0.0033751090668285855,-0.004096932594107372,-0.011537491412767942,0.04010320984237037,0.2291252629055598,100.3802,99.61174,0.98,6.7769999504089355
2010-09-08,0.007797859524936612,0.03752401582188991,-0.0013530769111760321,0.005830861750956373,0.007765339689240092,0.03780641787537098,-0.0027810109508212832,-0.007358747665588972,0.006418059490902905,0.04613055124478116,0.23003048384160385,100.3802,99.61174,1.02,6.781099796295166
2010-09-09,-0.0056406028428419575,0.00458959133778869,-0.005350343106166555,0.0020839824066927193,-0.016464820700756277,-0.01014203062080199,0.0009681936338301611,0.0018161095928137527,0.004820652058996622,0.021873466917027073,0.23403238620119743,100.3802,99.61174,1.05,6.7866997718811035
2010-09-10,0.02919911477391235,0.01888219255016299,-0.0035293406098446667,-0.005608989064182168,-0.010687453001224645,-0.026435770909963408,0.00036280801247734473,0.002906248952029955,0.004851545040690297,0.017685158970983217,0.22773787022177439,100.3802,99.61174,1.02,6.772799968719482
2010-09-13,0.009633054133570518,0.034129459834717935,0.00048198554260547866,-0.003287478971154556,0.021694043058922974,-0.006317343237354445,-0.009598436891648632,-0.014423555262990995,0.011069126603144852,0.015621891780966735,0.23661299590999393,100.3802,99.61174,0.94,6.7606000900268555
2010-09-14,-0.005065266700236215,0.03592415888934131,0.019564785269065688,0.009814010184483912,-0.003462662676249728,-0.001155553630067585,-0.010184784069342534,-0.021233230265504943,-0.0007133739296074637,0.026446009264127213,0.23361433833837467,100.3802,99.61174,0.93,6.74970006942749
2010-09-15,-0.010208260487512,0.017918038876892695,-0.0023655586772370896,0.008801528418422855,-0.0004337201934476731,-0.00935461351275535,0.005043942950386793,-0.013408276364296867,0.003534883802268851,0.02356283357549316,0.23319916959925485,100.3802,99.61174,0.97,6.736000061035156
2010-09-16,-0.0192581419393143,0.004300499780420353,0.004096809710311788,0.0182486812349012,0.007203631618408313,0.01431383880640924,-0.003072576700614782,-0.01744904669874181,-0.0003644100558464203,0.018377771460650116,0.22684942823762058,100.3802,99.61174,1.0,6.729499816894531
2010-09-17,-0.012278316729919858,-0.037176931723411855,0.0029047723442321427,0.024682794188978008,0.008718681709085407,0.03371997351671929,0.001967581337055435,-0.01584427337416372,0.0008265141149328414,0.01435274053489266,0.22799636176314586,100.3802,99.61174,1.0,6.7144999504089355
2010-09-20,0.016159749896213604,-0.030650235960768768,0.0026618855822180265,0.026862694228590556,-0.004993212068941988,0.007032718388854331,-0.000737436297102434,-0.006983272779617522,0.015095287889557163,0.01837890182130497,0.22561655252662174,100.3802,99.61174,0.94,6.716899871826172
2010-09-21,-0.018062278242234164,-0.04364724750276672,-0.005173622516442933,0.0021242864430819353,-0.006168905769356359,0.0043264752957477,-0.011126260201733018,-0.007924748912008006,-0.002567313120714232,0.016524962630198203,0.2246183352802963,100.3802,99.61174,0.78,6.703800201416016
2010-09-22,0.016056507346005944,-0.017382479669248774,0.013892307190348063,0.018382152310667088,0.023888555474532946,0.02864875096372832,-0.007612198660468472,-0.02058089052286327,-0.00483717279445095,0.008152906033478402,0.2361353301717901,100.3802,99.61174,0.74,6.696700096130371
2010-09-23,0.006271302462005579,0.008146964732071105,0.0031728389211513885,0.017458181521506688,0.007419362463168433,0.02886448180848844,0.0022522569669440884,-0.0152560568553044,-0.00836624017784171,0.00015107591148311172,0.2252697902447808,100.3802,99.61174,0.77,6.693999767303467
2010-09-24,0.01727474321024136,0.037700024672232324,0.0013125517383203444,0.01586596091559489,0.007918379774656259,0.028064179874059292,-0.007779245512569588,-0.025002883704929424,0.020972915547808668,0.02029747734435894,0.21987874245802247,100.3802,99.61174,0.81,6.693999767303467
2010-09-27,0.0003921152964938557,0.021932390072512575,0.0005399399869343569,0.01374401532031122,-0.005550234671800602,0.027507157271200677,-0.00063003911998738,-0.02489548652781437,-0.005683553181934364,-0.0004813637271325888,0.2057056844087589,100.3802,99.61174,0.79,6.693999767303467
2010-09-28,-0.004453135645595019,0.03554153266915172,0.007605786822311167,0.02652342465906532,0.011207357499269488,0.044883420539826524,-0.004167915156907398,-0.01793714148298875,0.004838660735848599,0.006924610129430242,0.2015707145269144,100.3802,99.61174,0.69,6.682300090789795
2010-09-29,0.021813384964959326,0.0412984102881051,0.0014531182487349525,0.01408423571745221,0.006172446080955796,0.027167311146249373,-0.004058340199597055,-0.014383283022117332,-0.0025911128831443975,0.009170670040736795,0.19799637601383963,100.3802,99.61174,0.74,6.6809000968933105
2010-09-30,0.02673922958691133,0.06176633741301085,-0.0005350695069461509,0.01037632728935467,-0.0028757822293703494,0.01687216645371059,0.0003811546783829556,-0.016254385310678465,-0.003088486706455562,0.014448423512122943,0.1876471523572933,100.3802,99.61174,0.75,6.678400039672852
2010-10-01,0.019932576725997464,0.06442417092876696,0.006326425826713944,0.01539020137774827,0.010232749975556343,0.019186536654610675,-0.008035307472324504,-0.01651044727043338,0.0044067143598951475,-0.0021177776757905775,0.16076708691397132,100.4643,99.74316,0.75,6.68310022354126
2010-10-04,-0.0013492870282902913,0.06268276860398281,-0.0005319788625364197,0.014318282528277493,-0.007083539387080062,0.017653231939331215,0.0045994794997943345,-0.011280928650651667,-0.008067386519721609,-0.004501611013577822,0.16401663183288193,100.4643,99.74316,0.72,6.679999828338623
2010-10-05,0.01643470512659473,0.08357060937617256,0.017707579110320282,0.024420074816286608,0.016674980390342098,0.023120854830403825,-0.008962889219024106,-0.016075902712768375,0.020646722507163595,0.011306450757737174,0.17139746354816998,100.4643,99.74316,0.65,6.679999828338623
2010-10-06,0.004938325658605969,0.0666955500698192,0.005585982471688844,0.0285529390392405,0.007233775644640783,0.024182184394088813,-0.004640985663673547,-0.016658548176844867,-0.0006722304595951911,0.01322533318128638,0.16660729728455523,100.4643,99.74316,0.52,6.679999828338623
2010-10-07,-0.018921185141198116,0.021035135341709754,-0.009327381559674386,0.019760626986512264,-0.019543715076288715,0.007514251547170447,0.0,-0.017039702855227823,-0.0016478755817939117,0.014665944305948031,0.18420890342495755,100.4643,99.74316,0.53,6.68179988861084
2010-10-08,0.012049138436847073,0.013151697052559363,0.007692003761054167,0.021126204920852487,0.02500128457763373,0.022282786149247835,-0.0009049150024589281,-0.009909310385362247,0.006103613171283939,0.016362843117336823,0.18659751108053954,100.4643,99.74316,0.45,6.679999828338623
2010-10-12,-0.006590223077573398,-0.013982859482592147,-0.005631802700302835,0.0050658879251885836,0.0003967704039007369,0.016533656047790224,-0.0010336154599501768,-0.005028692024548143,0.0038114836641494065,0.007740817067231731,0.1684222534430655,100.4643,99.74316,0.49,6.658999919891357
2010-10-13,0.01627439325153901,-0.002646791889659106,0.017531422240192107,0.017011327693691847,0.008689980500396155,0.017989860903545596,-0.0037557632046150147,-0.00414346956548961,0.007095785561559431,0.015508833088386353,0.1668305705894976,100.4643,99.74316,0.44,6.6645002365112305
2010-10-14,-0.003862402942679033,0.012411990308859977,0.005243585898250913,0.031582295151617146,-0.0013117871705665696,0.03622178880926774,-0.00546447060526134,-0.00960794017075095,-0.003648032184402794,0.013508676485777471,0.16719473525572284,100.4643,99.74316,0.41,6.656000137329102
2010-10-15,-0.017567884049034532,-0.01720503217702163,-0.004075976044960683,0.019814315345602296,0.006672376119621681,0.01789288035125569,0.005075154148743266,-0.0036278710195487562,0.002025432873274724,0.009430496187768256,0.16710074345038292,100.4643,99.74316,0.5,6.643400192260742
2010-10-18,0.02227319983772169,0.010527083019973738,7.291367731543374e-05,0.013140143070494936,0.004163970114746007,0.01861130996809801,-0.0014288579358900932,-0.006607553056973359,0.007217634690706021,0.01650230460528679,0.1664222931300297,100.4643,99.74316,0.47,6.63100004196167
2010-10-19,-0.04417282033675107,-0.027055514239203937,-0.02668005612400659,-0.00790811035320882,-0.02511472204377796,-0.006900182479580685,0.016117942830538468,0.010544005233515286,-0.01600464402905466,-0.003313823087917278,0.1931276091461552,100.4643,99.74316,0.44,6.634200096130371
2010-10-20,0.02827918640970406,-0.015050721081038887,0.006123132308617052,-0.019316400284783874,0.008881865324177562,-0.006708297655799278,-0.013003107526344593,0.0012966609117857075,0.010469082613678182,5.9473964201472995e-05,0.19075127634820688,100.4643,99.74316,0.47,6.6346001625061035
2010-10-21,-0.014908169015654948,-0.026096487154014802,-0.013943327587893961,-0.03850331377092875,-0.0034373410949530836,-0.008833851580185792,0.0032343647566097644,0.009995496273656812,0.001772336952799769,0.005479843101404036,0.1781393162767986,100.4643,99.74316,0.5,6.640500068664551
2010-10-22,0.013929407135142569,0.005400804030162298,-0.00022643672330868725,-0.03465377444927675,0.004228903383426186,-0.011277324316381288,0.000645658902342916,0.005566001027256462,0.002386408784290417,0.005840819012419729,0.1774426019062292,100.4643,99.74316,0.5,6.638800144195557
2010-10-25,0.010109022282799529,-0.006763373524759864,0.010440643180368525,-0.02428604494622366,0.01699826984095565,0.001556975409828354,-0.004787519622541758,0.002207339340604797,0.0021446701468814666,0.0007678544685951749,0.18351249479740395,100.4643,99.74316,0.45,6.64900016784668
2010-10-26,0.00036355981192670583,0.037773006623917915,-0.00022422659934129285,0.002169784578441636,0.001813525853270992,0.028485223306877305,0.007880676661441655,-0.006029926828492016,1.6885142217759608e-05,0.016789383639867594,0.18089358257267493,100.4643,99.74316,0.52,6.648200035095215
2010-10-27,-0.007416905420962294,0.002076914793251561,-0.011878982718150688,-0.015832330448326104,-0.023570595355388635,-0.003967237372688892,0.005646138952669411,0.012619319650521987,-0.002694209639216183,0.003626091386973229,0.20109164315290268,100.4643,99.74316,0.62,6.651500225067139
2010-10-28,0.00292466525499524,0.01990974906390175,0.014938554242795554,0.013049551382363411,0.003042965921419283,0.0025130696436834743,-0.010806794639541373,-0.0014218397456291498,0.0011242172367564862,0.0029779716709299464,0.2005244543751011,100.4643,99.74316,0.57,6.669400215148926
2010-10-29,-0.009168207942020778,-0.0031878660132615977,0.011114518884629554,0.024390506990301652,-0.014101596427161134,-0.015817430166903845,-0.0005175432516582035,-0.0025850418996302693,-0.00043938381356856127,0.00015217907307096823,0.20736705541097547,100.4643,99.74316,0.5,6.676499843597412
2010-11-01,0.018494220619376556,0.005197332323315429,-0.005097358653301853,0.008852505156631274,0.012382813541026438,-0.020432886466833056,0.00038825657149033077,0.0025907342944018197,0.0009460857172536308,-0.0010464053565568676,0.20868839140828108,100.6097,99.92205,0.49,6.660699844360352
2010-11-02,0.011387651813913102,0.016221424325301825,0.004581455806499157,0.013658187562471724,0.014451073454715191,-0.007795338865388857,-0.0075315485864493326,-0.012821490953489167,0.007729336064693726,0.006666045565919099,0.21121945301967512,100.6097,99.92205,0.49,6.6828999519348145
2010-11-03,0.009371928101032267,0.03301025784729639,-0.014331077888990684,0.011206092391631728,-0.0141864723658085,0.0015887841241912781,-0.00313313385022429,-0.021600763756382868,0.003671306443685296,0.013031561648820578,0.21169567099185183,100.6097,99.92205,0.5,6.668600082397461
2010-11-04,0.02103121585818979,0.051116808450490936,0.03353500271930976,0.029802540868145933,0.03305013056319206,0.031595948765964055,-0.007876203765681211,-0.018670172882522706,0.01909930440966523,0.03100664882172932,0.23878661089255293,100.6097,99.92205,0.44,6.665200233459473
2010-11-05,0.0041536994987252385,0.06443871589123695,0.010503763950063139,0.029191785933579517,0.009553579859300276,0.055251125052425465,0.008791053099471036,-0.009361576531393467,0.0039150790536108815,0.035361111688908764,0.2266793782951083,100.6097,99.92205,0.48,6.652299880981445
2010-11-08,0.002415032963366315,0.04835952823522671,0.003928436042611949,0.03821758062949332,0.0021528784514983634,0.04502118996289739,0.006250778547866709,-0.0034990545550170893,-0.0021232098228605167,0.032291816148794616,0.21260519934751887,100.6097,99.92205,0.48,6.6458001136779785
2010-11-09,-0.003912956313640414,0.033058920107673195,0.004977610900923857,0.03861373572391802,0.021772663844544127,0.052342780352726326,0.005308533976983831,0.009341028008416075,-0.008084894540661303,0.016477585543439588,0.22307573839065048,100.6097,99.92205,0.58,6.671199798583984
2010-11-10,0.012490809800911329,0.03617780180755226,-0.007618729685156644,0.04532608392775206,-0.01836293019079971,0.04816632252773512,0.002450440542422605,0.01492460240106297,0.004366533579725385,0.017172812679479676,0.23515104312158053,100.6097,99.92205,0.56,6.633500099182129
2010-11-12,-0.03393689962130608,-0.022944013170668853,-0.027236613135163346,-0.023094394166327525,-0.03276082494677923,-0.014171965414982779,-0.0017914193775458997,0.01978980358595006,-0.011878766244753258,-0.021971486919406757,0.2666405806211742,100.6097,99.92205,0.71,6.614999771118164
2010-11-15,-0.00023561498068325193,-0.02559466111471842,0.0021947480800701413,-0.024828082128869333,0.00883321924720426,-0.007491624619276882,0.005619361099821418,0.01915838613790477,-0.0012181773094548376,-0.02106645440600108,0.2673256430223667,100.6097,99.92205,0.87,6.628200054168701
2010-11-16,-0.030145875100334507,-0.05182757990141251,-0.02224200365725526,-0.05204769668704845,-0.05205833875474175,-0.08132262721856276,0.00874921526229322,0.02259906742321416,-0.01633815741468858,-0.029319717280028357,0.3240899336205636,100.6097,99.92205,0.87,6.6331000328063965
2010-11-17,-0.023345376611197288,-0.08766376631352113,-0.0011214534802057585,-0.045550420482097564,0.0012076250625843166,-0.061752071965178734,-0.0016425204610834854,0.018506106419708068,0.0002121403759884899,-0.03347411048376525,0.31264140438490684,100.6097,99.92205,0.84,6.629499912261963
2010-11-18,0.017376689919662347,-0.07028707639385878,0.011971719847731599,-0.036433602344822624,0.02698933526516445,-0.04778898412656796,-0.00583386652825979,0.005100769995225463,0.015240583543647546,-0.013982377049260641,0.32540125008535437,100.6097,99.92205,0.83,6.633299827575684
2010-11-19,-0.004162546860196237,-0.04051272363274894,-0.000517595108599167,-0.009714584318258446,0.0006524583712155252,-0.0143757008085732,-0.001527530140252864,0.005364659232518498,0.0025371519119099517,0.00043354110740256857,0.32508202022574884,100.6097,99.92205,0.77,6.6234002113342285
2010-11-22,0.0028177136871079256,-0.03745939496495776,0.004059196095939299,-0.007850136302389288,-0.022025264543160672,-0.04523418459893813,0.0022903726111911382,0.0020356707438882182,-0.0015766088850606153,7.510953179679092e-05,0.33410780906160564,100.6097,99.92205,0.7,6.627999782562256
2010-11-23,-0.006012630791827789,-0.013326150656451041,0.01447820638468933,0.028870073739555302,-0.013019460720161025,-0.006195306564357406,0.012629619706805428,0.005916075188400427,-0.014387031590549881,0.0020262353559354906,0.33042587876212953,100.6097,99.92205,0.69,6.632299900054932
2010-11-24,0.03161792781099049,0.041637153765736734,-0.003344953340669754,0.026646573879091306,0.014618406262732586,0.007215474635790864,0.0023817302110931138,0.009940325860577026,0.014812715518616848,0.01662681049856385,0.33521104826870507,100.6097,99.92205,0.8,6.634300231933594
2010-11-26,-0.0011931569543719434,0.023067306891702444,-0.00775082507196867,0.006924028959391038,-0.0011990011899636333,-0.02097286181933722,0.006116200224496993,0.02189039261333381,-0.007496591424233756,-0.006110364469317453,0.32533857137678474,100.6097,99.92205,0.75,6.639500141143799
2010-11-29,0.023247269781244917,0.0504771235331436,0.0027122775163039847,0.01015390158429419,0.0018644218068186724,-0.01976089838373407,0.005955299692759652,0.029373222446346325,-0.001379810265237147,-0.010027326646464552,0.32521227175292855,100.6097,99.92205,0.73,6.6579999923706055
2010-11-30,-0.019077388616776325,0.028582021229259347,0.01381337849070352,0.01990808397905841,0.01714856915641505,0.01941293531584165,0.004443362349697999,0.031526212184853186,-0.006088715610164108,-0.014539433371568045,0.3265659123826814,100.6097,99.92205,0.74,6.6504998207092285
2010-12-01,0.03090494559603485,0.06549959761712199,0.0016593076617548164,0.007089185256123898,0.03166698999493889,0.06409938603094156,-0.006052737591545565,0.012843854886502193,0.021386622263129595,0.021234220482111432,0.34142044909559643,100.7758,100.1112,0.83,6.657100200653076
2010-12-02,0.014306395651238368,0.048188065457369866,0.000864580463660225,0.011298719060453877,0.007825333010682778,0.057306312778891755,-0.0050928130356906465,0.005369311639718433,0.012737100160620685,0.01915860512411527,0.3391558994957323,100.7758,100.1112,0.84,6.653200149536133
2010-12-03,0.013432138573002739,0.06281336098474455,0.0120979493828548,0.031147493515277347,0.00451578482624182,0.06302109879509721,-0.011523246202680859,-0.012270134787459419,0.002599854016351877,0.029255050564700902,0.33423527234057576,100.7758,100.1112,0.86,6.651299953460693
2010-12-06,0.002127959724826489,0.04169405092832612,0.007019580110277701,0.03545479610925106,0.0022503575641306117,0.06340703455240915,0.0023907207996405333,-0.015834713680578538,-0.0012990821033005417,0.029335778726637507,0.31542703350632856,100.7758,100.1112,0.79,6.653299808502197
2010-12-07,-0.00774974186026256,0.053021697684839886,-0.004958219364303851,0.016683198254243692,0.009940429810516571,0.05619889520651067,0.0036379757237137156,-0.01664010030656282,0.0005149475844579143,0.03593944192125953,0.31555934392130713,100.7758,100.1112,0.92,6.638000011444092
2010-12-08,-0.00463360335486751,0.017483148733937526,-0.01848988347919267,-0.003465992886703795,0.012410287619541993,0.036942192831113774,0.001751525396036513,-0.008835837318980744,0.003694925752615319,0.018247745410745253,0.3179442753572167,100.7758,100.1112,1.07,6.635700225830078
2010-12-09,0.0010190090494868187,0.004195762132185976,0.006919926460453141,0.002589353110089121,-0.0031800445722793835,0.025936815248151612,0.0008746135992989679,-0.0028684106839911294,0.0038353835670088543,0.009346028817133423,0.3097196629702841,100.7758,100.1112,1.09,6.651299953460693
2010-12-10,-0.006584967243669304,-0.015821343684486067,-0.005618748890463543,-0.015127345163229222,0.005741166556684663,0.027162196978594455,0.0,0.00865483551868973,0.0059837037443601915,0.012729878545141737,0.3023989105427369,100.7758,100.1112,1.16,6.644999980926514
2010-12-13,0.009297115580554127,-0.008652187828758429,0.009347206064547642,-0.012799719208959282,0.02275974301687622,0.047671582431340065,-0.009915373648812675,-0.003651258929763479,4.8319150458553395e-05,0.014077279798900832,0.3088280553230666,100.7758,100.1112,1.11,6.647299766540527
2010-12-14,-0.003731157386371642,-0.00463360335486751,0.004498509284143637,-0.0033429905605117938,0.00047609929147274244,0.038207251912296236,0.0011346230832041115,-0.006154611570273083,0.0009105416846804104,0.014472873899123329,0.28183230611028637,100.7758,100.1112,1.27,6.656400203704834
2010-12-15,0.0038440292032380086,0.0038440292032380086,-0.012979262012137838,0.002167630906543039,-0.01801196837761876,0.007784995915135484,0.011150893747576163,0.0032447567812665667,-0.005135617015335825,0.005642331131172185,0.29085343563211147,100.7758,100.1112,1.22,6.644999980926514
2010-12-16,-0.010435732183701418,-0.0076107120299502284,-0.010958399477841496,-0.015710695031751598,-0.003884980208854305,0.007080060278560563,-0.0009972804346531916,0.0013728627473144073,0.006166045704273593,0.007972993268436923,0.21522796939263392,100.7758,100.1112,1.15,6.644999980926514
2010-12-17,0.0036421586641974812,0.002616413877916557,0.005965787917044274,-0.004126158224243781,0.010286293982660233,0.011625187704536133,0.0023668953783513302,0.0037397581256657375,0.0008364544598933321,0.0028257439839700638,0.21566790944145017,100.7758,100.1112,1.05,6.656000137329102
2010-12-20,0.008935205535554047,0.002254503832916477,0.004992611560797222,-0.0084807527279942,0.011372633291893086,0.00023807797955299748,0.003229748234063301,0.016884880008541714,0.002545111460543481,0.005322536294054991,0.2020852814452549,100.7758,100.1112,1.07,6.645999908447266
2010-12-21,0.011308435481760526,0.017294096701048645,0.0019468234287538522,-0.011032438583383986,0.01652739073366183,0.016289369421742084,0.0011156365351290276,0.01686589346046663,0.006011993849786457,0.010423988459161038,0.205832645111369,100.7758,100.1112,1.06,6.66480016708374
2010-12-22,0.0073212046472974635,0.0207712721451081,-0.0010089387117142579,0.0009378847170395943,-0.00035133899492723053,0.03394999880443361,0.000123903821116933,0.0058389035340074,0.003373857625541987,0.01893346310003885,0.18210782148436935,100.7758,100.1112,1.03,6.648499965667725
2010-12-23,0.01131941036226447,0.04252641469107399,-0.004915470868822602,0.006980813326058488,-0.003990193898096184,0.03384478511519173,-0.00285311056463744,0.003983073404023152,-0.0016456817776040467,0.01112173561816121,0.1725492416384946,100.7758,100.1112,1.08,6.636000156402588
2010-12-27,-0.005588772754666849,0.03329548327220966,0.0017376375591764415,0.0027526629681906556,0.005394698309031831,0.028953189441563332,-0.0016161780256718217,0.0,0.0006125096248110751,0.010897790783078953,0.17009540663128214,100.7758,100.1112,1.06,6.637499809265137
2010-12-28,0.005370146825261379,0.02973042456191699,0.016358469933077657,0.01411852134047109,0.011396747731404755,0.028977303881075,-0.00012445885689604808,-0.003354207090959349,0.0007710265951414996,0.009123705917676972,0.1688116612568433,100.7758,100.1112,1.17,6.622399806976318
2010-12-29,-0.004052304060713219,0.014369685019443246,0.005606248668242664,0.017777946579959902,-0.0034750102534544247,0.008974902893958747,-0.006993004843608652,-0.011462848469697029,0.001008636510665184,0.004120348578555699,0.17175412902664666,100.7758,100.1112,1.06,6.616000175476074
2010-12-30,-0.014147079613781699,-0.007098599241635917,-0.0053216148079986425,0.013465270483675518,0.010963154664064945,0.020289396552950922,-0.003515022564982928,-0.01510177485579689,-0.0015093576964178013,-0.0007628667434040892,0.1682294333540456,100.7758,100.1112,1.08,6.612400054931641
2010-12-31,0.01699633641080034,-0.0014216731931000481,0.01096696191437374,0.02934770326687186,0.01887270799934715,0.043152298450394255,-0.006181008362546869,-0.01842967265370632,-0.00019080765268331135,0.0006920073815166461,0.1485299974129362,100.7758,100.1112,1.0,6.612400054931641
2011-01-03,0.001858698376431711,0.006025797937998512,0.0010549637197136974,0.028665029427409117,0.0026993794821881245,0.04045697962355055,0.0012645231405459256,-0.015548971487488572,0.011251294147760937,0.011330791904466508,0.14862867023548165,100.7758,100.1112,1.05,6.591599941253662
2011-01-04,-0.02398839167881217,-0.02333274056607504,-0.03149021467398416,-0.019183655179652703,-0.01996658959812425,0.009093642294021542,0.003910015558266089,-0.011514497072326435,-0.0013139246526350234,0.009245840656689985,0.1726512956631419,100.7758,100.1112,1.01,6.579999923706055
2011-01-05,0.010240581442670482,-0.009039855062691338,-0.0037065165009089185,-0.028496420348804286,0.008670928330692051,0.02123958087816802,0.010269340985524344,0.005747848756806562,0.0049946760743084795,0.01323188022033328,0.17316889754973805,100.7758,100.1112,1.08,6.5970001220703125
2011-01-06,-0.02149182559307672,-0.016384601041986357,-0.001457301310387571,-0.024632106851193214,-0.018458563149704066,-0.008182136935600992,0.0065818153686558745,0.015844686690445364,-0.002125214370637174,0.012616023546113908,0.18914860844445125,100.7758,100.1112,1.03,6.577499866485596
2011-01-07,-0.003968017019714054,-0.03734895447250075,-0.0021168841718210984,-0.03771595293738805,-0.011287734967210028,-0.03834257990215817,0.0027194233885561303,0.024745118441548364,-0.0018464857690823067,0.010960345429714913,0.1923255435204396,100.7758,100.1112,0.98,6.616499900817871
2011-01-10,0.01376376905383303,-0.02544388379509943,0.003792544305454726,-0.034978372351647025,-0.0042219192510324355,-0.04526387863537873,-0.0016060894588738606,0.021874505842128578,-0.001377275180819204,-0.0016682238988652287,0.19271439317170141,100.7758,100.1112,0.96,6.617499828338623
2011-01-11,0.0206261537650807,0.01917066164879344,0.007470063391425974,0.003981905713763112,0.019666733001885595,-0.005630556035368883,-0.00037097360333149254,0.017593516680530996,0.0037182062584069087,0.0033639070121767034,0.20195767958472202,100.7758,100.1112,0.97,6.625999927520752
2011-01-12,0.008198111117184936,0.017128191323307895,0.0012275346898995565,0.008915956904571587,0.014415013151742206,0.00011352878568127167,-0.010194018024268559,-0.002869842329261907,0.00896725379885055,0.0073364847367187735,0.19336901601220205,100.7758,100.1112,0.98,6.610000133514404
2011-01-13,-0.0050201903873929865,0.03359982652899163,0.0008656663981083668,0.011238924613067525,-0.007982673750011493,0.010589418185373844,-0.010551490073836156,-0.020003147771753937,-0.0017122112404592826,0.007749487866896665,0.1965368268143059,100.7758,100.1112,0.97,6.594200134277344
2011-01-14,0.0015305500722657683,0.03909839362097145,-0.019292266186344165,-0.005936457401455542,0.008323399366733097,0.03020055251931697,-0.00037889205556673744,-0.023101463215876805,0.007357410347301752,0.016953383983280723,0.18377901590901002,100.7758,100.1112,1.0,6.595699787139893
2011-01-18,-0.0017494391484706995,0.02358518541866772,0.00564410600155707,-0.004084895705353198,0.0034005624336528317,0.03782303420400224,-0.002529783466081348,-0.024025157223084292,0.0013754642661831795,0.019706123430283107,0.1820175815536016,100.7758,100.1112,0.99,6.5833001136779785
2011-01-19,-0.005706739029665009,-0.00274770737607799,0.0015337808521973528,-0.010021178244581819,-0.013328171905556241,0.004828129296560402,-0.004060915452828162,-0.027715099072580962,-0.01016716579338528,0.005820751378490918,0.18907256508333833,100.7758,100.1112,0.99,6.5746002197265625
2011-01-20,-0.02225776267230195,-0.03320358116556488,-0.017448045681379476,-0.02869675861586085,-0.022616290121060034,-0.03220317397624184,0.002286299817478188,-0.015234781230834216,-0.001295798403834425,-0.0044423008241940565,0.20458351004118389,100.7758,100.1112,1.22,6.572700023651123
2011-01-21,0.0028094640975959706,-0.02537392668057592,-0.004093028969974988,-0.033655453983944206,0.008759269194008379,-0.015461231032221967,-0.007769262987545211,-0.01245255414454327,0.0024106376042603017,-0.0003194519794744721,0.1986951801901723,100.7758,100.1112,1.2,6.576600074768066
2011-01-24,-0.014013087708959482,-0.04091756446180117,0.002606592427240706,-0.011756595370359335,0.009604798650501456,-0.014179831748453608,-0.002047818846030225,-0.014121480935006758,0.005819315234595557,-0.001857547092180667,0.20124332218079907,100.7758,100.1112,1.18,6.573599815368652
2011-01-25,-0.019304290779913913,-0.058472416093244384,-0.009115388093256627,-0.02651608946517303,-0.028621765114915432,-0.04620215929702187,-0.0006408593718845168,-0.012232556840809927,0.0002634277736186519,-0.0029695835847451946,0.22528644866753963,100.7758,100.1112,1.11,6.572400093078613
2011-01-26,0.013139877407544631,-0.039625799656034744,0.000525232563046707,-0.027524637754323678,0.009788412949461867,-0.023085574442003765,-0.0012828542252272257,-0.00945449561320899,0.004212024148480431,0.011409606357120516,0.2272092203333898,100.7758,100.1112,1.16,6.5725998878479
2011-01-27,-0.0195416107981794,-0.03690964778191219,-0.011013142505554185,-0.021089734578498387,0.01641191434020861,0.01594263001926488,-0.002184646035132687,-0.013925441465819866,0.0022417910607996916,0.014947195821754633,0.23105550436121813,100.7758,100.1112,1.16,6.572000026702881
2011-01-28,0.042296818338731335,0.0025777064592231724,0.01677293051448636,-0.00022377509403703755,0.00793429627021025,0.015117657095466752,0.0051327444254205545,-0.0010234340528540997,-0.018013805424183182,-0.005477247206688851,0.23222284826508624,100.7758,100.1112,1.09,6.571899890899658
2011-01-31,0.03140241635956631,0.047993210527748964,-0.005159781381155248,-0.007990148902432992,0.019396113876182675,0.02490897232114797,-0.005004172909742977,-0.003979788116566851,0.007633349932881117,-0.0036632125084032907,0.2387023023444667,100.7758,100.1112,1.08,6.572500228881836
2011-02-01,-0.015522893737153431,0.051774607570509446,0.00433899588867348,0.005464235079497115,0.019798165622729735,0.07332890305879314,-0.008655802114729383,-0.011994730859411717,0.016555791837834732,0.01262915155581279,0.23959418833886034,101.0825,100.3661,1.11,6.594799995422363
2011-02-02,0.0009910694930699293,0.039625799656034744,-0.006064917441172213,-0.0011259149247218048,-0.001322469233928425,0.062218020875402846,0.0011671396685883906,-0.009544736965596101,-0.0027262302593635823,0.0056908971479687764,0.23965377284725622,101.0825,100.3661,1.16,6.584799766540527
2011-02-03,-0.003528114929084225,0.05563929552512992,0.015500756332791354,0.025387983913623735,0.00022051550346469107,0.046026622038658926,0.007617315560574767,0.0002572246301113523,0.002351432290127242,0.005800538377296327,0.22742473787929843,101.0825,100.3661,1.23,6.548500061035156
2011-02-04,-0.016818374245231027,-0.0034758970588324445,-0.002962306732165132,0.0056527466669722415,0.007906971127356055,0.04599929689580473,0.0037229764270811927,-0.0011525433682280095,0.0028801110627521,0.02669445486423161,0.2271506676636913,101.0825,100.3661,1.3,6.548500061035156
2011-02-07,-0.017563143692143512,-0.05244145711054227,-0.0005193614389140677,0.010293166609213422,-0.0007659867222247208,0.025837196297397336,-0.00012817500177764174,0.0037234545397373253,0.006220782345953246,0.02528188727730374,0.21522476217967668,101.0825,100.3661,1.32,6.548500061035156
2011-02-08,-0.00619198054014003,-0.043110543913528865,0.011656383419734517,0.01761055414027446,0.00010940295436467906,0.006148433629032279,-0.00038452579505499074,0.011994730859411717,0.0041760203758389736,0.01290211581530798,0.2094749259905276,101.0825,100.3661,1.39,6.552599906921387
2011-02-09,-0.0026490468115811794,-0.046750660218179974,0.0010263356787421074,0.02470180726018878,-0.010674117978615172,-0.0032032151156544675,-0.004626076250085376,0.006201514940737951,-0.002789653077800658,0.012838692996870904,0.21350311163238203,101.0825,100.3661,1.34,6.54449987411499
2011-02-10,0.00023067657135644737,-0.0429918687177393,-0.0021271320127924653,0.00707391891460496,0.0038647208980413517,0.0004409902789221931,0.007826078980756712,0.0064102783609198966,0.000749212207498573,0.011236472914242235,0.20468098302342258,101.0825,100.3661,1.39,6.5802001953125
2011-02-11,-0.013348251017432311,-0.039521745489940585,-0.0014696159336340386,0.008566609713136053,-0.0013233442055131661,-0.008789325053947028,0.0026800996924292164,0.00536740162626792,0.005492261501887086,0.01384862335337722,0.19998074908345567,101.0825,100.3661,1.36,6.57450008392334
2011-02-14,-0.0090382007976606,-0.030996802595457673,0.0034501419225705376,0.012536113074620658,0.020101180368239602,0.012077842036517294,0.0019099964572717454,0.007405573085317307,0.0023820846440685273,0.010009925651492502,0.20696350359227553,101.0825,100.3661,1.34,6.579800128936768
2011-02-15,-0.005794350413040661,-0.030599172468358304,0.006573685319167133,0.007453414974053274,-0.019990896154765903,-0.008022457072613287,-0.0005089822663597587,0.007281116614012539,-0.0032401546915794555,0.0025937505840740727,0.22011580141410733,101.0825,100.3661,1.33,6.585299968719482
2011-02-16,0.007914496201659738,-0.020035629455117387,0.000800477148772849,0.007227556444084016,-0.014559808851844824,-0.01190814794584294,-0.004464558370213645,0.00744263449388427,0.006237938698851586,0.011621342360726317,0.22671637439514603,101.0825,100.3661,1.37,6.581399917602539
2011-02-17,0.015991035338678294,-0.00427527068779554,0.007247984439805677,0.016602672896682158,0.003129879328954477,-0.012642989514929814,-0.0028165582437988945,-0.0032000027306713363,0.0030709708803797753,0.013943101033607519,0.22116007300845528,101.0825,100.3661,1.31,6.57859992980957
2011-02-18,-0.0018544704477081453,0.007218509881928625,0.0025244343337211816,0.020596723164037378,-0.0003349064528792578,-0.011654551762295906,-0.0043684552304013025,-0.010248557653501855,0.0019228727220248487,0.010373712253745282,0.20357923516392373,101.0825,100.3661,1.25,6.573699951171875
2011-02-22,0.08203967375992693,0.09829638443951616,0.008821406968376522,0.025967988209843362,-0.030147319091811564,-0.06190305122234707,0.0014153380827695017,-0.010743216028004099,-0.0207422049204542,-0.012750577310777444,0.23093089531462102,101.0825,100.3661,1.12,6.559899806976318
2011-02-23,0.04727753499064491,0.15136826984320173,0.009168850829876618,0.028563153720552847,-0.016707669549502535,-0.058619824617083705,-0.0046396910173767125,-0.014873924779021053,-0.006130715010509213,-0.015641137629707202,0.23579840212703104,101.0825,100.3661,1.1,6.568999767303467
2011-02-24,-0.008393945347485499,0.1350598282940565,0.0013433907099464903,0.02910606728172649,0.012325731367199166,-0.031734284398039714,-0.004531711008459283,-0.01494107741726669,-0.000994871961243149,-0.022873948289801938,0.2167090883828279,101.0825,100.3661,1.05,6.565999984741211
2011-02-25,0.006148804844252176,0.12521759779963038,-0.00467429863555946,0.017183784206361352,0.02499415329275978,-0.00987001043423441,0.002850866592290835,-0.009273652581176961,0.010495248165325322,-0.015449671004856391,0.2302804096192367,101.0825,100.3661,1.02,6.564499855041504
2011-02-28,-0.009340545608846007,0.11773152263849251,0.0004259032401146001,0.01508525311275477,0.00942351455706314,-0.00011158942429201346,-0.005059353002309308,-0.009964550353084967,0.005545679951232785,-0.011826863775648455,0.22597206171432438,101.0825,100.3661,1.03,6.563000202178955
2011-03-01,0.027061631584026635,0.06275348046259221,0.015070638998910368,0.021334485143288617,0.0027874933751428355,0.032823223042662386,0.0020787802675181766,-0.009301108168336292,-0.015864861791058615,-0.006949520646252871,0.2248517793505582,101.188,100.3614,1.0,6.559500217437744
2011-03-02,0.025761913117047897,0.0412378585889952,0.004532941421429015,0.016698575734841015,-0.002340997497971564,0.04718989509419336,-0.004944127685104327,-0.009605544836063906,0.001613897889519933,0.000795092253776275,0.215267362698408,101.188,100.3614,1.01,6.560999870300293
2011-03-03,-0.003135102830649217,0.046496701105831484,-0.014860747011216091,0.0004944380136784332,-0.0011167202687079048,0.033747443458286286,-0.002481161052414471,-0.007554994880019095,0.017072434579239015,0.01886239879425844,0.20326704867954234,101.188,100.3614,1.09,6.562699794769287
2011-03-04,0.024331103671585197,0.0646789999331645,0.008578880672767575,0.013747617322005468,-0.0006705672662812301,0.008082722899245276,-0.001046596491392826,-0.011452457963702756,-0.00740538978936911,0.0009617608395640076,0.20325390131520665,101.188,100.3614,1.0,6.562399864196777
2011-03-07,0.00972088346172928,0.08374042900373979,0.004122581784772983,0.01744429586666385,-0.03620199860703277,-0.037542790264850634,0.001308024687777909,-0.005085080273615539,-0.008376215256269859,-0.012960134367938636,0.23754399870077306,101.188,100.3614,1.0,6.559000015258789
2011-03-08,-0.0039913176636519054,0.05268747975606125,-0.005033181664813924,-0.002659524797060442,0.0027783317409486585,-0.03755195189904481,0.003913939057565763,-0.0032499214835679524,0.008883161530176764,0.011787888953296743,0.2353974947383378,101.188,100.3614,1.01,6.546500205993652
2011-03-09,-0.006112716343035451,0.020812850295977903,0.0016805720309420735,-0.005511894187547384,-0.029446605715623964,-0.06465756011669721,-0.0010422334037265557,0.0006519727978098189,-0.0013626313929711031,0.008811359670805707,0.25284897054436556,101.188,100.3614,0.98,6.557300090789795
2011-03-10,-0.01622597268272319,0.007721980443903931,-0.012036110571015612,-0.002687257747346905,-0.0035782161142223767,-0.06711905596221168,0.00727272762208564,0.01040586147230993,-0.019051280476330312,-0.02731235538476362,0.2524161312435575,101.188,100.3614,0.91,6.55049991607666
2011-03-11,-0.015108629216322278,-0.031717752444003544,0.0065639145847367075,-0.004702223835377772,0.002506106386191087,-0.06394238230973937,-0.006491000434475147,0.004961457529227609,0.007055564524569569,-0.012851401070824942,0.2522699020405276,101.188,100.3614,0.96,6.563300132751465
2011-03-14,0.00029650386569635145,-0.04114213204003647,0.002178403315712174,-0.006646402304438581,-0.005138353906532389,-0.032878737609238984,-0.005616161994614899,-0.001962729153165199,-0.006067696956773894,-0.010542882771328976,0.2508604969633672,101.188,100.3614,0.93,6.565499782562256
2011-03-15,-0.040435029750548246,-0.07758584412693281,-0.022718569429602375,-0.024331790069227033,-0.01168900714646326,-0.0473460764966509,-0.00026194188028227927,-0.006138610091013241,-0.011263544394846114,-0.030689588696351855,0.2520461328893003,101.188,100.3614,0.93,6.560400009155273
2011-03-16,0.008198478353772742,-0.06327464943012462,0.0024385183451531844,-0.023573843755015922,0.014918418963053792,-0.002981051817973146,0.0045748523582629375,-0.0005215243290237481,-0.0196874819493722,-0.04901443925275295,0.24625273668947037,101.188,100.3614,0.85,6.562399864196777
2011-03-17,0.03450688184085049,-0.01254179490655094,0.005714301263438415,-0.0058234319205618945,0.0349678174696868,0.03556498176593603,-0.008381392497001094,-0.016175644448110482,0.01330926623187434,-0.0166538925445483,0.2751951392618139,101.188,100.3614,0.82,6.561600208282471
2011-03-18,-0.003456949245573604,-0.0008901149358022664,0.008440082947956284,-0.003947263557342318,-0.0015001484967696044,0.03155872688297534,-0.00421718719790487,-0.013901831211540205,0.0043009395825457375,-0.01940851748657213,0.2714377770240463,101.188,100.3614,0.85,6.567200183868408
2011-03-21,0.012389559925167326,0.011202941123668708,0.007248141823970045,0.001122474950915553,-0.0125510950432004,0.02414598574630733,-0.004235047211368581,-0.012520716428293888,0.014874667930182994,0.001533847400384758,0.2735110098053911,101.188,100.3614,0.9,6.5594000816345215
2011-03-22,0.016187996149083617,0.06782596702330057,0.0009111321724830646,0.024752176553000993,0.006527673203176709,0.0423626660959473,0.0003977826603227541,-0.011860991887688854,-0.003556885341038374,0.009240506454192499,0.27513679362909405,101.188,100.3614,0.95,6.554999828338623
2011-03-23,0.01668691878501516,0.07631440745454299,0.0072590702825001685,0.029572728490347977,0.02637157400647694,0.053815821139370446,0.004761291992374517,-0.011674552253577275,0.00290974225850249,0.03183773066206719,0.27165814408347494,101.188,100.3614,0.98,6.542500019073486
2011-03-24,-0.0014194611038371718,0.040388064509855326,-0.0021582321232278545,0.021700195103681708,-0.0010189442764823031,0.01782905939320134,-0.0017167022966599887,-0.005009862053236169,0.00929739343547542,0.02782585786566827,0.2642587117879647,101.188,100.3614,0.95,6.547999858856201
2011-03-25,-0.0018957062382591872,0.04194930751716974,-0.006082072066177169,0.007178040089548254,-0.0012467759370855536,0.01808243195288539,0.007374243854168405,0.006581568998837106,0.0031561510021891337,0.026681069285311665,0.26144663276633096,101.188,100.3614,1.02,6.55049991607666
2011-03-28,-0.013564045344305775,0.01599570224769664,-0.004427377627128415,-0.004497479361550205,-0.015545018949335576,0.015088508046750215,-0.001181542220641596,0.009635073989564091,-0.0027516184993912063,0.009054782855737464,0.2519029760236117,101.188,100.3614,1.01,6.550000190734863
2011-03-29,0.007759750983646008,0.007567457082259033,-0.0026800557424673244,-0.008088667276500594,-0.0006913534664598764,0.00786948137711363,0.0015750462469261706,0.010812337576167508,0.007035239607302124,0.019646907804077962,0.24903146420708253,101.188,100.3614,1.03,6.554500102996826
2011-03-30,-0.004974699616755451,-0.014094161319511578,0.005493392710337552,-0.00985434484866321,-0.01662159549785458,-0.03512368812721789,-0.0017063369773078207,0.00434470860648517,0.0066624626262346,0.023399628171810072,0.25383332755891547,101.188,100.3614,1.0,6.5528998374938965
2011-03-31,0.02322493699881001,0.010550236783135603,0.010549561772540628,0.002853449047105272,0.007938495294609993,-0.026166248556125593,-0.003421534203697618,0.002639876699447541,-0.0018311771049752679,0.012271057631359383,0.25637005560611714,101.188,100.3614,0.99,6.548600196838379
2011-04-01,0.011366946202989503,0.023812889224384293,-0.007534077373141379,0.0014014437401410618,-0.011343174705939818,-0.03626264732497986,-0.00039552744683390983,-0.005129894601554774,0.00495071294445637,0.01406561957362662,0.25838946682454184,101.2366,100.2536,0.94,6.5355000495910645
2011-04-04,0.0048981084972821165,0.042275043065972184,0.0028668171163461764,0.008695638483615653,-0.0011767745193314028,-0.021894402894975684,0.0010544594117734007,-0.0028938929691397774,0.0003451501808520163,0.017162388253869842,0.2583517432916432,101.2366,100.2536,0.91,6.5391998291015625
2011-04-05,-0.0011992518782122374,0.03331604020411394,0.013592510003809899,0.024968204229892876,0.0027044244510829873,-0.01849862497743282,-0.0003953674010315211,-0.004864306617097469,-0.0001800714575308504,0.009947077189036868,0.2276660658918695,101.2366,100.2536,0.94,6.53000020980835
2011-04-06,0.004512652105132631,0.04280339192600202,0.004055618099718217,0.02353042961927354,0.02447497244004837,0.02259794296047013,-0.004887982764393506,-0.008045952404183154,0.0021812967581533727,0.005465911320955641,0.24358568782317244,101.2366,100.2536,0.99,6.5304999351501465
2011-04-07,0.013416905394373124,0.03299536032156514,0.0005486927245001993,0.013529560571233112,0.010373373484134474,0.02503282114999461,0.0010588247510456839,-0.0035655934494398522,-0.001521162699225087,0.005775925726705822,0.21997609263173512,101.2366,100.2536,0.99,6.535799980163574
2011-04-08,0.022323736841671327,0.04395215096024696,0.01016416151081767,0.031227799455192162,0.019317754257524467,0.055693750113458895,-0.00690294333738084,-0.010073009339986783,-0.004012483000974676,-0.0031872702187252244,0.2264466302697751,101.2366,100.2536,0.95,6.53439998626709
2011-04-11,-0.02577487895294972,0.013279163510015124,-0.004080527901066944,0.024280454437779042,-0.009275384828522304,0.047595139804267994,-0.0001332463388834526,-0.011260715090643636,-0.0027972882914015784,-0.006329708690978819,0.23067646561087365,101.2366,100.2536,0.96,6.526400089263916
2011-04-12,-0.03395800401144644,-0.01947958862321908,-0.00993056803655712,0.000757376397412024,-0.017212459386094947,0.02767825596709006,-0.0028016707009976827,-0.013667018390609798,-0.0078070954457247765,-0.013956732679172745,0.2395639090170361,101.2366,100.2536,0.9,6.527500152587891
2011-04-13,0.008061541670373984,-0.015930699057977726,0.0013756106209505958,-0.001922631081355597,-0.020540815939809054,-0.017337532412767365,0.0017353655990044459,-0.007043670027211846,0.00019021749031011836,-0.015947811947016,0.24788193827705315,101.2366,100.2536,0.88,6.531700134277344
2011-04-14,0.009292883475432667,-0.020054720976918183,0.011480975490103518,0.009009651684247721,-0.002100800187248897,-0.029811706084150735,-0.004009133318850111,-0.01211162809710764,8.36730908613248e-05,-0.014342976156929588,0.243550588737712,101.2366,100.2536,0.89,6.52370023727417
2011-04-18,-0.023434976347874503,-0.025803084792820563,0.004701781747730394,0.016826442739940717,-0.013969688149233273,-0.06003538063892888,0.008913757693185254,0.005844895074167411,-0.011078997728578344,-0.014694473767563387,0.21565445689707,101.2366,100.2536,0.8,6.520400047302246
2011-04-19,0.009569439484828024,0.017724358703453902,0.0014731160665251153,0.02823012684302295,0.007364361240435269,-0.035458560012398666,-0.006244638966875549,0.002401926808289545,0.0057148102180946125,-0.0011725681037439983,0.21383929812948335,101.2366,100.2536,0.76,6.518899917602539
2011-04-20,0.03005686594159318,0.0397196829746731,0.002539461914122576,0.02939397813619493,0.026048371610973176,0.011130627538383564,-0.008835345641577952,-0.008168784432292853,0.01342443513234759,0.012061649538293473,0.23192535331126254,101.2366,100.2536,0.82,6.522299766540527
2011-04-21,0.007508786288114244,0.037935585787354675,0.0032649719783526265,0.02117797462444404,0.01408222850763452,0.02731365623326698,-0.0049875784423552005,-0.009147229555797942,0.005262908499656049,0.017240884947088198,0.21805344764149556,101.2366,100.2536,0.83,6.515200138092041
2011-04-25,-8.907811596081672e-05,0.02361103725070013,0.0035859156198050357,0.015565247326535747,-0.02230225705906097,0.011223016150748721,-0.00013517313859168212,-0.01128897849621513,-0.001593939550096124,0.011729216571423784,0.23110773950396407,101.2366,100.2536,0.79,6.484000205993652
2011-04-26,-0.0006236331040048171,0.046422380494569815,-0.0037189414832985435,0.00714452409550681,0.004060548158415944,0.029253252458397938,-0.0020293794661805364,-0.02223211565558092,0.008939507790192813,0.03174772209019494,0.231834459256612,101.2366,100.2536,0.76,6.484000205993652
2011-04-27,0.004889577673121259,0.04174251868286305,0.009073779110715385,0.01474518713969708,-0.02106083537683512,0.0008280558411275507,-0.004343108212109037,-0.020330584900814408,0.006230397799829035,0.03226330967192936,0.23693146043674093,101.2366,100.2536,0.81,6.517899990081787
2011-04-28,0.0008864327581923348,0.012572085499462204,0.009253616584985913,0.021459341810560417,0.003894498726227713,-0.021325817043617912,-0.005455467678730841,-0.016950706937967297,0.003549118471434909,0.022387993011016682,0.23759807129761348,101.2366,100.2536,0.78,6.501800060272217
2011-04-29,0.009436109439613816,0.014499408650961776,0.01632791928966082,0.03452228912186861,-0.018905436992791014,-0.054313482544043445,-0.002601883527913351,-0.014565012023525448,0.002298019742020152,0.019423104253380785,0.23961005094263693,101.2366,100.2536,0.75,6.500999927520752
2011-05-02,-0.0036052241081589997,0.010983262658763593,0.00044973893703392775,0.0313861124390975,0.004072770705468409,-0.027938454779514066,0.00027415195459479236,-0.014155686930338973,-0.0017542491090454249,0.019262794694431484,0.23813519744525263,101.2366,100.2536,0.75,6.481400012969971
2011-05-03,-0.021998425459119453,-0.010391529696351043,-0.010720831163208544,0.0243842227591875,0.013654088745303383,-0.018344914192626627,0.0026011712410189958,-0.009525136223139441,-0.0033850263710526463,0.006938260533186025,0.2406083951755407,101.2366,100.2536,0.73,6.492000102996826
2011-05-04,-0.016433300771254267,-0.03171440814072657,-0.016497887231928132,-0.001187443583456016,-0.028588678747942797,-0.025872757563734305,-0.0015051054593318014,-0.006687133470362205,-0.006878914252832047,-0.006171051519475057,0.26006372688352125,101.2366,100.2536,0.7,6.501999855041504
2011-05-05,-0.09037906315396338,-0.12297990405288228,-0.022699418750813827,-0.033140478919255756,-0.033311737221345394,-0.06307899351130741,0.015759104191991113,0.014527438400359749,-0.00911121718069463,-0.018831387171604597,0.28185592114428293,101.2366,100.2536,0.7,6.492499828338623
2011-05-06,-0.026603281778081467,-0.15901929527057757,0.006931104657723175,-0.0425372935511934,-0.005535320223197804,-0.0497088767417142,0.008723049364455449,0.02585237129272855,0.0038126429958769137,-0.017316763917747835,0.2633609790648113,101.2366,100.2536,0.71,6.484099864959717
2011-05-09,0.05378558215904761,-0.10162848900337096,0.007815458997540325,-0.035171573490687,0.010166429066517324,-0.04361521838066529,-0.001337056998193198,0.02424116233994056,0.004533870101931292,-0.011028644706771118,0.2632138779764746,101.2366,100.2536,0.69,6.482500076293945
2011-05-10,0.012885846077477225,-0.06674421746677428,0.009074379984260084,-0.015376362343218375,0.006348392539482717,-0.050920914586485955,-0.0017408408111974083,0.019899150287724154,0.008041616009663244,0.00039799767394477215,0.2519659436970229,101.2366,100.2536,0.74,6.493000030517578
2011-05-11,-0.05612832650705357,-0.10643924320257359,-0.010272814766928207,-0.00915128987821845,-0.03215307118403454,-0.0544853070225777,0.009603931480731909,0.031008187227787865,-0.01117368968788579,-0.0038967777611089716,0.26853983786677393,101.2366,100.2536,0.76,6.491499900817871
2011-05-12,0.007708752395128471,-0.008351427653481736,0.0036572837848378725,0.01720541265743325,0.014881050912010974,-0.006292518889221332,-0.0011955101041030147,0.014053572931693736,0.00488349367216756,0.01009793309175322,0.275034964536786,101.2366,100.2536,0.79,6.493000030517578
2011-05-13,0.0068472757285142904,0.02509912985311402,-0.008800024237279658,0.0014742837624304173,0.0036544437106980077,0.002897245044674479,0.006887501034550603,0.01221802460178889,-0.008100047045425107,-0.0018147569495488014,0.27028051021977706,101.2366,100.2536,0.79,6.498499870300293
2011-05-16,-0.023145878772838913,-0.0518323310787725,-0.0020108592813157244,-0.008352034516425633,0.0020105901413385308,-0.005258593880504314,-0.00383523460370494,0.009719846996277148,-0.00622371863809601,-0.012572345689576103,0.2709451324487121,101.2366,100.2536,0.81,6.486499786376953
2011-05-17,-0.004735432663122374,-0.0694536098193721,-0.00713758018037236,-0.024563994681058077,0.002006496039658634,-0.009600490380328397,-0.0009279472204264394,0.010532740587048117,-0.00036862852333019447,-0.02098259022256954,0.271373157736963,101.2366,100.2536,0.82,6.507699966430664
2011-05-18,0.032386920542404773,0.019061637230086248,0.010620471291147737,-0.003670708622982133,0.02682324849339901,0.049375829297105156,0.0009279472204264394,0.001856756326742648,0.008765271983703471,-0.00104362855098028,0.28699135812259413,101.2366,100.2536,0.82,6.495999813079834
2011-05-19,-0.016722420753817246,-0.005369535918859469,-0.002275939463858734,-0.00960393187167874,-0.012889209861934203,0.02160556852315998,-0.004648371008856955,-0.0015961045780112926,0.0021755725891674516,-0.003751549633980389,0.28805197244367725,101.2366,100.2536,0.91,6.505000114440918
2011-05-20,0.010609864805645408,-0.0016069468417283517,0.011063156926242712,0.01025924929184363,0.017634556339649388,0.03558568115211136,0.00411820644875327,-0.004365399163808625,-0.007717974612614142,-0.003369477201169424,0.2790445617055749,101.2366,100.2536,0.85,6.504000186920166
2011-05-23,-0.01815558731672695,0.00338334461438361,0.0042988061241029385,0.016568914697262294,-0.03181917197466633,0.0017559190361065014,0.008843166905315059,0.008313002345211373,-0.011997264840988286,-0.009143023404061701,0.28987178518041806,101.2366,100.2536,0.84,6.4842000007629395
2011-05-24,0.019160193358958466,0.02727897063646445,0.005199881615300939,0.028906376492935593,0.005623207629031457,0.005372630625479324,-0.00289513594624502,0.006345813619392793,-0.0008277226453321518,-0.009602117526063658,0.28451992803315973,101.2366,100.2536,0.79,6.504000186920166
2011-05-25,0.017222100949785712,0.01211415104384539,0.0022296713911060806,0.020515576592893936,0.022060276386762778,0.0006096585188430925,0.0006587583738912883,0.006076624772857642,0.003178113156669937,-0.015189276353097192,0.2969529290427846,101.2366,100.2536,0.8,6.497499942779541
2011-05-26,-0.010816243592397079,0.018020328205265557,-0.002492246798885489,0.02029926925786718,0.0012180870153641887,0.014716955396141485,-0.005017138131684362,0.005707857650030235,0.003945322767698656,-0.013419526174565988,0.2892890308920007,101.2366,100.2536,0.76,6.493000030517578
2011-05-27,0.0035852342108722013,0.01099569761049235,0.00882618234650856,0.01806229467813303,0.017498842477318588,0.014581241533810685,-0.007973545281273253,-0.0063838940799962884,0.004072615318766459,-0.001628936243185386,0.2961759334702118,101.2366,100.2536,0.79,6.489999771118164
2011-05-31,0.020759274479296153,0.04991055940651545,-0.0002604156023613413,0.013503072951668749,-0.001436619867302813,0.0449637936411742,-0.004144635469540248,-0.019371696454851595,0.010537014856367932,0.020905343454170833,0.2887656973298302,101.2366,100.2536,0.8,6.473800182342529
2011-06-01,-0.02374608899032893,0.007004277057228059,0.004223116367711555,0.012526307704079365,-0.017036573494511265,0.022304012517631477,0.000535774398151112,-0.015940786110455463,-0.02304822570064058,-0.0013151596011375943,0.29430418023108174,101.1244,99.78654,0.74,6.479000091552734
2011-06-02,0.0010962242267087419,-0.009121599665848912,-0.006765589384364112,0.0035310469286091717,-0.0054988926610477495,-0.00525515653017905,-0.004697659388638975,-0.021297203872985726,-0.001225586114047772,-0.0057188588718553035,0.28980287186099407,101.1244,99.78654,0.78,6.478000164031982
2011-06-03,-0.0017944407438124088,-9.979681726424161e-05,0.006311600694144381,0.012334894421639042,0.012057873905057859,0.00558463035951462,-0.0074269877479764546,-0.02370705348927782,-0.009781492665191571,-0.01944567430474553,0.27640272999278437,101.1244,99.78654,0.75,6.482800006866455
2011-06-06,-0.012146905001483965,-0.015831936029620408,0.0031086411304430683,0.006617353205573551,0.0016934730827060651,-0.010220739035097903,0.0023014722656009567,-0.013432035942403608,-0.010818516013721968,-0.03433680563723396,0.24823533986509813,101.1244,99.78654,0.76,6.469799995422363
2011-06-07,0.0008076144030715326,-0.03578359610584503,-0.002071300579561175,0.004806468228373717,0.0018111928995381277,-0.006972926268256963,-0.005831715501664725,-0.015119115974528086,-0.0009568650426681202,-0.04583068553627001,0.2468091813153055,101.1244,99.78654,0.76,6.469299793243408
2011-06-08,0.016514427998718162,0.004476920883202062,-0.0033751399606689603,-0.002791788100006798,-0.00957635311405558,0.00048729411219872176,0.005561271309621141,-0.010093619063058057,-0.004195664421607681,-0.026978124257237113,0.24817744969478725,101.1244,99.78654,0.76,6.480999946594238
2011-06-09,0.011743387062176147,0.015124083718669468,0.0025972354470180647,0.006571036731375379,-0.00036550642215726903,0.005620680351089202,0.0035106994120077673,-0.0018852602624113146,0.0073504093289917805,-0.01840212881419756,0.2475067359696662,101.1244,99.78654,0.8,6.474999904632568
2011-06-10,-0.026241435908051614,-0.009322911445569737,-0.00879284019464599,-0.008533404157414992,-0.012629643444973082,-0.01906683699894174,0.008054795335965537,0.013596522821530677,-0.0140784828818461,-0.02269911903085209,0.22268410367468924,101.1244,99.78654,0.79,6.47599983215332
2011-06-13,-0.02024584970986787,-0.01742185615395364,-0.008936828893796545,-0.020578874181654605,-0.005320176031925028,-0.02608048611357283,-0.003750825208861386,0.007544225347068334,0.0006685325595015001,-0.01121207045762862,0.21868743930548032,101.1244,99.78654,0.8,6.472300052642822
2011-06-14,0.021051264326847452,0.0028217937698222784,0.0057918081390964105,-0.01271576546299702,0.030181256967909187,0.0022895779547982276,-0.0024187098646928362,0.010957230984040223,0.012532913485107322,0.002277708070146822,0.24115028622588414,101.1244,99.78654,0.83,6.482999801635742
2011-06-15,-0.04697542170386981,-0.060668055932765697,0.0011805122007180202,-0.008160113301610039,-0.007854500146261989,0.004011430922591819,0.016941599630574622,0.022337559304993704,-0.01758556950725776,-0.011112197015503256,0.2436039818651861,101.1244,99.78654,0.74,6.469699859619141
2011-06-16,0.0014755419382579404,-0.0709359010566839,0.0024223869992088254,-0.008334961749419278,-0.0009710370944098212,0.0034059002503392666,0.0019821813875751104,0.020809041280561047,0.0017527979756826184,-0.016709808368812418,0.243763956504183,101.1244,99.78654,0.73,6.4721999168396
2011-06-17,-0.020643367895485376,-0.06533783304411767,0.00606274987462907,0.006520628319855781,-0.0035276879403807193,0.01250785575493163,-0.010083701563052827,0.0026705443815426833,0.0030403902917992554,0.00040906480483293706,0.22604407869088228,101.1244,99.78654,0.75,6.473999977111816
2011-06-20,0.00268427706422969,-0.04240770627002011,0.001883072169083455,0.01734052938273578,-0.006847753551872726,0.010980278234983931,0.00053327446167728,0.006954644052081349,0.005380689090158874,0.005121221335490311,0.22263291551705452,101.1244,99.78654,0.79,6.461999893188477
2011-06-21,0.0015000472854742597,-0.0619589233113933,0.0029149818211617884,0.014463703064801159,0.003552001179730979,-0.015648977553194277,-0.006552110954627821,0.002821242962146364,0.013334179061463836,0.005922486911846825,0.2140177415555598,101.1244,99.78654,0.78,6.478000164031982
2011-06-22,0.021292071574791294,0.0063085699672678075,0.0044532161493702205,0.01773640701345336,0.00012230629580778363,-0.007672171111124504,0.0032145468915665276,-0.01090580977686173,-0.006489459844407186,0.017018596574697398,0.18085944308615443,101.1244,99.78654,0.82,6.466000080108643
2011-06-23,-0.0471042074394008,-0.042271179410390936,-0.021348060207589725,-0.0060340401933451915,-0.012052848641877612,-0.018753982658592294,0.00891969154139538,-0.00396829962304146,-0.0028319928581943543,0.012433805740820425,0.18568718338179557,101.1244,99.78654,0.71,6.462900161743164
2011-06-24,0.0015370188425896103,-0.02009079267231595,-0.012977720208725785,-0.025074510276700046,0.014128839476047261,-0.0010974552421643136,0.002911611742097975,0.009027013682109342,-0.011795077176858015,-0.0024016617278368457,0.17576333502350033,101.1244,99.78654,0.64,6.4670000076293945
2011-06-27,-0.006051655579812021,-0.02882672531635766,-0.0030035063459994404,-0.02996108879178294,-0.011533853881415146,-0.005783555571706733,-0.0037071243808473042,0.004786614839584757,0.009142536655730282,0.0013601858377345621,0.18010996383326813,101.1244,99.78654,0.67,6.463900089263916
2011-06-28,0.02485140185873913,-0.005475370743092789,0.0024701759946168522,-0.030405894618327878,0.009946705638829156,0.0006111488873914439,-0.00438687094687662,0.006951854847335959,0.012861292735997232,0.0008872995122679583,0.17225110188727338,101.1244,99.78654,0.73,6.481500148773193
2011-06-29,0.020036877231464523,-0.00673056508641956,0.006778384090709189,-0.02808072667698891,0.028309986874640813,0.028798829466224474,-0.0049415141246464955,-0.0012042061688770644,0.008248633534912564,0.01562539289158771,0.19991774703382076,101.1244,99.78654,0.74,6.468999862670898
2011-06-30,0.006835312838336272,0.047208955191317514,-0.0050461400491244035,-0.011778806518523588,0.01473822643240652,0.055589904540508606,-0.005235254258995958,-0.015359151969268403,0.01006837159516305,0.028525757344945113,0.1952272051893116,101.1244,99.78654,0.75,6.4629998207092285
2011-07-01,-0.005043042060112413,0.04062889428861549,-0.013402331110025756,-0.012203417419823559,0.004670718845519506,0.04613178390998085,0.0006726595860770956,-0.017598104125289282,0.014306869106082587,0.054627703627885715,0.19352754474465403,100.9628,99.50089,0.77,6.463500022888184
2011-07-05,0.020331169259058868,0.06701171912748638,0.020036734583423588,0.01083682350959947,0.010891176580539064,0.06855681437193506,0.004562594672918863,-0.009328385071523115,-0.0013370725450787546,0.04414809442707668,0.19283537623359387,100.9628,99.50089,0.77,6.450900077819824
2011-07-06,-0.0024800866554688383,0.03968023061327841,0.010785966022019977,0.019152613537002594,-0.0028850717295776374,0.055725037003528266,0.005740624406435302,0.0007991102817888063,0.0010010578196055775,0.032287859510685024,0.19368241949326945,100.9628,99.50089,0.74,6.466000080108643
2011-07-07,0.020684708869699975,0.04032806225151386,0.0009807448220735537,0.01335497426836696,0.02409209863771733,0.05150714876660478,-0.0021322457459787003,0.0036083786604566015,0.010399582892092418,0.03443880886786488,0.2080615080119157,100.9628,99.50089,0.75,6.4670000076293945
2011-07-08,-0.02535160436310946,0.008141145050068133,0.007162888181999172,0.025564002499490535,-0.0066783895474946675,0.030090532786703594,0.0029306164786788713,0.011774249398131431,-0.006985458106935738,0.01738497916576609,0.20605286982496795,100.9628,99.50089,0.69,6.465000152587891
2011-07-11,-0.010974716169885212,0.0022094709402953328,0.00491916697862127,0.04388550058813756,-0.010044633702871453,0.015375180238312636,0.010716482374397707,0.021818072186452042,-0.018256166936573948,-0.015178056876890444,0.21091188917821446,100.9628,99.50089,0.63,6.456200122833252
2011-07-12,0.023679564790786145,0.00555786647202261,0.008422575445943714,0.03227134145065769,0.00526311606016705,0.009747119717940622,-0.00237154670576345,0.01488393080776973,-0.004443369829837174,-0.018284354161648864,0.20331380552868591,100.9628,99.50089,0.6,6.4670000076293945
2011-07-13,0.0063434091973535445,0.014381362324844993,0.014807507019098942,0.03629288244773665,0.0029626302700889173,0.015594821717607177,-0.00794598919857048,0.0011973172027639478,0.0031010271091220787,-0.016184384872132362,0.20067943258007898,100.9628,99.50089,0.59,6.462100028991699
2011-07-14,-0.024363758461986684,-0.030667105006841666,0.0023943360229381483,0.037706473648601246,-0.005133088626531279,-0.013630365546641432,0.0005317149636212548,0.003861277912363903,-0.006738782369335006,-0.033322750133559786,0.17900445316538244,100.9628,99.50089,0.68,6.494699954986572
2011-07-15,0.016068302174409688,0.01075280153067748,0.0005033653156711893,0.031046950782273264,0.007519686969282846,0.0005677109701360816,-0.0015959938056440137,-0.0006653323719589821,0.005539055540283222,-0.020798236486340826,0.17576196558520474,100.9628,99.50089,0.61,6.433800220489502
2011-07-18,-0.013563365468193034,0.00816415223236966,0.007707000561492983,0.033834784365144976,-0.0020452913027309005,0.008567053370276634,0.004647855151485025,-0.0067339595948716635,-0.008163117539368159,-0.010705187089135038,0.17611972989371702,100.9628,99.50089,0.58,5.86299991607666
2011-07-19,0.01623361599271078,0.0007182034342942956,-0.0007492670796214185,0.024662941839579844,0.014565798633218163,0.017869735943327747,-0.003450595704197923,-0.007813008593306137,0.016177149646843247,0.009915332387545384,0.17865369390284516,100.9628,99.50089,0.54,6.468800067901611
2011-07-20,0.006542646438763455,0.0009174406757042064,-0.0026270175692548747,0.007228417251226027,-0.0071998484564517184,0.007707257216787111,-0.005732970825745198,-0.005599990220480855,-0.0006710584073994497,0.006143246871023855,0.17892648348600368,100.9628,99.50089,0.62,6.463399887084961
2011-07-21,0.010037067895370733,0.03531826703306162,-0.00621952835338746,-0.0013854471250995815,-0.011583167642406078,0.0012571782009123122,-0.010348916838585076,-0.016480622022687186,0.013455262786265187,0.02633729202662405,0.18686821429842543,100.9628,99.50089,0.68,6.446700096130371
2011-07-22,0.007437275418679334,0.02668724027733127,0.009096389409616101,0.007207576968845331,0.006148949050532648,-0.00011355971783788554,0.002428827438223813,-0.01245580077881936,0.0009074395131127844,0.02170567599945361,0.18676717299307527,100.9628,99.50089,0.61,6.451499938964844
2011-07-25,-0.006731384229476056,0.03351922151604825,0.006659814245340456,0.006160390652692804,-0.0006813042468822861,0.001250427338010729,-0.001888566524304025,-0.01899222245460841,-0.005658995223243757,0.024209798315578013,0.17879852664764087,100.9628,99.50089,0.58,6.436600208282471
2011-07-26,0.003923737644550229,0.021209343167887695,0.00284951913106557,0.009759176863379793,0.016337414899104008,0.0030220436038965737,-0.00799836627304451,-0.023539993023454997,-0.004113420062329176,0.003919228606405589,0.18051960248113139,100.9628,99.50089,0.57,6.443999767303467
2011-07-27,-0.02223549485709153,-0.007568798127967291,-0.0009902065408819993,0.011395987891752668,-0.007515924202646795,0.0027059678577014967,0.008403344753540765,-0.009403677444169034,-0.020517724807291415,-0.015927437793486376,0.17660850821207885,100.9628,99.50089,0.56,6.4375
2011-07-28,0.00041060270247150754,-0.017195263320866516,-0.0009911880218247404,0.016624328223315388,0.005390281117798823,0.019679416617906398,0.0017531510788284521,0.002698390473244494,-0.003239207155504964,-0.03262190773525653,0.17549608558335278,100.9628,99.50089,0.52,6.44290018081665
2011-07-29,-0.018018562446957098,-0.04265110118650295,0.009192787122421997,0.016720725936121283,0.0021256430848479724,0.015656110652221722,-0.0043208234774994025,-0.004051260442478721,-0.006471427287173093,-0.040000774535542405,0.15193294483840308,100.9628,99.50089,0.38,6.442999839782715
2011-08-01,-0.008499947016646026,-0.04441966397367292,-0.005727881079718777,0.00433303061106205,-0.015769683267333745,0.000567731631770263,0.004859628913796321,0.002696934995621625,-0.004140860866231222,-0.03848264017852987,0.15859577055525226,100.7461,99.26297,0.33,6.428699970245361
2011-08-02,-0.01166006927115859,-0.06000347088938174,0.014045448009743389,0.015528959489739869,-0.0034117778850786262,-0.01918146115241237,0.0033608957201822776,0.014056196988848413,-0.025888909190624254,-0.06025812930682495,0.15899799920189303,100.7461,99.26297,0.29,6.425600051879883
2011-08-03,-0.020030829086990387,-0.057798805119280594,0.013009592424412908,0.029528758455034776,-0.01584595480725648,-0.027511491757022055,-0.006327873165417941,-0.0006750209301102927,0.00500314595271778,-0.03473725854681575,0.16503844782768834,100.7461,99.26297,0.36,6.429200172424316
2011-08-04,-0.0593812769980131,-0.1175906848197652,-0.004337922994214871,0.026182023482644645,-0.02081708287700912,-0.05371885575183,0.014481371391996234,0.012053199383057489,-0.04900165504374154,-0.08049970643505233,0.17973776764667293,100.7461,99.26297,0.24,6.427000045776367
2011-08-05,0.002881680374807516,-0.09669044199800059,-0.004478011926987158,0.01251122443323549,-0.02828569027156247,-0.08413018910824044,-0.006946384707026354,0.009427638153530538,-0.0005750829892727793,-0.07460336213715202,0.17895331487309404,100.7461,99.26297,0.32,6.427800178527832
2011-08-08,-0.0662588443782699,-0.15444933935962446,0.03656251398014465,0.05480161949309892,-0.03854016089042589,-0.10690066673133258,0.002543711689309447,0.007111720929043663,-0.06895836939262434,-0.13942087066354514,0.21613080261132916,100.7461,99.26297,0.2,6.430699825286865
2011-08-09,-0.025030813069334634,-0.1678200831578005,0.017274819037840672,0.0580309905211962,0.0023976355019577067,-0.10109125334429625,-0.0024096437809006943,0.0013411814279606915,0.046317441063387754,-0.06721452040953313,0.21682208659146596,100.7461,99.26297,0.0,6.425300121307373
2011-08-10,0.044276253115535624,-0.10351300095527449,0.02345834900137511,0.0684797470981584,-0.020758479569580768,-0.10600377810662054,0.00040199369783433525,0.008071048291212968,-0.04515679702747466,-0.11737446338972557,0.22078751239899874,100.7461,99.26297,-0.13,6.421000003814697
2011-08-11,0.03357176460592104,-0.010559959351340353,-0.01841359586674507,0.05440407422562821,0.030167042985911552,-0.05501965224369987,0.000535774398151112,-0.005874548702632154,0.04525059436377177,-0.02312221398221226,0.2521529454184981,100.7461,99.26297,0.06,6.407700061798096
2011-08-12,-0.003974335685064112,-0.01741597541121198,-0.004929845270196687,0.05395224088241868,0.0012478450531103746,-0.025486116919027024,-0.0009377680959854473,0.0001340679084087526,0.005247875067276198,-0.01729925592566328,0.2528950769119094,100.7461,99.26297,-0.02,6.382199764251709
2011-08-15,0.02886036710173112,0.07770323606878904,0.008753695535478556,0.026143422437752584,0.005471929154068578,0.018525973125467443,-0.010374014064584713,-0.012783657845485408,0.021550727976033635,0.0732098414429947,0.2518045023510435,100.7461,99.26297,0.06,6.38129997253418
2011-08-16,-0.014095182491334235,0.08863886664678944,0.015207067821775055,0.024075671221686967,-0.00934525659147134,0.006783081032038396,0.002299707474055168,-0.008074306590529545,-0.009786275177620318,0.01710612520198662,0.2522797713198526,100.7461,99.26297,0.05,6.380300045013428
2011-08-17,0.01067564850917968,0.055038262040433494,0.004924974594275433,0.005542296814587289,0.00872493343445524,0.036266494036074404,-0.004604612233552352,-0.013080912521916233,0.0009469381398128363,0.06320986036927412,0.24746384612523278,100.7461,99.26297,0.01,6.373600006103516
2011-08-18,-0.06121002661294028,-0.03974352917842783,0.01534617714369002,0.03930206982502238,-0.016138426700366804,-0.010038975650203952,0.007707423863387852,-0.005909263056679492,-0.04561859893236342,-0.02765933292686107,0.25045477271989464,100.7461,99.26297,0.09,6.377799987792969
2011-08-19,-0.0014576668960080141,-0.03722686038937173,0.016358944672721698,0.06059085976794076,0.004530050737830749,-0.006756769965483578,-0.003373139637710132,-0.008344634598404177,-0.015122756128207904,-0.04802996412234517,0.2515550810000295,100.7461,99.26297,0.02,6.387499809265137
2011-08-22,0.022359394713731717,-0.043727832777371134,0.02129785500808179,0.073135019240544,-0.0066763455382872205,-0.018905044657839376,0.0010806678395196556,0.003110047305700192,0.00025800787322438623,-0.06932268422515442,0.24861829630998003,100.7461,99.26297,0.03,6.381999969482422
2011-08-23,0.01557002030113619,-0.01406262998490071,-0.01622661829373051,0.04170133312503843,0.009684958941638566,0.0001251708752705305,-0.002703759183160237,-0.0018934193515152131,0.033710248386474184,-0.025826160661059916,0.2534926310686685,100.7461,99.26297,0.13,6.400000095367432
2011-08-24,-0.00328252075842439,-0.02802079925250478,-0.05770622662384994,-0.020929868093086945,0.0006256791173238074,-0.007974083441860902,0.0018934193515152131,0.004604612233552352,0.013034651368546868,-0.013738447432325884,0.24274038644503917,100.7461,99.26297,0.25,6.394999980926514
2011-08-25,0.001642607246424177,0.03483183460685968,0.0032443030264150963,-0.03303174221036187,0.020307784920176486,0.028472128178682388,0.003641471977245736,0.0005386603474102358,-0.015687934737961484,0.01619221676207605,0.25827723017656584,100.7461,99.26297,0.13,6.388000011444092
2011-08-26,0.0008202929205030074,0.0371097944233707,0.01930329585950119,-0.030087391023582377,0.004891176538137421,0.02883325397898906,-0.006347529345641867,-0.002435729360521499,0.015008418274915059,0.04632339116519901,0.2580532177220056,100.7461,99.26297,0.15,6.389999866485596
2011-08-29,0.02201193951425484,0.036762339223893825,-0.003182110806197791,-0.05456735683786196,-0.0024425395137530614,0.03306706000352322,-0.0012200413447924774,-0.004736438544833632,0.027887505012164304,0.07395288830413893,0.2571555120851512,100.7461,99.26297,0.22,6.376200199127197
2011-08-30,0.01850543697469753,0.03969775589745517,0.021189654541231562,-0.017151084002899886,0.00828059245866064,0.03166269352054529,0.002979837166969368,0.0009471578052959728,0.0023442750237698817,0.04258691494143463,0.2571174507079895,100.7461,99.26297,0.14,6.366000175476074
2011-08-31,-0.001012930903656617,0.04196734575222294,0.000984925037035289,0.04154006765798535,0.015403349866435656,0.04644036426965714,0.0025662850905101564,0.001620023544290916,0.004909908712070532,0.03446217228495829,0.26500651324153945,100.7461,99.26297,0.18,6.380300045013428
2011-09-01,0.0013503180629950151,0.04167505656879378,-0.0013681764345223613,0.03692758819704789,-0.010684986848484845,0.01544759250099581,0.0047104064226779485,0.0026889579897231286,-0.01194246079230421,0.038207646230615566,0.26225753441560407,100.505,99.13946,0.07,6.377999782562256
2011-09-02,-0.02828337001473269,0.012571393633558081,0.02578727738981801,0.04341156972736471,-0.008606647578121462,0.0019497683847369274,0.0036185342303740597,0.012655021565739055,-0.025607017291752854,-0.002407789336052346,0.254514113527432,100.505,99.13946,0.0,6.38100004196167
2011-09-06,-0.004986388497902894,-0.014426934378599654,-0.0020300930054704125,0.044563587528092086,-0.01657182383583722,-0.01217951593734723,0.015530917912663256,0.02940598082319479,-0.007464076457609714,-0.037759370805826364,0.2418522185706687,100.505,99.13946,0.05,6.377699851989746
2011-09-07,0.03786948660271516,0.004937115249417978,-0.030240394272828652,-0.0068664612859681284,0.018639346454938588,-0.0018207619410692821,-0.006077427779913158,0.020348715876312262,0.028243824959147013,-0.011859820870449234,0.2083993119426638,100.505,99.13946,0.09,6.389999866485596
2011-09-08,-0.0032512309274377316,0.0026988152256368636,0.021916634484532516,0.014065248161529098,0.003032648563195073,-0.014191463244309865,0.01028352892258777,0.028065959708389876,-0.010668890387302454,-0.02743861996982222,0.2084314002688811,100.505,99.13946,0.0,6.392000198364258
2011-09-09,-0.020535127159226008,-0.01918662999658416,0.001077934767350186,0.016511359363401645,-0.03462851935272404,-0.03813499574854906,0.012383715264157935,0.03573926854986986,-0.027068562510962124,-0.042564721688480134,0.23166773543401828,100.505,99.13946,-0.03,6.380000114440918
2011-09-12,0.010830688736965577,0.019927428755114107,-0.02536753291431193,-0.03464345094072829,-0.009322300075141454,-0.03885064824556905,0.004910803978289913,0.037031538297785715,0.0069415681820235164,-0.010016136214703764,0.20878362032476622,100.505,99.13946,0.0,6.377600193023682
2011-09-13,0.022646669936131403,0.047560487189148404,0.009294220435614342,-0.02331913749964354,0.0013912803435558452,-0.02088754406617599,-0.008544795884104062,0.012955824501018398,0.009078726180353769,0.006526666423259719,0.2088006088361777,100.505,99.13946,0.07,6.4019999504089355
2011-09-14,-0.014515612197707028,-0.004824611611273788,-0.0018080977908825346,0.005113158982302579,-0.01811045505622788,-0.05763734557734246,-0.0010407419723863498,0.017992510308545206,0.013389760518230709,-0.008327398017656584,0.2159612509282991,100.505,99.13946,0.12,6.398499965667725
2011-09-15,0.005496035925469656,0.003922655241633599,-0.02498741886022504,-0.04179089436245498,0.015325956011009056,-0.045344038129528474,-0.007708981385957436,0.0,0.017041046718104802,0.019382539087750672,0.2218762387598433,100.505,99.13946,0.13,6.395999908447266
2011-09-16,-0.016238543969355312,0.008219238431504294,0.018716067856801466,-0.024152761273003698,-0.006357264110747662,-0.017072782887552096,0.0044497386333652855,-0.00793397663079265,0.005690475561936026,0.05214157716064882,0.2200436894641468,100.505,99.13946,0.13,6.388000011444092
2011-09-19,-0.026029365284151673,-0.028640815589612956,-0.019897522083803132,-0.0186827504424949,-0.03861884362140944,-0.04636932643382008,0.010521595436170372,-0.00232318517291219,-0.00985094868808023,0.035349060290545076,0.25077142614258885,100.505,99.13946,0.09,6.381999969482422
2011-09-20,0.013790153832740515,-0.037497331693003844,0.01685775404041756,-0.011119216837691681,-0.01469045265663893,-0.062451059434014855,-0.00466262487790825,0.0015589858332836215,-0.0016623864527245402,0.024607947657466767,0.25293121177961037,100.505,99.13946,0.04,6.380499839782715
2011-09-21,-0.011226334377301583,-0.0342080538725984,-0.0006090504844129541,-0.0099201695312221,0.009906356978640174,-0.0344342473991468,0.004016298310608235,0.006616026116278206,-0.02983099508714737,-0.018612807947911314,0.25663139817051867,100.505,99.13946,0.02,6.383999824523926
2011-09-22,-0.06503518260377916,-0.10473927240184722,-0.03741235242561736,-0.022345103096614416,-0.07551277727120942,-0.12527298068136528,0.013357518901242038,0.02768252640347768,-0.032402456759229814,-0.06805631142524593,0.35608714693666627,100.505,99.13946,0.01,6.381100177764893
2011-09-23,-0.008231571293912054,-0.09673229972640396,-0.06025452078248872,-0.1013156917359046,-0.06177451521970423,-0.18069023179032184,-0.0010211157576591745,0.02221167201245322,0.006063588829469779,-0.06768319815771218,0.4027721568839063,100.505,99.13946,0.1,6.380499839782715
2011-09-26,0.004872261478962692,-0.0658306729632896,-0.02786558006308848,-0.10928374971518995,0.0009164567322510475,-0.14115493143666136,0.0007659588934583184,0.012456035469741167,0.023068021296968944,-0.034764228172663,0.39007284428944883,100.505,99.13946,0.12,6.380099773406982
2011-09-27,0.05113749008628066,-0.02848333670974945,0.03583373492124231,-0.0903077688343652,0.04609660978280439,-0.08036786899721804,-0.010906613011282928,0.0062120473363664885,0.01063166535729465,-0.022470176362643812,0.4341261934000377,100.505,99.13946,0.12,6.401000022888184
2011-09-28,-0.03912122609620816,-0.05637822842865603,-0.02099922674198229,-0.11069794509193454,-0.058076489932303854,-0.14835071590816207,0.004376890825636082,0.006572639851394335,-0.02090819585269532,-0.013547377128191762,0.46596805165923066,100.505,99.13946,0.16,6.396999835968018
2011-09-29,0.011386720077046775,0.020043674252169907,-0.0004951103610251195,-0.0737807030273423,0.00030895335116487566,-0.07252898528578777,0.0008987571553538132,-0.00588612189449389,0.00808148643535933,0.026936566066397383,0.46258757316997146,100.505,99.13946,0.17,6.39300012588501
2011-09-30,-0.036448840809703675,-0.008173595263621714,0.0030285411306705257,-0.010497641114183054,-0.028833087321004314,-0.03958755738708786,0.008052767717661169,0.0031877615808264537,-0.025291274478866477,-0.004418297241938873,0.4554732005810135,100.505,99.13946,0.17,6.387499809265137
2011-10-03,-0.02027996755769479,-0.033325824300279194,0.021732008549981252,0.03909994749888668,-0.0015910507585681355,-0.04209506487790704,0.011392451018896743,0.013814253706264878,-0.02886360290378409,-0.05634992144269191,0.4572991189660759,100.505,99.13946,0.07,6.382500171661377
2011-10-04,-0.025314536221853423,-0.10977785060841327,-0.025255905297380643,-0.021989692719736276,-0.014596470175366916,-0.10278814483607834,0.001886219109328735,0.026607085826876542,0.022239306131154102,-0.04474228066883246,0.4570126583771791,100.505,99.13946,0.05,6.394999980926514
2011-10-05,0.05163686059782435,-0.01901976391438076,0.015730031038416747,0.014739565060662763,0.0009689990770580525,-0.04374265582671644,-0.008706064739376629,0.013524130261863831,0.01770791894551138,-0.006126165870625755,0.45954953503667456,100.505,99.13946,0.12,6.364999771118164
2011-10-06,0.03586994637543217,0.005463462384004636,0.007046973654236233,0.022281649075924115,0.044669303279759376,0.0006176941018780635,-0.004827307099262157,0.007798066007247861,0.01813816846648031,0.003930516160495223,0.48973155330066576,100.505,99.13946,0.13,6.364999771118164
2011-10-07,0.0047110918776605,0.04662339507136881,-0.010589208176211784,0.008663899769041805,0.008454408620259146,0.03790519004314152,0.0024165664085318284,0.0021618646981185208,-0.008196811187622721,0.02102497945173898,0.49209985925278704,100.505,99.13946,0.16,6.36899995803833
2011-10-11,0.004672288532850288,0.12575376485919154,-0.005947228433466734,0.027487683058998513,-0.022408663087692515,0.06050100534101044,-0.00025772191181516746,-0.025704388067034678,0.0005438556372530101,0.061748775780910314,0.5053436204686353,100.505,99.13946,0.23,6.338500022888184
2011-10-12,-0.00280077050415084,0.07131613375721635,0.01293049901994614,0.024688151040527906,0.03085005489902448,0.09038206116297687,-0.007634170070867974,-0.024632493398526023,0.009747046937637727,0.05378790377303666,0.522793702116196,100.505,99.13946,0.26,6.365499973297119
2011-10-13,-0.015783558681934373,0.019662628699849805,-0.008361751874609524,0.009279425511682149,-0.026297663091724433,0.01941509479149306,0.0,-0.019805186299263866,-0.002978102395136517,0.032671632911419834,0.525679193601766,100.505,99.13946,0.27,6.359000205993652
2011-10-14,0.03005546464316211,0.045007001465351415,0.008659096579890502,0.028527730267784435,0.030565170896980964,0.04152585706821488,-0.004817340423796779,-0.027039093131592473,0.017230948802477997,0.05809939290152055,0.5366391960572409,100.505,99.13946,0.28,6.381999969482422
2011-10-17,-0.004850521088753723,0.011292902901173463,-0.0037530492546844485,0.0035275660370759354,-0.009294117886393893,0.003414781730194605,0.006763769748519444,-0.005945462657960476,-0.01955993759944885,0.004983811382783365,0.5366906381196168,100.505,99.13946,0.24,6.370800018310547
2011-10-18,0.02243682897761623,0.029057443345939404,-0.014306597212666361,-0.004831802742123692,-0.005350027812329072,0.020473417005558048,-0.0001296705316935487,-0.005817411277838858,0.020213049380310544,0.0246530051258409,0.5243429985500567,100.505,99.13946,0.22,6.369999885559082
2011-10-19,-0.025567408917547496,0.006290804932542748,-0.0034569287276839944,-0.021219230489753826,-0.030715792529677044,-0.04109243042314348,-0.00025929257592594013,0.0015574662171031761,-0.012729818787025948,0.002176139401177224,0.5307564343343226,100.505,99.13946,0.23,6.382999897003174
2011-10-20,-0.009451065521723478,0.012623298092753643,-0.020934479687990226,-0.03379195830313453,-0.06326904614327389,-0.07806381347469293,-0.0018172303545123114,-0.0002597641374091353,0.0045438398210837505,0.009698081617397492,0.5621572400185075,100.505,99.13946,0.22,6.38100004196167
2011-10-21,0.024320809845662872,0.006888643295254404,0.014290327060280994,-0.028160727822744036,0.05245483689328623,-0.05617414747838767,-0.00874277311845617,-0.004185196832068527,0.018634067492434347,0.011101200307353842,0.5483262447250633,100.505,99.13946,0.23,6.372700214385986
2011-10-24,0.043326809628474905,0.05506597401248303,0.009980016221538435,-0.014427662346521153,0.06843351156075883,0.021553481968765054,-0.00367655888469276,-0.014625525465280731,0.012790806680372135,0.04345194458717483,0.560016059776685,100.505,99.13946,0.23,6.373499870300293
2011-10-25,0.020603652060964706,0.05323279709583151,0.028708949045219256,0.028587883911364464,-0.008156210844033618,0.018747298937060508,0.003020996084977412,-0.01147485884860977,-0.02024834619938165,0.0029905490074826346,0.5612160639135225,100.505,99.13946,0.12,6.377999782562256
2011-10-26,-0.03239636857415551,0.046403837439223494,0.01349988423230819,0.04554469687135665,0.01998039754874603,0.06944348901548358,-0.0006559928442362306,-0.01187155911692006,0.010481430544087011,0.026201798338595594,0.5423644499646767,100.505,99.13946,0.15,6.366000175476074
2011-10-27,0.040839756811570815,0.09669465977251779,0.013835466371475036,0.08031464293082191,0.05602690715730008,0.18873944231605755,-0.017608109716011455,-0.027662438478419205,0.03371659116813408,0.055374549685645924,0.5301743338546864,100.505,99.13946,0.24,6.354000091552734
2011-10-28,-0.006834706163891369,0.06553914376296355,-0.0002862950656439267,0.06573802080489699,0.0035177987315853088,0.13980240415435663,0.002934032414916743,-0.01598563294504629,0.0003891535285420744,0.03712963572175365,0.5298385320305209,100.505,99.13946,0.19,6.361000061035156
2011-10-31,-0.0013939978873009906,0.020818336247187652,-0.012678823957672058,0.0430791806256865,-0.019916073834894465,0.051452818758703334,0.014280315003452948,0.001971240943099417,-0.025048616612978414,-0.0007097875715968982,0.5232281571949319,100.505,99.13946,0.08,6.348800182342529
2011-11-01,-0.010788754702885761,-0.010574070516662815,-0.007685151564337467,0.006685080016129774,-0.036622777760466185,0.022986251842270766,0.014208724542381646,0.01315896940050365,-0.028340059621593916,-0.008801500993809164,0.5439819956154236,100.045,99.30534,-0.04,6.345200061798096
2011-11-02,0.0034650785822787356,0.02528737663977143,0.010291657790972408,0.003476853574793992,0.022609390977886612,0.025615245271411347,-0.0032410735972163707,0.01057388864752351,0.015976363304396557,-0.0033065682334996183,0.542231865539865,100.045,99.30534,-0.07,6.34630012512207
2011-11-03,0.016722412864611513,0.0011700326928121285,0.02032764946429566,0.009969036667614617,0.0016752878055297238,-0.028736374080359006,-0.004424837602289067,0.0237571607612459,0.018607607200930687,-0.01841555220070301,0.5421397104245845,100.045,99.30534,0.0,6.347099781036377
2011-11-04,0.00201776141902954,0.010022500275733037,-0.005057491867623831,0.0051978398656347125,-0.006016138610482891,-0.038270311422427206,0.0031254809959584406,0.023948609342287597,-0.006299819537189499,-0.025104525266434585,0.5258994778777683,100.045,99.30534,-0.06,6.339799880981445
2011-11-07,0.013278670341759558,0.024695168504793585,0.019743420551100677,0.03762008437440745,-0.00845551023505875,-0.02680974782259149,0.0006498397768277542,0.010318134115662403,0.006276008211166584,0.006220099557710412,0.52757323854346,100.045,99.30534,-0.1,6.3302998542785645
2011-11-08,0.01331141130844049,0.04879533451611984,0.0045141634438685685,0.04981939938261348,-0.00028306511516773547,0.00952996482270696,-0.003775320772786195,-0.007665911199505437,0.011667310321724855,0.046227469501029184,0.5197132942741226,100.045,99.30534,-0.03,6.349999904632568
2011-11-09,-0.011010864157423583,0.03431939177641752,-0.004179093869826289,0.035348647721814785,-0.026683601265758528,-0.03976302742093818,0.016300518082974946,0.01187568048068588,-0.03738534709898822,-0.007134240902355593,0.5224828323775107,100.045,99.30534,-0.04,6.3470001220703125
2011-11-10,0.021083883014788363,0.03868086192659437,-0.018029672886400228,-0.003008674628881103,-0.019526407703619686,-0.06096472293008759,-0.0037282413319879026,0.012572276750987044,0.0085872010994823,-0.01715464700380398,0.5167219558380652,100.045,99.30534,-0.04,6.3429999351501465
2011-11-14,-0.008623788908885821,0.027059409942050472,-0.005441323295111822,-0.0070065585578875655,0.006765107951262506,-0.013535832364810929,0.008025869841355338,0.007766004435498353,-0.009596036687555376,-0.007433649360822692,0.5053974223326039,100.045,99.30534,-0.01,6.332799911499023
2011-11-15,0.012455260440658478,0.02620325907426846,0.002191265011515675,-0.009329456990240459,0.003865700247094983,-0.00938706700254821,0.004117346340347439,0.015658671548631986,0.00480559827730076,-0.014295361405246787,0.5040372403532418,100.045,99.30534,0.04,6.3454999923706055
2011-11-16,0.031890141519844484,0.06910426475153653,-0.0044437718148016,-0.00959413493521577,-0.004870360435170307,0.01242617382804001,0.0035889093513841175,0.0029470628170411572,-0.016755798341955064,0.006334187351786369,0.5039549651521491,100.045,99.30534,0.05,6.3368000984191895
2011-11-17,-0.037440416073662774,0.010579965663085389,-0.030916132101222793,-0.022480594150038335,-0.02913963221179694,0.0028129493198627564,0.0016618380253392573,0.008337142174368317,-0.016942671987706603,-0.019195685735402535,0.5027031105024642,100.045,99.30534,0.06,6.3354997634887695
2011-11-18,-0.014371097951742406,-0.01608990097378804,0.002845060617729267,-0.03576490158189127,0.005896237943778804,-0.017482946504830954,-0.003454731561943092,0.013939231996483059,-0.00039475649047204797,-0.03888366523038833,0.44343934184968975,100.045,99.30534,0.05,6.34089994430542
2011-11-21,-0.00504303532177186,-0.01250914738667408,-0.02727168857833817,-0.05759526686511762,-0.03074407963411785,-0.05499213409021131,0.003582480920020892,0.009495843075148613,-0.018824571104948618,-0.04811219964778157,0.42483298244745843,100.045,99.30534,0.07,6.347599983215332
2011-11-22,0.011183659021243741,-0.013780748806088816,0.014140097949622898,-0.0456464339270104,0.009503009319785649,-0.04935482501752064,-0.0008943933638869694,0.004484103370914205,-0.004149438857005805,-0.05706723678208814,0.34966500029868747,100.045,99.30534,0.05,6.351099967956543
2011-11-23,-0.01895209639251405,-0.06462298671844735,-0.0038258972397358093,-0.04502855935194461,-0.01604149861444082,-0.060525963196791155,0.00979460385895603,0.010689797878486118,-0.022342970458596234,-0.06265440889872931,0.3525721583830473,100.045,99.30534,-0.01,6.3516998291015625
2011-11-25,0.006219554518413162,-0.020963016126371414,-0.006033350443704677,-0.020145777694426492,-0.0029027679051052413,-0.034289098890099456,0.007691868300235605,0.016719828153382466,-0.0026891193002507308,-0.048400856211273435,0.3433778362048961,100.045,99.30534,0.05,6.352499961853027
2011-11-28,0.014771039644509543,0.008179121469880535,0.014898870219743898,-0.008091968092411861,0.027316304297856586,-0.012869032536021674,-0.00402769193638175,0.016146867778943808,0.028821079038610087,-0.0191850206821913,0.29158094260892004,100.045,99.30534,0.02,6.372200012207031
2011-11-29,0.015959953223218193,0.029182110014870588,0.0015185888849824636,0.020698309370908774,0.00519710840412313,0.023072155502219305,-0.003664176363853855,0.00890021049506906,0.0022112069693971392,0.0018507573921544562,0.2922179003772828,100.045,99.30534,0.01,6.376399993896484
2011-11-30,0.005695740509081837,0.023694191502708684,0.018561332766248384,0.02511954418753426,0.05391132118786168,0.06748046737029534,-0.00775149205248038,0.0020431118064756504,0.04240343833622706,0.04840363458538732,0.3491573878764344,100.045,99.30534,0.03,6.365099906921387
2011-12-01,-0.0015955693857439002,0.041050718509478834,-0.0058607103104861835,0.023084731116783885,-0.011573845258030735,0.07194812072670542,-0.00089336608881041,-0.00864485814129079,-0.0019104695778526803,0.06883613546613088,0.326916602684867,99.87656,99.52314,0.06,6.377999782562256
2011-12-02,0.007556231530585045,0.04238739552165072,0.006719693899452039,0.0358377754599406,0.014236596957828418,0.08908748558963908,0.003950276747233694,-0.0123864496942927,-0.0002410153733274356,0.07128423939305417,0.32095563265842064,99.87656,99.52314,0.0,6.369999885559082
2011-12-05,0.00029709116089016163,0.027913447038031336,-0.009374108416037252,0.011564796824159451,0.008778736996782444,0.07054991828856494,-0.00025434550300040826,-0.008613103260911359,0.010234463299266139,0.052697623653710224,0.32238520201730925,99.87656,99.52314,-0.01,6.352499961853027
2011-12-06,0.0028674654575358005,0.014820959272348944,-0.0016191102696172521,0.008427097669559735,-0.010740062778557435,0.054612747105884374,-0.0012728931501397867,-0.006221820047197291,0.0011051379065261102,0.051591554590839195,0.3239551469666596,99.87656,99.52314,0.01,6.340000152587891
2011-12-07,-0.00783074754038271,0.0012944712228843969,0.007495422440086941,-0.002638812656601708,-0.005766120864968416,-0.005064694946945725,-0.0003821743883341,0.0011474976169489892,0.0020163207826575658,0.011204437037269699,0.3232002712313492,99.87656,99.52314,-0.01,6.334000110626221
2011-12-08,-0.02162737405820092,-0.018737333449572624,-0.01802580173855617,-0.014803904084671693,-0.015779708912268653,-0.009270558601183643,0.004196003355685818,0.006236867061445217,-0.021368498950929293,-0.008253592335806914,0.3278929150700441,99.87656,99.52314,0.01,6.368000030517578
2011-12-09,0.010821924317967024,-0.015471640662190644,0.001753053633319901,-0.01977054435080383,0.016343683839612266,-0.007163471719399794,-0.002286590314211523,0.0,0.016742412907085225,0.008729835944605746,0.3184686648178647,99.87656,99.52314,0.05,6.355000019073486
2011-12-12,-0.016635001879921063,-0.03240373370300187,-0.02878498865722179,-0.03918142459198837,-0.026424439081110362,-0.0423666477972926,0.011883862481166574,0.012138207984166982,-0.015026386904779088,-0.01653101425943948,0.3250284975309643,99.87656,99.52314,-0.01,6.354499816894531
2011-12-13,0.023951453624243335,-0.011319745536294334,-0.0025871238457044754,-0.04014943816807559,-0.006388892032298088,-0.03801547705103325,0.008509628455994012,0.02192072959030078,-0.008723953020305153,-0.026360105186270744,0.312755838552766,99.87656,99.52314,-0.05,6.365499973297119
2011-12-14,-0.05321879568920451,-0.05670779368511614,-0.046614674079330065,-0.0942595346874926,-0.04819310475256211,-0.08044246093862695,0.0034830086389634474,0.025785912617598328,-0.0114132514971379,-0.03978967746606621,0.3523171696927619,99.87656,99.52314,-0.04,6.361499786376953
2011-12-15,-0.011439529509288171,-0.04651994913620339,-0.006141443955558934,-0.08237517690449536,-0.0035219029922466394,-0.06818465501860493,-0.0036076536184204144,0.017982255643492095,0.003237852858082313,-0.015183325657054603,0.3514250482572056,99.87656,99.52314,-0.01,6.370999813079834
2011-12-16,-0.003628648213324759,-0.06097052166749517,0.013248569484948014,-0.07087966105286725,0.01959502384212164,-0.06493331501609556,0.00012464497945696706,0.020393490937160585,0.003210989101900097,-0.02871474946223973,0.3602237194252048,99.87656,99.52314,-0.05,6.373000144958496
2011-12-19,0.0037351143315174085,-0.0406004054560567,-0.0007523205194175375,-0.042846992915063,-0.006943352721668461,-0.04545222865665366,0.0,0.008509628455994012,-0.011802198458557456,-0.0254905610160181,0.3472909212199325,99.87656,99.52314,-0.12,6.338500022888184
2011-12-20,0.03495912244688437,-0.02959273663341566,0.013208884366838092,-0.02705098470252043,0.01860791910799464,-0.02045541751636093,-0.0046212878463620655,-0.0046212878463620655,0.02938929593094386,0.012622687935230914,0.3532825749678876,99.87656,99.52314,-0.1,6.300000190734863
2011-12-21,0.01480446613831532,0.03843052519410417,-0.0022927670287806734,0.01727092234802896,0.007701466811901536,0.03543915404810272,0.001751087314143085,-0.006353209171182428,0.0019476081648539534,0.025983547597222767,0.33658805093431243,99.87656,99.52314,-0.07,6.3470001220703125
2011-12-22,0.00867816368158092,0.05854821838497326,-0.0018628917176544135,0.02154947458593348,0.005884095041473358,0.044845152081822715,-0.0012504500487029446,-0.003996005601464958,0.008231577169830473,0.030977271908970927,0.33570659474580783,99.87656,99.52314,-0.07,6.331200122833252
2011-12-23,0.0015059641074008923,0.06368283070569891,-0.0026139380542522517,0.005686967046733216,0.01586067543231584,0.041110803672016916,0.0011255421323728143,-0.002995108448549111,0.008994480783105274,0.036760763590176104,0.33335226171605764,99.87656,99.52314,-0.04,6.322000026702881
2011-12-27,0.016516105810206128,0.07646382218438763,-0.006564780411903115,-0.00012549284575236186,-0.017328421490301338,0.03072573490338404,-0.002753458767174699,-0.00574856721572381,7.910481903916633e-05,0.048642066867772726,0.3400466005227706,99.87656,99.52314,-0.02,6.327400207519531
2011-12-28,-0.019731539582905633,0.021773160154597626,-0.01982892689606608,-0.03316330410865653,-0.013010280844986566,-0.0008924650495971687,0.008734731770919879,0.007607452401558135,-0.012556506256502509,0.006696264680326358,0.33069613344671656,99.87656,99.52314,-0.07,6.320000171661377
2011-12-29,0.002914437643187995,0.009883131659470301,-0.014825590380465492,-0.04569612746034135,0.0016355897807005526,-0.006958342080798152,-0.00012417850249146767,0.005732186584923582,0.010650172463281038,0.015398828978753443,0.33022357883817094,99.87656,99.52314,-0.05,6.316999912261963
2011-12-30,-0.008262841055777237,-0.007057873077887855,0.01667941156926922,-0.027153824173417718,0.019420938603844418,0.006578501481572907,-0.003859390847618549,0.0031232457860079776,-0.004300570740064735,0.0028666810688582345,0.2762902227118456,99.87656,99.52314,-0.07,6.309000015258789
2012-01-03,0.04093933348039425,0.0323754962951055,0.021419174466295487,-0.0031207116528699785,0.02688299218064527,0.017600818229902337,-0.0070096364479539375,-0.005011932794318774,0.01535548367017725,0.00922768395593021,0.29086507770533643,99.87656,99.52314,-0.04,6.283999919891357
2012-01-04,0.0025220901510047966,0.018381480635904168,0.007597541424776644,0.01104161018380978,-0.027465955328976444,0.007463284391227232,0.006011235843406126,0.0037527618162620513,0.00018790634443721643,0.00933648548132826,0.3009203131981088,99.87656,99.52314,-0.08,6.296999931335449
2012-01-05,-0.013754337407728023,0.024358682811081778,0.004642102778981361,0.03551263985885722,-0.0020432604607085736,0.018430304775505224,0.010557213000216947,0.0055752430455591195,0.0029393926694947226,0.024832384407325492,0.2983853651744243,99.87656,99.52314,-0.1,6.296000003814697
2012-01-06,-0.0024585743416558614,0.01898567082623792,-0.00203990108018548,0.04829832915913723,0.002480514679426893,0.019275229674231564,0.003699540806000101,0.009398962354050688,-0.0025401850025392747,0.01164202694150518,0.29727573824964765,99.87656,99.52314,-0.11,6.308499813079834
2012-01-09,-0.002464633830212115,0.024783878051803043,-0.005335647136046617,0.026283270453821395,-0.005406629643986305,-0.005552338573599158,-0.0023414245824158186,0.010916928619253419,0.0022590443626082646,0.01820164204417818,0.29721838277627766,99.87656,99.52314,-0.13,6.2993998527526855
2012-01-10,0.009137870767739642,-0.007017584660851561,0.014513146509239405,0.019377242496765312,0.028170902196176018,-0.004264428558068412,-0.0030892825381352296,0.014837282529072127,0.008846523613060597,0.011692681987061526,0.3099206272299359,99.87656,99.52314,-0.08,6.313000202178955
2012-01-11,-0.01349038343927944,-0.0230300582511358,0.005014964515898335,0.016794665587887003,0.008934357302186502,0.032135884073094534,0.0067838116117551195,0.01560985829742112,0.0003095493446325648,0.011814324987256875,0.30612095963939984,99.87656,99.52314,-0.1,6.311999797821045
2012-01-12,-0.017703160357094738,-0.026978881200502514,0.004929325457331046,0.01708188826623669,0.028531601990578803,0.06271074652438191,-0.007155247015519173,-0.0021026017183150003,0.0023338827385686045,0.011208815056330756,0.30571125826134843,99.87656,99.52314,-0.1,6.315999984741211
2012-01-13,-0.00404451041867393,-0.028564817277520582,-0.010312215151505377,0.008809574194916792,-0.0032985417168891473,0.05693169012806587,0.008138191334182032,0.0023360488098669308,-0.004960204447868932,0.008788795611001099,0.304759551868357,99.87656,99.52314,-0.14,6.317800045013428
2012-01-17,0.020160175049420914,-0.005940008397887553,0.015096419488761725,0.029241640819725134,0.025551838783158365,0.08789015855521054,-0.0030748440567469615,0.001602629335535788,0.0035466577681741995,0.010076409016567034,0.2521468001923335,99.87656,99.52314,-0.17,6.306099891662598
2012-01-18,-0.0011922778293742553,-0.01627015699500145,0.0025945342285300654,0.017323028539015795,0.005620223092393184,0.0653394794514277,-0.007170284588918108,-0.0024783727152470902,0.011046689130221665,0.012276574533728102,0.24968133495035508,99.87656,99.52314,-0.15,6.316999912261963
2012-01-19,-0.0019902181163189425,-0.004769991672040952,-0.0032593126715800835,0.009048751351537376,0.01338741365107321,0.06979253580031441,-0.00485044661637879,-0.014112630943381,0.004926501717244847,0.016893526906340384,0.24652823450113343,99.87656,99.52314,0.0,6.310999870300293
2012-01-20,-0.019412229592046693,-0.006479060906992906,0.005786968828131123,0.009906394722337453,-0.014989989322293784,0.026270944487441827,0.00012469159414596476,-0.006832692333715862,0.0006692357932855941,0.015228879961057373,0.25346994878663615,99.87656,99.52314,0.01,6.307199954986572
2012-01-23,0.011310994570227884,0.008876444081908907,0.008558599710570824,0.028777209584413654,0.014199740977891118,0.04376922718222209,-0.00662873751289883,-0.021599621180796724,0.00047123192204079345,0.0206603163309671,0.2511474055223478,99.87656,99.52314,0.02,6.3246002197265625
2012-01-24,-0.006346718394651063,-0.01763044936216307,-0.008258109901120747,0.005422680194531182,0.0025004390911766983,0.020717827490240426,0.0021309712318942076,-0.016393805892155555,-0.0010263438252238188,0.01608731473756908,0.2512840325990107,99.87656,99.52314,-0.01,6.314000129699707
2012-01-25,0.004537487806261176,-0.011900683726527639,0.021166127664300483,0.0239942736303016,0.00550536113480149,0.02060296553264873,-0.0036379757237137156,-0.012861497026951163,0.00864169471719567,0.013682320324543085,0.2512801798070749,99.87656,99.52314,-0.12,6.322000026702881
2012-01-26,0.003013517344963468,-0.0068969482652452285,0.015469792317015063,0.042723378618896746,0.018648565699911357,0.02586411758148688,-0.0020127825305360503,-0.010023832941108424,-0.0057705082879886405,0.0029853103193095976,0.2529112300739394,99.87656,99.52314,-0.16,6.313499927520752
2012-01-27,-0.0014051933809540174,0.011110087945847447,0.003180940101367824,0.04011734989213345,-0.0034702110278106435,0.03738389587597002,-0.0064431038323631284,-0.016591628367617517,-0.0015941475452905252,0.0007219269807334783,0.241362847186124,99.87656,99.52314,-0.18,6.334000110626221
2012-01-30,-0.0078653102227495,-0.008066216847129937,-0.0004620820325049735,0.03109666814905765,-0.015962981612224425,0.007221173285854476,0.0032899198052511736,-0.006672971049467513,-0.0025253090863452954,-0.0022746140276526106,0.2445315178493813,99.87656,99.52314,-0.24,6.323999881744385
2012-01-31,-0.0030416267910196026,-0.004761125243498476,0.003920697326562639,0.043275475376741035,-0.009067707148739057,-0.004346972954061279,0.0015147076278845262,-0.007289234653477195,-0.0004570511280785894,-0.001705321330507381,0.24976780808334054,99.87656,99.52314,-0.28,6.313600063323975
2012-02-01,-0.008873562523827871,-0.018172175573587523,0.0053372830035769425,0.027446630716017495,0.013375525592642434,0.0035231915037796657,-0.004551216671355718,-0.008202475601119197,0.008860237474266341,-0.001486778573436709,0.24641595229318275,99.70131,99.89268,-0.28,6.308599948883057
2012-02-02,-0.012888769359087782,-0.03407446227763877,0.005536743602649885,0.017513582001652317,-0.016151640648039756,-0.03127701484417145,0.0006333910142863886,-0.005556302056296758,0.001094547830667203,0.0053782775452191345,0.24408790938677002,99.70131,99.89268,-0.3,6.30679988861084
2012-02-03,0.015242269868596559,-0.017426999028088197,-0.010816498290285637,0.0035161436099988563,0.03127701484417145,0.0034702110278106435,-0.00037994780523220584,0.0005068539708341646,0.014499725948107667,0.021472151038617326,0.23550340297922082,99.70131,99.89268,-0.21,6.304200172424316
2012-02-06,-0.0095507034141189,-0.019112392219457597,-0.008726599296451809,-0.004748373653947979,-0.009798971291676617,0.009634221348358452,0.0018982970661944876,-0.0008847687682225214,-0.0004239640135317302,0.02357349611143089,0.2403588038756656,99.70131,99.89268,-0.26,6.304599761962891
2012-02-07,0.015359711588446068,-0.0007110538399919264,0.013605637693124173,0.004936566712613555,0.003492204379718755,0.022194132876816264,-0.006596454924656214,-0.008995931320763262,0.0020213375254707344,0.026051884764980215,0.24021271500235145,99.70131,99.89268,-0.21,6.311500072479248
2012-02-08,0.0030437870312063353,0.01120629571504228,-0.009839809647734121,-0.010240525938697509,0.008613528041140572,0.017432135325314402,0.0008905247739692257,-0.0035541898754383183,0.0021578809333249183,0.019349528224038792,0.23688431311384114,99.70131,99.89268,-0.21,6.308499813079834
2012-02-09,0.011382618786458742,0.035477683860588805,0.005593504786632231,-0.010183764754715163,0.01738513258031449,0.050968908553668646,-0.001017835108326537,-0.005205415998051244,0.0014730251258781024,0.01972800551924969,0.22715955788377135,99.70131,99.89268,-0.17,6.298399925231934
2012-02-10,-0.01178793762962016,0.008447476362372086,-0.009069149732669146,-0.008436416197098673,-0.029361315537515642,-0.009669421828018443,0.006976663779284742,0.002151195586465704,-0.006910122643615679,-0.0016818430724736544,0.2574673849647127,99.70131,99.89268,-0.24,6.295400142669678
2012-02-13,0.022448136455568424,0.04044631623205941,-0.0001741280936844447,0.00011605500566869154,-0.005846840189156932,-0.005717290725498758,-0.002151195586465704,-0.0018982970661944876,0.006777023326496767,0.005519144267554843,0.24351865452929713,99.70131,99.89268,-0.22,6.293300151824951
2012-02-14,-0.001686147655164838,0.023400456988448504,-0.004129219008215834,-0.017618801695671316,-0.00666795196543668,-0.015877447070654194,0.0080747268456971,0.012772884704158827,-0.0009399650039254581,0.0025578417381586505,0.2447985211641213,99.70131,99.89268,-0.27,6.295100212097168
2012-02-15,0.01046721498227754,0.030823884939519708,0.006042679587632271,-0.001736312460304923,-0.003548193459929072,-0.028039168571723838,0.0011302524015226467,0.013012612331712248,-0.005397747536216357,-0.004997786731382625,0.23029304003868142,99.70131,99.89268,-0.26,6.2972002029418945
2012-02-16,0.004997261933620045,0.02443852808668101,0.0002895948506296264,-0.007040222396307527,-0.0026364344810290152,-0.04806073563306734,-0.0041507114802668,0.009879735959771985,0.01096536583327623,0.004494553976015503,0.22994172777298136,99.70131,99.89268,-0.24,6.298099994659424
2012-02-17,0.009048958130508211,0.04527542384680938,-0.0013328595810797594,0.0006960677552818595,-0.022154965365279278,-0.04085438546083098,-0.0001259785336165109,0.002777093646870732,0.0023461758829403934,0.013750852502571576,0.23770949768532157,99.70131,99.89268,-0.23,6.30109977722168
2012-02-21,0.024872131047746215,0.04769941843898717,0.018727555492429104,0.01959775134139541,0.03409496197863615,-0.0009125832930378941,-0.0036623253727015026,0.0012659638606349333,0.0007196637576960541,0.007693492933770862,0.2613973397839172,99.70131,99.89268,-0.22,6.2993998527526855
2012-02-22,0.004148624199613593,0.053534190293765604,0.007314837698549681,0.031041808048160924,-0.0009134168620639205,0.004841951810334866,0.0021484768952584332,-0.0046602860898037335,-0.0033456974121452987,0.005287760525551022,0.257107832188904,99.70131,99.89268,-0.27,6.296800136566162
2012-02-23,0.01447882046903537,0.057545795780523434,0.008382858345699518,0.03338198680622817,-0.006680179565655697,0.0017099657046082406,-0.005062680530783403,-0.010853219022109784,0.004262903180605626,0.014948411242373005,0.2581471498356453,99.70131,99.89268,-0.3,6.295899868011475
2012-02-24,0.017831307242783367,0.07037984108968676,-0.005505659316442646,0.027586732639155898,0.015130026171756628,0.019476426357393883,-0.005853912060307387,-0.01255641960215037,0.0016708411755086416,0.0056538865846054165,0.26284086699987863,99.70131,99.89268,-0.29,6.298500061035156
2012-02-27,-0.01108424408009423,0.050246638879084315,-0.0008453800602881145,0.028074212159947542,0.004520553251698312,0.04615194497437147,0.0026766836423783857,-0.009753757426155474,0.0013536425518791972,0.00466135325354422,0.2549638397191294,99.70131,99.89268,-0.32,6.2972002029418945
2012-02-28,-0.01868860585142773,0.006685901979910369,0.00752687062258417,0.016873527290102608,0.008213553927836958,0.02027053692357228,-0.003698288041649178,-0.00978972009510315,0.0033507134923151938,0.00729240298816336,0.256289372438546,99.70131,99.89268,-0.31,6.301799774169922
2012-02-29,0.00486843613375143,0.0074057139140482064,-0.04410333262681565,-0.03454464303526272,-0.010665016727070986,0.010518937058565214,0.005859974907334475,-0.006078222083027107,-0.0047482427569534025,0.005889857643355256,0.25267247693329203,99.70131,99.89268,-0.28,6.298399925231934
2012-03-01,0.016396056948388527,0.009322950393401364,0.006528703558172921,-0.03639879782278932,0.013855231337638108,0.03105434796185902,0.0006348222127385839,-0.00038071933950512005,0.006139156544533009,0.007766111007282639,0.25409449741472706,99.64612,99.9525,-0.23,6.294300079345703
2012-03-02,-0.019857750561905974,-0.028366107411287977,-0.007172208750398035,-0.03806534725674471,-0.007416925079124503,0.008507396710977888,0.007839245423037156,0.013312438143839422,-0.0032510350278585065,0.0028442348039154908,0.25225013720834166,99.64612,99.9525,-0.24,6.299200057983398
2012-03-05,0.00018746389927049023,-0.017094399431923257,-0.0033999966776985246,-0.04061996387415512,-0.011099748279284283,-0.007112904820004706,-0.0010080876665128358,0.0096276668349482,-0.0038772005028215872,-0.0023866082507852937,0.24857755946576746,99.64612,99.9525,-0.2,6.298399925231934
2012-03-06,-0.019109504876834826,-0.017515298457330353,-0.01872978848839857,-0.06687662298513786,-0.0320459983852992,-0.047372457133140866,0.006784809473649567,0.020110764350246946,-0.015489506127543962,-0.02122682787064445,0.24799684525392862,99.64612,99.9525,-0.21,6.307700157165527
2012-03-07,0.013848335791232458,-0.008535398799849325,0.007094568258127154,-0.015678722100195053,0.007875635186413987,-0.028831805219655893,-0.0018800723237406558,0.012370717119171815,0.006876921722994034,-0.009601663390697013,0.24861604971725298,99.64612,99.9525,-0.22,6.3144001960754395
2012-03-08,0.0039484695286491345,-0.020982986219588717,0.008753783142556593,-0.013453642515811381,0.006758141202287016,-0.035928895355006985,-0.006923869957621065,0.004812024948812166,0.009770049174722573,-0.005970770760507449,0.24965312702009476,99.64612,99.9525,-0.21,6.310200214385986
2012-03-09,0.007664302233470366,0.006539066575787622,0.007509597525348077,0.0012281637599347306,0.0174122219965982,-0.011099748279284283,0.011055354157422315,0.008028133683197325,0.0036246730207318834,0.0009049372880829409,0.25574217064065585,99.64612,99.9525,-0.24,6.316500186920166
2012-03-12,-0.009918722643752709,-0.003567119967235577,-0.006862038788651326,-0.0022338783510180704,-0.005465892943332884,-0.005465892943332884,-0.0021261738364524163,0.006910047513257744,0.0001604477867873655,0.004942585577691894,0.24754949655930075,99.64612,99.9525,-0.24,6.310999870300293
2012-03-13,0.0034733924104397573,0.019015777320039007,-0.003242067243859559,0.01325384289352094,0.01682235732572912,0.04340246276769544,0.003998501946754551,0.004123739986362729,0.017969133090434575,0.03840122479567043,0.23395542461763152,99.64612,99.9525,-0.2,6.325200080871582
2012-03-14,-0.012067637565450262,-0.006900196036643713,-0.030695984709045554,-0.02453671007365177,-0.014085676360502841,0.02144115122077861,0.004603368840658817,0.010607181150762202,-0.0011969780885960901,0.030327324984080306,0.23844899710108958,99.64612,99.9525,-0.07,6.326700210571289
2012-03-15,-0.00303980184138819,-0.013888467406681038,0.010055800575299756,-0.023234692640908605,0.0129300877001568,0.027613097718648394,-0.0051023200115141165,0.01242873109686915,0.005949465701560186,0.02650674151091792,0.24112899049638922,99.64612,99.9525,-0.08,6.331699848175049
2012-03-16,0.018381975519089266,-0.003170794121062137,-0.002172193946764267,-0.03291648411302095,-0.004635570338354711,0.005565305383695485,-0.004627066916958356,-0.0032536899775115202,0.001118772476700336,0.024000840966886372,0.24141639916429108,99.64612,99.9525,-0.09,6.32919979095459
2012-03-19,0.00957477738678314,0.01632270590947371,0.006862550608128792,-0.01919189471624083,0.00822622287996988,0.01925742120699825,-0.004144976604718131,-0.005272492745777235,0.003965971514070965,0.02780636469416997,0.24231773634814682,99.64612,99.9525,-0.03,6.32289981842041
2012-03-20,-0.02321111001024434,-0.010361796511210386,-0.012192373023584224,-0.028142200495965497,-0.020171315045768523,-0.017736251164499395,0.001760556233901589,-0.0075104384586301975,-0.003005028734389903,0.006832202869345494,0.23996791873967285,99.64612,99.9525,-0.04,6.318600177764893
2012-03-21,0.015595919777412703,0.01730176083165258,0.0020020323227809556,0.0045558165358610125,0.005600762847944418,0.0019501880439478647,0.0005024609719752604,-0.011611346327313754,-0.0018729499037748454,0.006156231054166739,0.2096719726854143,99.64612,99.9525,-0.08,6.320700168609619
2012-03-22,-0.018060863548795325,0.0022806991242454444,-0.0046775598195614165,-0.01017754385900016,-0.02153162310813639,-0.032511522764345324,0.0013804433857078635,-0.005128582930091774,-0.007232634226897794,-0.007025868874291241,0.2228032864367841,99.64612,99.9525,-0.08,6.319799900054932
2012-03-23,0.014325042470723304,-0.0017762339241205183,0.01210448684018317,0.004099136927947278,0.01108631015545991,-0.016789642270530702,-0.005028946234241438,-0.005530462247374857,0.0031040360075564877,-0.0050406053434350895,0.22536423813527032,99.64612,99.9525,-0.11,6.300099849700928
2012-03-26,0.0014959893540211766,-0.009855021956882482,0.013860040758867598,0.011096627078686083,0.01975372246240381,-0.0052621426880967714,-0.005180981342297386,-0.006566466984954111,0.013790299964088426,0.0047837231065823715,0.2297851238562787,99.64612,99.9525,-0.08,6.304500102996826
2012-03-27,0.0027990599624363455,0.016155148015798204,-0.0004153643128494977,0.02287363578942081,-0.0016742887042060506,0.013234883653465701,0.0013926774359793725,-0.006934345782876328,-0.0028207497542460658,0.004968002086726209,0.22934721948719067,99.64612,99.9525,-0.13,6.306000232696533
2012-03-28,-0.018050674544806355,-0.017491446306420855,-0.016095135389950777,0.004776468076689078,-0.02400324187532732,-0.016369121069806036,0.0015171019737820757,-0.0059197047810695125,-0.004953758683289067,0.0018871933072119873,0.2416132462271187,99.64612,99.9525,-0.11,6.303100109100342
2012-03-29,-0.02526677332144267,-0.0246973560790682,-0.003444052396309516,0.006009975499940978,0.0018467145783294114,0.007009216616659764,0.00025257853570437305,-0.007047569631073003,-0.0016092239433875832,0.007510603590722198,0.2395421150007445,99.64612,99.9525,-0.13,6.301599979400635
2012-03-30,0.002332341864948795,-0.03669005668484271,0.010296702536995106,0.0042021911967529135,0.007876116379945453,0.0037990228411453053,-0.0031623579454658213,-0.005180981342297386,0.0036916136216209594,0.00809818120478667,0.23575107920972585,99.64612,99.9525,-0.09,6.306000232696533
2012-04-02,0.021225351101460177,-0.01696069493740371,0.004900183733836272,-0.004757665828278412,0.024411949617079154,0.008457249995820648,-0.0013946196916698739,-0.0013946196916698739,0.007476626120983099,0.0017845073616813423,0.2505540254940183,99.64612,99.9525,-0.14,6.295300006866455
2012-04-03,-0.011661393749894167,-0.03142114864973422,-0.004480963435036678,-0.008823264950465592,-0.0007658976707745069,0.009365641029252192,0.008338692024769223,0.005551394897119977,-0.003996611820141993,0.0006086452957854149,0.24717455596116183,99.64612,99.9525,-0.06,6.295599937438965
2012-04-04,-0.024723868582564812,-0.03809434268749268,-0.035161865156342564,-0.02788999471685738,-0.03376502454938146,-0.0003961416448019506,0.0035166925169924923,0.007550985440330393,-0.010254926852537594,-0.004692522873463112,0.2501047734397541,99.64612,99.9525,-0.05,6.295199871063232
2012-04-05,0.01797095290832651,0.005143383542276503,0.0099975844618303,-0.014448357858717564,0.001583751644198328,-0.0006591045789330341,0.003879095836366808,0.011177502740992828,-0.0006292401524214952,-0.003712539082497024,0.24877342698913235,99.64612,99.9525,-0.08,6.296199798583984
2012-04-09,-0.008261683653910445,-0.005450641976582737,0.00856012564247699,-0.01618493475323568,-0.020113900796336903,-0.02864912175521539,-0.004255279655007271,0.010084581031451378,-0.011423437999542152,-0.018827590703660135,0.25737480086697995,99.64612,99.9525,-0.17,6.30649995803833
2012-04-10,-0.014153985766075294,-0.04082997884411821,0.01029688080126423,-0.010788237685807722,-0.01901719136334168,-0.07207826273563622,0.002004712235878614,0.013483912958999866,-0.01722902527718606,-0.043533242101829295,0.2556685365683269,99.64612,99.9525,-0.24,6.306700229644775
2012-04-11,0.016493603409726276,-0.012674981684497766,-0.00030134096958533974,-0.006608615220356384,-0.0027464973874329335,-0.07405886245229465,-0.0013778496776577498,0.0037673712565728934,0.007421289800123354,-0.03211534048156395,0.25546105405537384,99.64612,99.9525,-0.25,6.309500217437744
2012-04-12,0.009111262585512314,0.02116014948357936,0.012281118861903195,0.040834368797889375,0.02189822322848478,-0.018395614674428407,-0.006286956552026268,-0.006036277812445867,0.013685315235976603,-0.008175098393049751,0.2608453618132282,99.64612,99.9525,-0.22,6.306700229644775
2012-04-13,-0.00784619275703946,-0.00465699618178661,-0.01222085811828233,0.018615926217776746,-0.025479990870448166,-0.0454593571890749,0.007539599539395425,-0.00237577410941725,-0.01255346712505645,-0.020099325365684706,0.27017788770880086,99.64612,99.9525,-0.25,6.305799961090088
2012-04-16,0.0009719914556356457,0.004576678927759481,-0.006288202983069091,0.003767597592230665,0.00027602206390975326,-0.025069434328828244,-0.004139681017204744,-0.0022601754716147227,-0.000503727240173113,-0.009179614606315667,0.26439214544307726,99.64612,99.9525,-0.26,6.299200057983398
2012-04-17,0.012262951528408728,0.030993616222243503,0.0009700501859493116,-0.0055592330230842535,0.00550358587299371,-0.0005486570924928547,-0.0010061858339174279,-0.0052710735414107646,0.015367979157954181,0.023417389828824575,0.266121152136957,99.64612,99.9525,-0.26,6.312300205230713
2012-04-18,-0.01479215655525934,-0.0002921437427421125,-0.006992822669181109,-0.012250714722680023,-0.004400456017598309,-0.00220261572265823,0.0007546863074390231,-0.0031385375563139917,-0.004063533761746285,0.011932566266954936,0.2630375543830925,99.64612,99.9525,-0.26,6.300300121307373
2012-04-19,-0.0039036014828086607,-0.013307007811063087,0.0010977172197064178,-0.0234341163648768,-0.00041357219359894337,-0.024514411144741954,0.0003771296793377843,0.003525548675050061,-0.005952075477202001,-0.007704824446223668,0.2560868745086412,99.64612,99.9525,-0.21,6.30109977722168
2012-04-20,0.007597994957112775,0.002137179903089148,0.0009138819427354505,-0.01029937630385902,0.018983214772107182,0.019948794497813394,-0.004787677767230214,-0.008801728631575578,0.001168582621337677,0.006017225300170459,0.26549338239342535,99.64612,99.9525,-0.24,6.302999973297119
2012-04-23,0.0005820484984653262,0.0017472369459188286,-0.006230900532803396,-0.010242073853593325,-0.019948794497813394,-0.00027602206390975326,0.0030264571155829145,-0.00163559049878792,-0.0084431131028877,-0.0019221605625441285,0.2640743316663336,99.64612,99.9525,-0.26,6.307400226593018
2012-04-24,0.0042582318636643635,-0.0062574827188255355,0.0067788439398652756,-0.004433280099677361,0.013297902961392216,0.0075182950244887525,-0.0025213950449725075,-0.0031507997098429996,0.0036730196416288052,-0.013617120078869505,0.2655477407238083,99.64612,99.9525,-0.25,6.305699825286865
2012-04-25,0.005489489192432195,0.014024163028865999,-0.0009742879677308025,0.0015852546017729452,0.007867659669956062,0.019786410712043123,-0.00265435383068624,-0.006559839847968263,0.013552342898741188,0.003998756581617968,0.25645244131486206,99.64612,99.9525,-0.24,6.305300235748291
2012-04-26,0.00412134855872992,0.02204911307040458,0.011027043678364379,0.011514581060430906,0.018076378100555512,0.03827636100619758,-0.0012664448304837705,-0.008203414357789818,0.006657952133507727,0.016608784192327697,0.26602972049943746,99.64612,99.9525,-0.29,6.301499843597412
2012-04-27,0.0036280090140943244,0.01807912712738613,0.002647747633252706,0.013248446750948162,0.013706078294257074,0.03299922452834747,-0.0026648922953711462,-0.00608062888593075,0.0024114139290238867,0.017851615500013907,0.2575651925779794,99.64612,99.9525,-0.3,6.295199871063232
2012-04-30,-0.0005719500415306555,0.016925128587390148,-0.000360627269362368,0.01911872001438919,0.0035277949917518203,0.056475814017912684,0.0011429802311822002,-0.007964105770331464,-0.0038910622753700608,0.022403666327531546,0.25774885252711593,99.64612,99.9525,-0.3,6.304200172424316
2012-05-01,0.012225910483420144,0.02489280720714593,-0.0010225697890646757,0.011317306285459239,0.0016941441133653257,0.044872055169885794,0.0008880393117269847,-0.004554671413631972,0.005642435719684258,0.024373082405587,0.25640382344497853,99.58335,99.83162,-0.28,6.286399841308594
2012-05-02,-0.008894016615986544,0.010509301398727189,-0.0050073567381776485,0.007284237515012393,-0.014294352586401438,0.022710042913528294,0.003417898722191559,0.0015175811392458272,-0.0024998055766589644,0.008320933930186847,0.2451603640936423,99.58335,99.83162,-0.28,6.287499904632568
2012-05-03,-0.025800432620052938,-0.01941247978005567,-0.011680430512859274,-0.01542323667621126,-0.013831859146124392,-0.00919819433315161,0.001136772691440413,0.003920798661170011,-0.007688351103507074,-0.006025369306827955,0.2487227409162842,99.58335,99.83162,-0.27,6.290999889373779
2012-05-04,-0.040297976792254886,-0.06333846558640488,0.0064046089873679435,-0.011666375322096023,-0.0025477792466759297,-0.025452051874084614,0.0031507997098429996,0.009736490666384157,-0.016278995721589418,-0.02471577895744126,0.22085770181746212,99.58335,99.83162,-0.3,6.288599967956543
2012-05-07,-0.005599927290047546,-0.06836644283492177,-0.0037157632506863436,-0.015021511303419999,0.014264039174506804,-0.01471580769132963,0.0016344663683636185,0.010227976803565575,0.00035051958289678,-0.020474197099174418,0.22685439410452962,99.58335,99.83162,-0.27,6.290999889373779
2012-05-08,-0.009540983207825704,-0.09013333652616762,-0.02134169438191158,-0.0353406358962669,-0.024656216154853583,-0.04106616795954854,0.001631894937168532,0.010971832429007122,-0.0042878531349686,-0.030404485953827276,0.23236331052301304,99.58335,99.83162,-0.28,6.298600196838379
2012-05-09,-0.00206381848046977,-0.08330313839065084,-0.006442183199088625,-0.03677546235717788,-0.004350732618088937,-0.031122547991236038,0.004380189254110434,0.011934122960925997,-0.006724827531781941,-0.03462950790895025,0.2229133580717714,99.58335,99.83162,-0.27,6.308199882507324
2012-05-10,0.0027851302062504857,-0.05471757556434742,0.0008780886453685355,-0.02421694319895007,0.005977421896288471,-0.011313266948823175,0.0003745399736603261,0.01117189024314591,0.0025142474063848397,-0.02442690939905834,0.2234560126531795,99.58335,99.83162,-0.25,6.309800148010254
2012-05-11,-0.009833986213511281,-0.024253584985603815,-0.007235694057576403,-0.037857246243894416,-0.011716750752976735,-0.02048223845512398,0.002119810876624051,0.010140901409926961,-0.0033930913342814506,-0.011541005011750372,0.21343225815613226,99.58335,99.83162,-0.28,6.3144001960754395
2012-05-14,-0.01414300984607575,-0.03279666754163202,-0.014630373776525651,-0.048771856769733724,-0.02539864383243229,-0.06014492146206307,0.003978121858514427,0.01248455690007777,-0.011175073102339006,-0.023066597696986157,0.2133142710921693,99.58335,99.83162,-0.33,6.310400009155273
2012-05-15,-0.008476374265780962,-0.031732058599587276,-0.0024378832424805097,-0.029868045630302653,-0.009888439786565728,-0.04537714509377522,0.007662906706657147,0.018515568669566385,-0.005762408276502207,-0.024541152838519764,0.21551757429329976,99.58335,99.83162,-0.36,6.321400165557861
2012-05-16,-0.012527663092449792,-0.0421959032115673,-0.013320661016581248,-0.036746523447795276,-0.010561017083711377,-0.05158742955939766,0.0018451511750603444,0.015980530590516295,-0.004413543928947661,-0.022229869235685484,0.21625520925158354,99.58335,99.83162,-0.33,6.31850004196167
2012-05-17,-0.002697309792930369,-0.04767834321074815,0.02462595876150342,-0.012998653331660392,-0.0015793929112348781,-0.059144244366921006,0.0001228203606569167,0.015728810977512886,-0.015165797405604309,-0.03990991404767463,0.2161018626032069,99.58335,99.83162,-0.35,6.3180999755859375
2012-05-18,-0.01173665065854923,-0.0495810076557861,0.01080202267237329,0.005039063398289301,-0.0028781111507452106,-0.05030560476468948,-0.0011064898024910619,0.012502510298397773,-0.007415201826755258,-0.04393202454014844,0.21604394829373091,99.58335,99.83162,-0.39,6.320700168609619
2012-05-21,0.011844705932017696,-0.023593291877692657,-0.0020125485861335335,0.01765688858868142,0.009894648328230948,-0.015012312604026246,-0.002586674853857218,0.005937713586026128,0.015908684395839146,-0.01684826704197029,0.2069680328459951,99.58335,99.83162,-0.41,6.3282999992370605
2012-05-22,-0.009878992748250326,-0.02499591036016202,-0.007646876018406523,0.012447895812755405,-0.0047200249023753305,-0.009843897719835848,0.007250370782912796,0.005525177662281777,0.0004862187951424346,-0.010599639970325647,0.1973270783287056,99.58335,99.83162,-0.38,6.323699951171875
2012-05-23,-0.01938816058352355,-0.03185640785123578,-0.018052002832832592,0.007716553996504061,-0.025998109663678548,-0.02528099029980302,0.005129446799245763,0.008809473286467195,0.0016922705145487882,-0.004493825526829198,0.2061608423349698,99.58335,99.83162,-0.41,6.318699836730957
2012-05-24,0.008418327455941288,-0.020740770602364123,0.005925227079559114,-0.010984177685440244,0.00908162074522223,-0.014619976643345911,0.002433442993975632,0.01112009591978591,0.0013790801585873425,0.012051052037362453,0.20705901424570045,99.58335,99.83162,-0.37,6.33050012588501
2012-05-25,0.0022035811421670104,-0.006800538801647882,0.00735744315100284,-0.014428757206810694,0.005525694968960382,-0.006216170523640319,0.0013358506901308687,0.013562436412407841,-0.0021679807027599196,0.01729827316135779,0.19467639979646315,99.58335,99.83162,-0.38,6.3403000831604
2012-05-29,-0.0011011835999745756,-0.019746428333640154,-0.012959745819267177,-0.025375954439944337,0.004485305563681763,-0.011625513288189504,0.00048533020322505394,0.016634441469490113,0.01101805527882771,0.012407644044346355,0.18641987106554372,99.58335,99.83162,-0.37,6.339000225067139
2012-05-30,-0.03292942179021985,-0.042796857375609676,0.009511671214860407,-0.008217407206677407,-0.0224827403358141,-0.029388228721628273,0.006890322564961693,0.01627439325153901,-0.01443862930479689,-0.0025172040555929698,0.1936508960270695,99.58335,99.83162,-0.45,6.3414998054504395
2012-05-31,-0.014798101147191822,-0.03820679793927795,-0.0005118674635919973,0.009322728162563187,-0.007112174006179028,-0.010502293064128754,0.0003613222411553707,0.011506268693448618,-0.0022792610600435026,-0.0064887356301852606,0.1916902156863754,99.58335,99.83162,-0.5,6.3506999015808105
2012-06-01,-0.038883260420146115,-0.08550838581536535,0.03638365864295867,0.039781159725962745,-0.015736558645103038,-0.03532047245445402,-0.0018080102026729605,0.007264815496800026,-0.02495129541436114,-0.032819111203133744,0.19250921509589727,99.58865,99.71526,-0.59,6.368599891662598
2012-06-04,0.008970815137839594,-0.07874115181969277,-0.005135068018744526,0.027288648556215378,-0.0018143464618964877,-0.04266051388531089,-0.004110212905307442,0.0018187519013617148,0.00010954819498731894,-0.030541582305386505,0.1911536476876526,99.58865,99.71526,-0.56,6.369699954986572
2012-06-05,0.003684529641968304,-0.07395543857774989,0.0018590822053798917,0.042107476580862446,-0.004702270420449128,-0.05184808986944178,0.0030238909134565617,0.004357312611593223,0.0057105145943596725,-0.03584912298985454,0.19083442990769298,99.58865,99.71526,-0.56,6.364099979400635
2012-06-06,0.008623238575570014,-0.032402778211960026,0.010837604631932507,0.04343340999793455,0.027148237271948927,-0.0022171122616787553,-0.0058140104295860695,-0.00834702038295454,0.02278777604804816,0.0013772823629905062,0.21204698517561113,99.58865,99.71526,-0.5,6.367499828338623
2012-06-07,-0.002355122998074499,-0.019959800062842703,-0.02870301591992863,0.015242261541597912,-0.0028154502958677163,0.0020796114486325568,-0.0032852330886266046,-0.011993575712736515,-0.00010647016016740452,0.0035500732628666043,0.20009878252567811,99.58865,99.71526,-0.49,6.363900184631348
2012-06-08,-0.008524811613245475,0.010398648744057937,0.0022035454843187807,-0.01893785161704198,-0.025854428907113203,-0.008038258813377608,0.005590669276837268,-0.004594896233226287,0.008081420799989303,0.03658278947721705,0.21361859814895137,99.58865,99.71526,-0.5,6.368800163269043
2012-06-11,-0.016786983707177683,-0.01535915010095934,0.0033902747537384315,-0.01041250884455902,0.018556788844878547,0.012332876493397427,0.0,-0.0004846833279188445,-0.012700423815401152,0.023772817466828577,0.2260628290218881,99.58865,99.71526,-0.53,6.373899936676025
2012-06-12,0.0074690476019760865,-0.011574632140951557,0.010722595990918293,-0.0015489950590206192,-0.003293884623492893,0.013741262290353662,-0.0012126907938432296,-0.004721265035218636,0.011583389901240082,0.029645692773708987,0.22464424535153668,99.58865,99.71526,-0.48,6.372799873352051
2012-06-13,-0.008436797517908268,-0.02863466823442984,0.0033428436084408375,-0.009043756082512289,0.0017979637809661941,-0.011609011200629071,-0.004377978482994038,-0.0032852330886266046,-0.0070480300711039945,-0.00019011334544316583,0.2118389427724794,99.58865,99.71526,-0.51,6.370699882507324
2012-06-14,0.015493024313110837,-0.010786520923244503,0.00018541562118556953,0.019844675458601913,0.004182909406800439,-0.004610651497960916,-0.001829845239955219,-0.001829845239955219,0.01075659264986939,0.010672949464593628,0.2116795808425064,99.58865,99.71526,-0.47,6.352200031280518
2012-06-15,0.0014290238878569284,-0.0008326854221420987,0.005299806280194552,0.022940936254477684,0.009200212849286071,0.030443990258438358,-0.003792348933608025,-0.011212863450400512,0.010284745652146654,0.01287627431675098,0.21305895134176336,99.58865,99.71526,-0.54,6.373600006103516
2012-06-18,-0.009085563479249714,0.00686873480578587,-0.0007993660139984371,0.018751295486740815,0.003244337943224984,0.015131539356784796,0.004280641357357062,-0.00693222209304345,0.0014437039589356715,0.027020402091087803,0.21365831551345202,99.58865,99.71526,-0.54,6.366799831390381
2012-06-19,0.009085563479249714,0.008485250683059498,-0.0021552396687365416,0.005873459827085981,0.010690583829480627,0.029116007809758315,-0.006980613450973117,-0.012700144750173337,0.00976783441761242,0.02520484660746014,0.2174179853254221,99.58865,99.71526,-0.53,6.357600212097168
2012-06-20,-0.02689658249688165,-0.009974534295913884,-0.00457208231963957,-0.002041466100994427,-0.013491920566484294,0.013826123462307827,0.0014735986546954294,-0.006848567612483869,-0.0016877805127712975,0.030565096165792838,0.21840682281301027,99.58865,99.71526,-0.51,6.354700088500977
2012-06-21,-0.04500767239002457,-0.07047523099904929,-0.03164485610772605,-0.033871737829906046,-0.027390713644175557,-0.01774749958866817,0.010133800701110474,0.0051150783285818235,-0.02251320818337632,-0.002704704667452873,0.23587647041268617,99.58865,99.71526,-0.47,6.349899768829346
2012-06-22,0.019752543910584563,-0.05215171097632165,0.0009583134418109651,-0.03821323066828963,0.003030302393570272,-0.02391741004438397,-0.0012154915020827772,0.0076919357601070715,0.007148989234504022,-0.005840461085095505,0.2207018442303093,99.58865,99.71526,-0.42,6.3649001121521
2012-06-25,-0.006919610518854036,-0.049985758015925974,0.013635854216098586,-0.02377801043819261,0.002719392695934131,-0.024442355291674822,0.0029147198595467216,0.006326014262296731,-0.016083502390602966,-0.023367667434634143,0.21800718733219682,99.58865,99.71526,-0.47,6.364200115203857
2012-06-26,0.0018919287495799963,-0.05717939274559569,-0.008540301789498272,-0.03016307255895434,0.0004525619564565986,-0.03468037716469885,-0.0010919898784669257,0.012214637834802922,0.004761368161021018,-0.028374133691225545,0.21661459425058285,99.58865,99.71526,-0.45,6.363399982452393
2012-06-27,0.010653713297164025,-0.019629096951550018,0.0022211654380193124,-0.023369824801295458,0.009306551465630974,-0.011881905132583581,0.0023039458643525634,0.013044985044460056,0.00894478141961752,-0.017741571758836727,0.21902618370331994,99.58865,99.71526,-0.45,6.36269998550415
2012-06-28,-0.03192160357740015,-0.0065430281389255995,-0.017779983130193244,-0.009504951823762653,-0.006144626304847023,0.009364182206744953,0.0013314849536669726,0.004242669297016555,-0.0021120283457669586,0.002659608078772635,0.20638027155185376,99.58865,99.71526,-0.48,6.357600212097168
2012-06-29,0.08945396633034441,0.06315839428083425,0.03412740784803514,0.023664142582461523,0.048131365631251866,0.05446524544442655,-0.012414919011102477,-0.006956758212003145,0.02461479373492015,0.02012541257918876,0.2655351160051763,99.58865,99.71526,-0.46,6.357399940490723
2012-07-02,-0.014344376012472182,0.055733628787216105,-0.0039366745152218385,0.006091613851141098,-0.007189131075822086,0.04455672167267033,0.0026908188319252346,-0.007180659239624632,0.0024562921587065745,0.0386652071284983,0.26002747860740627,99.58865,99.71526,-0.5,6.354100227355957
2012-07-03,0.04562956606177426,0.09947126609941037,0.014976261054685303,0.029608176695324673,0.019859205839880767,0.0639633655560945,-0.001099956926619683,-0.007188626287777389,0.006212771568424813,0.0401166105359021,0.26658957707089354,99.58865,99.71526,-0.48,6.348700046539307
2012-07-05,-0.00503206035665027,0.08378549244559608,-0.007677595841302676,0.019709415416002685,-0.013243331724843266,0.04141348236562026,0.012516097553761263,0.0030235254016313107,-0.004698041566321365,0.026473787549963212,0.27138290606446336,99.58865,99.71526,-0.51,6.347599983215332
2012-07-06,-0.03227406929335075,0.08343302672964548,-0.019139039655363455,0.018350358890832474,-0.02423039380428449,0.02332771486618279,0.005779707375706877,0.007471747823671215,-0.009477418655581715,0.019108397240148456,0.27167471194956083,99.58865,99.71526,-0.53,6.355999946594238
2012-07-09,0.018071378463078602,0.012050438862379664,0.006441418654736353,-0.009335630302466313,0.006295346237178645,-0.01850830452789043,-0.0015619979125727212,0.01832466892220097,-0.0016401761705182594,-0.007146572665289952,0.2721665413141004,99.58865,99.71526,-0.57,6.364799976348877
2012-07-10,-0.02448614605474919,0.0019086688201026547,-0.005871368037160707,-0.011270323824405182,-0.00967898178333626,-0.020998155235404603,0.002402078300211663,0.0180359283904874,-0.008159121789590884,-0.01776198661358741,0.25759031931005183,99.58865,99.71526,-0.59,6.371300220489502
2012-07-11,0.022390681842448856,-0.02133021539922275,-0.0025995244667154083,-0.028846109345805893,0.014628754433812619,-0.02622860664147275,0.002516015034673913,0.021651900351780995,-1.492368899036478e-05,-0.02398968187100259,0.25466779128106365,99.58865,99.71526,-0.57,6.365699768066406
2012-07-12,0.0031415963172936046,-0.013156558725278877,-0.006560277556704186,-0.027728791061207403,-0.009191136505297681,-0.022176411421927167,0.0009568453124568777,0.01009264811047661,-0.004999574352459568,-0.02429121465714079,0.2568401681135022,99.58865,99.71526,-0.58,6.371600151062012
2012-07-13,0.011779748654734412,0.030897259222806284,0.01691784444328981,0.00832809303744586,0.02575373451820062,0.027807716900557944,-0.004192859865518983,0.00012008086925074934,0.016362759247573244,0.0015489632460141678,0.2706995401536248,99.58865,99.71526,-0.59,6.376299858093262
2012-07-16,0.015154415698932056,0.027980296458659737,-0.00025136636004408075,0.001635308022665427,-0.005586211595188573,0.015926159068190726,-0.002524272205663536,-0.0008421934238400652,-0.002316995891620266,0.0008721435249121612,0.27192633208310657,99.58865,99.71526,-0.61,6.3927001953125
2012-07-17,0.008893961343376944,0.06136040385678587,-0.0013206149982707416,0.006186061061555392,-0.008076155193895485,0.017528985657631502,-0.0007223400308937755,-0.003966611754945504,0.007382355809911978,0.016413621124415023,0.2725631470640989,99.58865,99.71526,-0.59,6.378799915313721
2012-07-18,0.0072589688499400395,0.046228690864277056,-0.011837423346489295,-0.0030518378182184946,0.005775349747633163,0.008675580971452046,-0.0009639937258629772,-0.007446620515482394,0.006658275330084784,0.023086820143490172,0.272972638449685,99.58865,99.71526,-0.6,6.373300075531006
2012-07-19,0.03057270727850714,0.07365980182549059,0.006157741197844402,0.009666180936330093,0.017411563188559187,0.035278280665308914,-0.0006028992986149007,-0.009006365126554172,0.0027134152485110974,0.030799809744460838,0.276922271654035,99.58865,99.71526,-0.62,6.3694000244140625
2012-07-20,-0.013253873324412524,0.04862617984634365,0.001517754311837649,-0.005733909195122067,-0.024491021123407064,-0.014966474976298771,0.00685221993958951,0.002038714678554321,-0.010112620534168393,0.004324429962719201,0.2868135254081092,99.58865,99.71526,-0.67,6.3730998039245605
2012-07-23,-0.03675659369705375,-0.0032848295496421542,-0.003418173005170111,-0.008900715840248097,-0.019619930381097328,-0.029000193762207527,0.0028711332479733898,0.0074341201321912465,-0.008948979003707613,-0.0023075531493681467,0.27830503096848425,99.58865,99.71526,-0.68,6.373899936676025
2012-07-24,0.004076099524838561,-0.008102691368180537,-0.0006977105953360763,-0.008277811437313431,-0.008463954426015441,-0.029387992994327483,0.0035774310699716594,0.011733891233056681,-0.009082050192423807,-0.018771959151703932,0.28021203786882426,99.58865,99.71526,-0.68,6.386099815368652
2012-07-25,0.005296695963182607,-0.01006496425493797,0.020101179321087237,0.0236607912302631,0.006539879025488915,-0.02862346371647173,-0.005849780863885989,0.006848104095033669,-0.00031391072211839344,-0.02574414520390711,0.28087300976112445,99.58865,99.71526,-0.67,6.387599945068359
2012-07-26,0.004709564294732793,-0.035928107238712315,0.004343785917845011,0.02184683595026371,0.005613858222886625,-0.04042116868214429,-0.008537286377571007,-0.0010862829839224375,0.016405662864951154,-0.012051897587467053,0.28134535842814407,99.58865,99.71526,-0.66,6.388599872589111
2012-07-27,0.00824422982295836,-0.01443000409134143,0.001794070444503859,0.02212315208292992,0.009384251871656701,-0.006545895687080527,-0.001208294928896514,-0.009146797852408461,0.018900814490450557,0.016961537437151897,0.2813739930353846,99.58865,99.71526,-0.61,6.384099960327148
2012-07-30,-0.003890822337575095,0.018435767268137226,0.0011118896446893345,0.026653214732789365,-0.003215952566699709,0.009858082127317092,0.0009667895744538413,-0.01105114152592801,-0.00048347644461088635,0.025427039996248624,0.2806033632036168,99.58865,99.71526,-0.64,6.380799770355225
2012-07-31,-0.019343847153924898,-0.004984179410626233,-0.005696226974696295,0.021654698353429147,0.0013168926130400216,0.019638929166372554,-0.0018134747834279707,-0.01644204737932764,-0.004326172766219827,0.030182917422452604,0.22302265814837452,99.58865,99.71526,-0.69,6.3796000480651855
2012-08-01,0.009606290718737753,-0.0006745846550710866,-0.004231260703660311,-0.002677741671318401,-0.01265473663130634,0.00044431350957729876,0.005069391383606181,-0.00552287513183547,-0.0029041929017452617,0.027592635242825736,0.22572974175024427,99.67224,99.58932,-0.67,6.361800193786621
2012-08-02,-0.02022343860160536,-0.02560758755140924,-0.010215956030912743,-0.017237483620076155,-0.02519247740576125,-0.030362022119070575,0.003245441558328288,0.006259852804063826,-0.0075319636241362176,0.0036550087537383646,0.22663807456720836,99.67224,99.58932,-0.69,6.368800163269043
2012-08-03,0.047844270434231895,0.013992453059864296,0.011649142470026241,-0.007382411594553773,0.023562291100509336,-0.01618398289021794,-0.011465994700114557,-0.003997846967154217,0.018861288185302527,0.0036154824485903347,0.24180562839332936,99.67224,99.58932,-0.66,6.367599964141846
2012-08-06,0.00871460230860066,0.026597877706040052,0.004287200553179105,-0.0042071006860640026,0.00650500110688168,-0.006463029216636551,-0.0013361752905582946,-0.006300811832166353,0.002326560724057458,0.006425519617258679,0.22868562694618086,99.67224,99.58932,-0.68,6.371500015258789
2012-08-07,0.015817850209885798,0.06175957506985075,-0.0019860201813832745,-0.0004968938927509825,0.015209432451923854,0.007429510622247282,-0.0007295423493829389,-0.005216879398121321,0.0050937627425931,0.015845455126071606,0.2338824416681103,99.67224,99.58932,-0.65,6.374000072479248
2012-08-08,-0.0034220940311602277,0.048731190319952766,0.0019860201813832745,0.005720386992292603,-0.005092749850872158,0.014991497402681464,0.002187124891825931,-0.008099145889901571,0.0006206338074532525,0.01937028183527012,0.23195760968562998,99.67224,99.58932,-0.61,6.366700172424316
2012-08-09,0.00010714087396568317,0.06906176979552381,0.0026005904265771207,0.018536933449782467,0.002767873174914559,0.04295184798335727,0.00302975450629539,-0.008314832941934469,0.0004135999951726532,0.02731584545457899,0.22641563572490858,99.67224,99.58932,-0.58,6.361400127410889
2012-08-10,-0.005262299153516281,0.015955200207775633,0.0016065102594868819,0.008494301239243107,-0.008180038755062569,0.011209518127785367,-0.0010896100909807416,0.002061551667199346,0.0021860506671051994,0.010640607936381663,0.2259297172297035,99.67224,99.58932,-0.6,6.362299919128418
2012-08-13,-0.0015086143491025439,0.005731983550072428,-0.0062552310083123785,-0.002048130322248376,-0.014924522795988215,-0.010220005775084529,-0.001333421698136661,0.00206430525962098,-0.0012526850781942045,0.00706136213413,0.21086761161419326,99.67224,99.58932,-0.58,6.359399795532227
2012-08-14,0.00752041505792711,-0.0025654516018862594,-0.006357111575335139,-0.006419221716200241,0.0002976860785319779,-0.025131752148476405,0.0004850947720758114,0.0032789423810797302,-0.00012815461202020373,0.0018394447795166968,0.21058179814108402,99.67224,99.58932,-0.53,6.362599849700928
2012-08-15,0.00958679600169976,0.010443438430973728,0.002684854905290912,-0.005720386992292603,-0.002384115879418891,-0.022423118177023138,0.002058962320293567,0.003150779809547366,0.00113899162944886,0.0023578026015123044,0.2093268141190499,99.67224,99.58932,-0.45,6.35890007019043
2012-08-16,0.01337351202335757,0.023709809580365615,0.007702395180227306,-0.0006185822386424178,0.010241242429126052,-0.014949748922811645,-0.0035149531586027294,-0.0033939278553507535,0.007075420387505638,0.009019622993845289,0.2118180737058477,99.67224,99.58932,-0.42,6.362299919128418
2012-08-17,0.004279570863336524,0.03325167959721842,0.0001237923777575034,-0.0021013001203717963,0.010575895915526878,0.0038061857477778016,0.0029097724834565852,0.0006054547190865733,0.0018703837394768996,0.008703956066216989,0.2054755851164775,99.67224,99.58932,-0.43,6.366300106048584
2012-08-20,-0.0004167196104472026,0.03434357433587376,0.0023482440213156153,0.0065021749092561976,-0.014274342091716852,0.004456366452049165,-0.0016963458777521367,0.00024253053947109748,-2.117505365362149e-05,0.009935466090757572,0.1938095784348015,99.67224,99.58932,-0.43,6.358500003814697
2012-08-21,0.007370903642669013,0.034194062920615664,0.012147418590036985,0.02500670507462832,0.02430571854133845,0.028464398914855638,-0.006692187939618677,-0.006934752172223391,-0.0035036668144439176,0.006559953888333858,0.2003919114014466,99.67224,99.58932,-0.45,6.359300136566162
2012-08-22,0.005981267947923641,0.030588534866839545,-0.0015256463843211776,0.020796203785016232,0.0010120682407661619,0.03186058303504069,-0.005140841118955741,-0.014134555611472699,0.00022637762345656398,0.005647339882341562,0.19739262798786805,99.67224,99.58932,-0.55,6.356299877166748
2012-08-23,-0.010231118019873087,0.0069839048236088885,0.01947442928767984,0.032568237892468765,0.010350872429186753,0.03197021303510139,-0.0015965278753276024,-0.012216130328197572,-0.008104999597722262,-0.009533080102886338,0.1990541278763579,99.67224,99.58932,-0.62,6.351900100708008
2012-08-24,-0.0012472210153235963,0.0014571129449487685,0.0001198258615104919,0.032564271376221754,-0.0022909905378138973,0.019103326581760616,0.0028229013142482273,-0.01230300149740593,0.0064339883432618095,-0.004969475499101428,0.19896789304664206,99.67224,99.58932,-0.6,6.354800224304199
2012-08-27,-0.007097413108374084,-0.005223580552978113,0.0015558470788290535,0.03177187443373519,-0.0010039397954173523,0.032373728878060115,0.0008576701808298282,-0.009748985438823965,-0.0004891344205226744,-0.005437434865970481,0.19689368263229726,99.67224,99.58932,-0.64,6.354800224304199
2012-08-28,0.008967740981487893,-0.0036267432141592337,-0.003534116332835069,0.01609033951086314,-0.004169939986934379,0.003898070349787286,-0.0035576422744458824,-0.006614439773651171,-0.0008085090427956132,-0.0027422770943221764,0.19716677938752586,99.67224,99.58932,-0.68,6.35699987411499
2012-08-29,-0.008758308186815,-0.018366319348897875,-0.004028476165369277,0.01358750972981504,-0.0021637031473935586,0.0007222989616275655,0.0022096780261451343,0.0007360793714497049,0.0008439929642989341,-0.0021246617534798062,0.19741159881763384,99.67224,99.58932,-0.64,6.355000019073486
2012-08-30,-0.00915260836036147,-0.017287809689386258,-0.0038028891605774717,-0.009689808718442272,-0.006374083297806088,-0.016002656765365275,0.0015928111037020187,0.003925418350479326,-0.007836429729673355,-0.0018560918854308994,0.19325531989760292,99.67224,99.58932,-0.63,6.351900100708008
2012-08-31,0.019363192605667656,0.003322603931604995,0.018633878966917372,0.008824244386964608,0.00391616286146701,-0.009795503366084368,-0.0052783563828002755,-0.004175839346569177,0.005060469767645515,-0.0032296104610471943,0.1684631929464651,99.67224,99.58932,-0.68,6.350200176239014
2012-09-04,-0.012202249153371092,-0.0017822321133920127,0.004914916675883063,0.012183313984018618,0.004189216078147595,-0.004602347492519421,0.0008611637975226571,-0.004172345729876348,-0.0011666393226885674,-0.003907115363213087,0.14997909464063847,99.67224,99.58932,-0.68,6.342100143432617
2012-09-05,0.000629367034740369,-0.010120606060139536,-0.001241230493302048,0.014476199823551639,0.018142106404168468,0.017709698898583426,-0.0009842745904888872,-0.0015989780459193526,-0.0010682316532886205,-0.0041668379737060945,0.1600882661524478,99.67224,99.58932,-0.69,6.347400188446045
2012-09-06,0.001781111786161027,0.00041881391283649094,0.006954661539328555,0.02545933752824947,-0.002409497061232946,0.01746390498474404,-0.001971366249772011,-0.005780022321836498,0.020229536612006882,0.015218705674001853,0.15313166610727405,99.67224,99.58932,-0.63,6.349299907684326
2012-09-07,0.009273308483373377,0.018844730756571337,0.02029081832827284,0.049553045017099784,0.036914821900467354,0.06075281018301748,-0.010289582156983279,-0.017662415582521795,0.0040417949889430815,0.02709693039261829,0.19518718954988545,99.67224,99.58932,-0.68,6.343200206756592
2012-09-10,0.0012438097286731065,0.0007253478795767876,-0.00507764575578129,0.02584152029440112,0.011963206596061093,0.06879985391761156,0.0013697855318248742,-0.011014273667896646,-0.006166805654652663,0.015869654970320113,0.19759029211368895,99.67224,99.58932,-0.68,6.342800140380859
2012-09-11,0.006504563291773735,0.019432160324721615,0.0017917055255480818,0.02271830914406614,0.003911233721384022,0.06852187156084799,-0.00624143826410517,-0.018116875729524473,0.003130052101452563,0.020166346394461243,0.1929611585708601,99.67224,99.58932,-0.68,6.337699890136719
2012-09-12,-0.001647915013603729,0.017154878276377516,-0.0006932031433573016,0.023266336494010886,-0.0012121793575070594,0.049167585799172464,-0.0015037941145843448,-0.01863639525361993,0.002090505602597048,0.02332508365034691,0.18144125395098265,99.67224,99.58932,-0.61,6.335100173950195
2012-09-13,0.013311638551163796,0.028685405041380285,0.022002773808938336,0.03831444876362067,0.004571733083809759,0.05614881594421517,-0.0060377004487834895,-0.02270272945263141,0.016178172153844095,0.019273719192184124,0.18072544841303054,99.67224,99.58932,-0.72,6.327400207519531
2012-09-14,0.006994123589509904,0.026406220147516812,0.00039564454858354026,0.018419274983931366,0.03285907173952829,0.052093065783276105,-0.005186320657096566,-0.017599467952744696,0.003951135292808772,0.019183059496049815,0.2026299505969354,99.67224,99.58932,-0.76,6.329999923706055
2012-09-17,-0.024334062581688798,0.000828347837154908,-0.0011873345034461025,0.022309586236266554,-0.01083351760476825,0.02929634158244676,0.0020271597147312193,-0.01694209376983835,-0.0031295828602662112,0.022220282290436266,0.210870425080296,99.67224,99.58932,-0.74,6.315299987792969
2012-09-18,-0.013860904585003553,-0.01953712003962238,0.0003959578383909701,0.020913838549109443,-0.0019704264607862676,0.02341468140027647,0.0030329589852788885,-0.007667696520454292,-0.0012805951321173126,0.01780963505686639,0.21163119519055656,99.67224,99.58932,-0.73,6.307499885559082
2012-09-19,-0.03535368435977748,-0.05324288938579613,0.00033921840196171615,0.02194626009442846,0.006944923839562911,0.03157178459734644,-0.0024003857692749264,-0.008564288175144874,0.0011848517443748818,0.016903981198644225,0.19968306609733286,99.67224,99.58932,-0.75,6.318600177764893
2012-09-20,-0.0011966344283482755,-0.0677511623653082,-0.0007351762403526862,-0.0007916899548625622,-0.01486574972717114,0.012134301786365542,0.004417324035479453,0.0018907363091180684,-0.0005408799928217078,0.0001849290519784219,0.20061630766037022,99.67224,99.58932,-0.7,6.309999942779541
2012-09-21,0.011041426648965569,-0.06370385930585254,0.00440283446371037,0.0032154999602642675,0.00818375713492192,-0.012541012818240826,-0.001007960628192528,0.006069096338022106,-7.532185571701433e-05,-0.003841528096547364,0.20073400507927502,99.67224,99.58932,-0.71,6.302999973297119
2012-09-24,-0.010388569633420275,-0.049758366357584016,-0.007575807663553036,-0.003172973199842666,-0.015366536075923642,-0.01707403128939622,0.0023921297379558837,0.006434066361246771,-0.0022351500693797988,-0.0029470953056609517,0.21081665110139097,99.67224,99.58932,-0.73,6.305500030517578
2012-09-25,-0.006110194124789636,-0.0420076558973701,0.000964334417972168,-0.002604596620261468,0.0074478008138083585,-0.007655804014801593,0.0003772730131998969,0.003778380389167779,-0.010557389418567986,-0.012223889592111625,0.21027106236249823,99.67224,99.58932,-0.74,6.3094000816345215
2012-09-26,-0.015329766349949203,-0.02198373788754182,-0.007512027785335995,-0.01045584280755918,-0.015893484308909578,-0.03049421216327408,0.004264887707493337,0.010443653865936042,-0.005753253211740805,-0.019161994548227312,0.22058265837024177,99.67224,99.58932,-0.77,6.3059000968933105
2012-09-27,0.02056933432783037,-0.00021776913136317688,0.01530555379885623,0.005584887231649738,0.009112880104568566,-0.006515582331534375,-0.004264887707493337,0.0017614421229632526,0.009602727708234227,-0.009018386847171378,0.2199123116503463,99.67224,99.58932,-0.78,6.301799774169922
2012-09-28,0.0036948962444265376,-0.007564299535902208,-0.003663317473184158,-0.00248126470524479,0.006648102047511761,-0.008051237418944535,0.004890590677102402,0.007659993428258183,-0.004487808236766533,-0.013430873228220896,0.2190840162771343,99.67224,99.58932,-0.77,6.3024001121521
2012-10-01,0.0031407499302540387,0.0059650200277721055,0.005293415039934857,0.010387957998243103,0.005286816693321095,0.012602115350300203,-0.0015022880263728666,0.0037655756639294324,0.00264799766799495,-0.008547725490846148,0.21576550173352863,99.88705,99.69496,-0.78,6.284800052642822
2012-10-02,-0.006400238352493481,0.00567497580006826,-0.004390443242589193,0.005033180337681742,0.0036841986778914926,0.008838513214383337,-0.001002780634027367,0.0023855220167021685,0.000871906727265781,0.0028815706549876197,0.21577686755974215,99.88705,99.69496,-0.83,6.284800052642822
2012-10-03,-0.04166575038155074,-0.020661008231533273,0.0025916057639054912,0.015136813886923228,-0.0034206089742883083,0.021311388549004606,0.002880264445050962,0.0010008987542597936,0.003617857293033211,0.012252681159761636,0.21757714617952692,99.88705,99.69496,-0.83,6.32420015335083
2012-10-04,0.039704962098956464,-0.0015253804604071775,0.009408103578217641,0.009239363666284639,0.0,0.01219850844443604,-0.007783151865621285,-0.0025173654038681548,0.00714882173169773,0.009798775183225139,0.2120094479617154,99.88705,99.69496,-0.86,6.322500228881836
2012-10-05,-0.020155997829196082,-0.025376274534029797,-0.00867696557838915,0.004225715561079646,-0.0021107915709628333,0.0034396148259614456,-0.00012605881367111493,-0.007534014894641672,-0.0003216410840751749,0.013964942335916497,0.21190868393857593,99.88705,99.69496,-0.82,6.3221001625061035
2012-10-09,0.03368134286500979,0.005426538205806963,-0.005938091815806956,-0.00548687707737372,0.0005365057628783365,-0.02070133111067718,0.0051413498193122464,0.002630085945872551,-0.009940182135141917,-0.0029578680419151127,0.17917926795817235,99.88705,99.69496,-0.81,6.287099838256836
2012-10-10,-0.012415748613801902,0.0346765399735558,0.00011340886782296167,-0.00796507397345625,0.0,-0.01728072213638887,-0.00037528967992983553,-0.0006254681791082461,-0.0062072555664816065,-0.01278298090142993,0.17871743942450763,99.88705,99.69496,-0.8,6.28849983215332
2012-10-11,0.008946161522548124,0.003917739397147457,0.0031710658827703853,-0.014202111668903505,0.008012855578287459,-0.009267866558101412,-0.0017532802528092972,0.005404403433703742,0.00019537043698480971,-0.01973643219614285,0.1806549541112891,99.88705,99.69496,-0.77,6.298999786376953
2012-10-12,-0.0022834684431343177,0.02179026878320922,-0.00612457890334106,-0.011649724993855415,-0.011908915067468495,-0.019065990054607074,-0.0011286931304432812,0.004401769116931575,-0.002970544956016674,-0.02238533606808435,0.1850847088246492,99.88705,99.69496,-0.78,6.2778000831604
2012-10-15,-0.00010889049360596204,0.02781939683701573,-0.01259318302482626,-0.02137137899338093,-0.0008079776979765807,-0.0041675314242792805,0.0006271771173098628,0.0025112638734396953,0.00804547075266715,-0.010877141467988238,0.14086983752488957,99.88705,99.69496,-0.78,6.265999794006348
2012-10-16,0.0026095249182320757,-0.0032524211097619826,0.004998976879014627,-0.010434310298559346,-0.0009434557747041161,-0.005647492961861733,-0.004650817455688738,-0.0072809034015612895,0.010217555817170876,0.009280596484324555,0.13695792298512574,99.88705,99.69496,-0.71,6.269700050354004
2012-10-17,0.00032578480110689867,0.009489112305146818,0.0038899705382311467,-0.006657748628151161,0.011929666987730236,0.006282174025868503,-0.004419555206403025,-0.01132516892803448,0.004108606125954317,0.01959645817676048,0.14435532125478842,99.88705,99.69496,-0.65,6.263700008392334
2012-10-18,-0.00021717807411825163,0.00032577270848044293,-0.004692666879352103,-0.01452148139027365,-0.0014667855619217018,-0.0031974671143406574,0.004419555206403025,-0.005152333468822157,-0.0024467198768949316,0.016954367862880737,0.14171020036121057,99.88705,99.69496,-0.66,6.25439977645874
2012-10-19,-0.02250982118207201,-0.01990058003045725,-0.011828994235928647,-0.020225896722861236,-0.026639399398613595,-0.017927951445485757,0.0033959738245421534,-0.0006276665138367221,-0.016710144600035726,0.0032147682188616855,0.16077923212339354,99.88705,99.69496,-0.71,6.251500129699707
2012-10-22,-0.014767016831181756,-0.03455870636803304,0.001334103125178565,-0.006298610572856411,-0.006323914979816436,-0.023443888727325612,0.00012558398124351555,-0.0011292596499030694,0.00043948567855078835,-0.004391216855254676,0.1574860560866184,99.88705,99.69496,-0.7,6.253600120544434
2012-10-23,-0.023490306660863602,-0.06065853794712872,-0.009786253111553123,-0.02108384056342416,-0.01374734945635736,-0.03624778240897886,0.004134589877477168,0.007656147683262837,-0.014549234970737679,-0.02915800764316323,0.1558827722131645,99.88705,99.69496,-0.71,6.2546000480651855
2012-10-24,-0.01090492017180189,-0.07188924292003751,-0.004576427088636592,-0.0295502381902919,0.0,-0.04817744939670909,-0.00012506578252313716,0.011950637107142725,-0.0030901524835877936,-0.03635676625270534,0.15216223691959466,99.88705,99.69496,-0.69,6.251299858093262
2012-10-25,0.0037256962747749256,-0.06794636857114433,0.006739952254437576,-0.01811761905650222,-0.003221032582158889,-0.04993169641694628,0.0008749415455939769,0.008406023446333677,0.0029910649483948504,-0.03091898142741556,0.1442997496477337,99.88705,99.69496,-0.63,6.247799873352051
2012-10-26,0.002669249250311978,-0.042767298138760346,-0.0006427156013657509,-0.006931340421939325,-0.00028063017478974217,-0.023572927193122428,0.0003747271192748869,0.0053847767410664105,-0.0007292475686444533,-0.014938084396024287,0.1387839305807384,99.88705,99.69496,-0.69,6.246399879455566
2012-10-31,-0.00046372498287183817,-0.028464006290450428,0.0038501829961825607,-0.004415260550935329,-0.01029555042693997,-0.027544562640245962,-0.0018751368439771099,0.003384055915845785,0.00015586755128005336,-0.015221702523295022,0.13726273841410053,99.88705,99.69496,-0.78,6.2418999671936035
2012-11-01,0.009807942265010361,0.004834242635423536,-0.0019815978265720346,0.0033893947340457586,0.007907444840095756,-0.005889768343792845,0.0016253661366656402,0.0008748321750342569,0.010867212600985887,0.010194745048428544,0.13958739287594624,100.0587,99.79341,-0.77,6.237500190734863
2012-11-02,-0.02593917768830334,-0.010200014881077912,-0.023612454431588326,-0.015646632608905975,-0.02046107914978834,-0.026350847493581186,0.006723049329312225,0.007722947286869619,-0.009423718242891788,0.00386117928912455,0.14953689335321632,100.0587,99.79341,-0.73,6.240099906921387
2012-11-05,0.009266395618778844,-0.004659315537073994,0.004826738663643582,-0.01755984619969997,-0.0035953292846675478,-0.026725144196089845,0.001983435207584705,0.008831440948860347,0.0021614713450572864,0.003031585685786986,0.14952611967267962,100.0587,99.79341,-0.75,6.244800090789795
2012-11-06,0.03510336962663185,0.02777480483924588,0.018785715767944744,0.001868585169610526,0.010177124868428589,-0.016267389152871514,-0.001735243235595263,0.0067214705939901975,0.007822509122727084,0.011583342377158523,0.15712846943478626,100.0587,99.79341,-0.72,6.240799903869629
2012-11-07,-0.04933136031901153,-0.02109283049689381,-0.0005252090298402123,-0.002506806856412247,-0.018132591398061004,-0.02410443012399255,0.0018591010290567311,0.010455708467024039,-0.023990484179204685,-0.012563009353326215,0.1646333907354946,100.0587,99.79341,-0.8,6.24560022354126
2012-11-08,0.007668224930363898,-0.023232547831540273,0.007095983552185103,0.006570774522344891,0.007955466529632416,-0.02405640843445589,0.0003713869275765447,0.009201729257934943,-0.012279933313509517,-0.03571015526782162,0.16478429427881733,100.0587,99.79341,-0.85,6.243800163269043
2012-11-09,0.011451438292318095,0.01415806814908116,0.0028359102897814736,0.03301913924371469,-0.00606935626598748,-0.009664685550655028,0.0029662345840009152,0.005444914512623633,0.0016972512798218986,-0.024589185745107933,0.1643866324873958,100.0587,99.79341,-0.83,6.2677998542785645
2012-11-13,-0.002222901702676694,-0.03826076305114334,-0.0035316856255276363,0.005874999186598728,0.0,-0.009457010426608958,0.0004934729294525653,0.005813625299937897,-0.003993383474745649,-0.03843607031108931,0.16333865550926824,100.0587,99.79341,-0.84,6.219200134277344
2012-11-14,0.01094946825357912,0.022020065521447307,0.003069202920692682,0.009469411137131623,-0.005051656058161713,0.003623924913290333,-0.0002467530854541877,0.003707771185426978,-0.013948870444327355,-0.02839445657621198,0.1607390973204148,100.0587,99.79341,-0.81,6.234000205993652
2012-11-15,-0.010129943566838051,0.004221897024245358,-0.009410985538837124,-0.007037557953890605,0.002601175788434551,-0.0017303658279075318,0.0002467530854541877,0.003583137343304621,-0.0015948159570164933,-0.017709339219718956,0.16187277482217788,100.0587,99.79341,-0.8,6.230500221252441
2012-11-16,0.01417640817187138,0.006946866903798643,0.0005834986578836521,-0.009289969585788427,-0.0031800888353428203,0.001158901602737128,0.0022175726813040697,0.0028344754406077755,0.004828274735175775,-0.01457831576436508,0.16165136360053753,100.0587,99.79341,-0.81,6.236299991607666
2012-11-19,0.029669702940738674,0.04244273409667443,0.011426015844216764,0.002136046258428337,0.02120116147706197,0.015570592371991987,-0.0048109557777538114,-0.0020999101669971765,0.019667376739547215,0.004958581598633494,0.17533126048675626,100.0587,99.79341,-0.78,6.2399001121521
2012-11-20,-0.02874706613328204,0.015918569666069082,-0.006247879274090096,-0.0005801473901341225,-0.003549825305613652,0.012020767066378335,0.001112233160105447,-0.0014811499363442948,0.0006631664358280887,0.009615131509207231,0.17525853598216312,100.0587,99.79341,-0.74,6.238999843597412
2012-11-21,0.007235973263703954,0.012205074676193917,0.0027238133820048915,-0.0009255369288219129,-0.005420082583386998,0.01165234054115305,-0.0003706069522921851,-0.0016050038031822922,0.002317493660971337,0.025881495614505923,0.15330156727685285,100.0587,99.79341,-0.71,6.232800006866455
2012-11-23,0.010247175470233572,0.03258219371326554,0.01345158471129082,0.021937033321306032,0.00896990788900065,0.01802107264171915,-0.009185738014264366,-0.011037494902900846,0.012942202068968456,0.04041851364049087,0.1570175542746737,100.0587,99.79341,-0.72,6.237500190734863
2012-11-26,-0.0061356961701202195,0.01227008937127394,-0.0010283643519493069,0.020325170311473073,0.002406768138299986,0.023607929615361956,0.0007479127459175672,-0.012507154838287349,-0.002031644269326449,0.03355859463598865,0.15073439495050564,100.0587,99.79341,-0.73,6.231299877166748
2012-11-27,-0.006402921080014501,-0.023802534649479234,-0.004181378449656492,0.004717776017599817,0.00014138247066330933,0.0025481506089632955,0.0018674331533885535,-0.005828765907144984,-0.005240293685227826,0.008650924211213606,0.15074152092982965,100.0587,99.79341,-0.74,6.225599765777588
2012-11-28,-0.007946174691512375,-0.00300164320770957,-0.014861320460339833,-0.00389566516864992,-0.004108499827350398,0.0019894760872265493,-0.000746611815019449,-0.00768761088226988,0.007825330760125482,0.015813088535511,0.15097239544378097,100.0587,99.79341,-0.75,6.222400188446045
2012-11-29,0.018103173732958666,0.007865557261545142,0.006214238032745456,-0.00040524051790935545,0.018705263071623346,0.026114821742236893,-0.0017441065278687162,-0.00906111045784641,0.0042605535668815975,0.01775614844142126,0.16509768627538401,100.0587,99.79341,-0.78,6.227499961853027
2012-11-30,0.009492713969777355,0.007111095761088926,-0.009482009830170668,-0.023338835059370844,0.011360579302976959,0.028505493156213202,-0.0006235787272732551,-0.0004989511708552996,0.00016249433406834157,0.004976440706521146,0.16457455559641243,100.0587,99.79341,-0.79,6.231400012969971
2012-12-03,0.002022390304827759,0.015269182236036904,0.005072129324280361,-0.017238341383141176,0.002888836899306968,0.028987561917220184,-0.0033744239295891987,-0.0046212878463620655,-0.004756519166260631,0.002251565809586964,0.1629708518279425,100.0587,99.79341,-0.81,6.226600170135498
2012-12-04,-0.00664450161293928,0.015027601703112126,-0.01476298116878283,-0.027819944102267513,-0.0017873120973423973,0.027058867349214477,-0.0030090026316491603,-0.00949772363139978,-0.0017112757910542342,0.005780583703760556,0.14347814511493467,100.0587,99.79341,-0.83,6.228600025177002
2012-12-05,-0.007030335751252892,0.01594344064337161,-0.0011810559842020396,-0.01413967962612972,0.009177505802076658,0.04034487297864153,0.001630980308266139,-0.007120131508114191,0.0015836076545872046,-0.0004611394017777215,0.14400724941252968,100.0587,99.79341,-0.85,6.225500106811523
2012-12-06,-0.018606200277915264,-0.02076593336750232,0.004657080509181455,-0.01569683714969372,-0.010968018104571264,0.010671591802446923,0.00612393961476787,0.0007479146345223953,0.003301135858709614,-0.001420557109949705,0.14858675151995548,100.0587,99.79341,-0.87,6.225599765777588
2012-12-07,-0.003833001108136891,-0.03409164844541657,0.0021736936084622016,-0.004041133711060851,0.0056361258045523055,0.004947138304022269,0.0019914872453314914,0.0033629806071271418,0.0029166619993503673,0.0013336105553323208,0.13049431992938473,100.0587,99.79341,-0.86,6.228400230407715
2012-12-10,-0.004315159196808693,-0.04042919794705302,0.005267790934858851,-0.003845472100482361,0.011719944039870311,0.013778245444585613,-0.0011197057206002725,0.005617698816116068,0.0003385032499760854,0.006428632971569037,0.1330145481031888,100.0587,99.79341,-0.87,6.224400043487549
2012-12-11,0.002684604576829841,-0.0311000917572839,-0.002806063396620928,0.00811144567167954,-0.00529785035922159,0.01026770718270642,-0.003366849910158898,0.00525985153760633,0.006527531315292379,0.01466744007791565,0.13238243617248305,100.0587,99.79341,-0.84,6.219799995422363
2012-12-12,0.011358440861076957,-0.01271131514495405,0.004905420134284633,0.014197921790166212,0.007868726983828456,0.008958928364458218,-0.0021256422156685773,0.0015032290136716142,0.0004481393339572648,0.01353197175728571,0.13282748654147505,100.0587,99.79341,-0.79,6.245200157165527
2012-12-13,-0.01019350044574363,-0.004298615312782417,-0.012308929981781347,-0.0027680887007965893,-0.015113645987389956,0.004813300481639526,0.0005005746019142165,-0.00412013599918204,-0.00634148997700823,0.003889345921567866,0.14673955154209506,100.0587,99.79341,-0.73,6.253799915313721
2012-12-14,0.009732482729995162,0.009266868525349636,0.00011798858346345753,-0.004823793725795333,0.005609138379884193,0.004786313056971414,-0.004137181774961363,-0.010248805019474894,-0.004143975679491874,-0.003171291757274375,0.1446463390183621,100.0587,99.79341,-0.74,6.246600151062012
2012-12-17,0.0054044125157828304,0.01898644023794116,0.0007073515707611833,-0.009384233089893002,-0.004375186815918974,-0.011308817798817872,-0.00037694012687339296,-0.009506039425748014,0.011800688037810758,0.008290893030560298,0.1467721549119947,100.0587,99.79341,-0.7,6.245200157165527
2012-12-18,0.008336750943866988,0.024638586604978308,-0.01633780585051703,-0.022915975543789102,-0.0034314900208616272,-0.00944245746045791,-0.0026426628865916513,-0.008781852402180768,0.011421185666775635,0.013184547382043554,0.14689664198277677,100.0587,99.79341,-0.67,6.241300106048584
2012-12-19,0.017809327887099435,0.031089473631000786,-0.0017985616359155188,-0.029619957313989254,-0.011477648962033848,-0.028788833406320213,-0.0013870579101489255,-0.008043268096661116,-0.007618145562821255,0.005118262485265035,0.13769160441566256,100.0587,99.79341,-0.66,6.236299991607666
2012-12-20,0.006902667346079916,0.04818564142282433,-0.013046011827404058,-0.030357039159611965,-0.019663535812527222,-0.03333872323145748,0.0001262019570864581,-0.008417640741488874,0.005473104693568764,0.01693285715584203,0.15454052741370966,100.0587,99.79341,-0.69,6.23330020904541
2012-12-21,-0.01644417147275945,0.02200898722006972,0.008595665013674925,-0.021879362729400498,0.00861524560581639,-0.03033261600552528,0.00453173735382606,0.000251278387298548,-0.009422944450144577,0.011653888385189326,0.1558261264762507,100.0587,99.79341,-0.71,6.2347002029418945
2012-12-24,-0.0005641456747200735,0.016040429029566816,-0.0003014136366426001,-0.02288812793680428,-0.006065357695114404,-0.03202278688472071,0.00025111946381084493,0.0008793379779827859,-0.0024432789712660608,-0.002590078623887493,0.15459748377171237,100.0587,99.79341,-0.69,6.234600067138672
2012-12-26,0.02639501409206879,0.03409869217776862,0.0007232842850024568,-0.005827037801284796,0.013770071655639704,-0.01482122520821938,-0.00025111946381084493,0.0032708814007635922,-0.00479895678992559,-0.018810221080588718,0.16159815985010237,100.0587,99.79341,-0.71,6.234300136566162
2012-12-27,-0.0012097951066918355,0.015079569183977348,0.001685484830296069,-0.002342991335073208,0.001951755706753655,-0.0013918205394318761,0.0,0.004657939310912518,-0.0012191849162670465,-0.01241126043403451,0.16165104129324703,100.0587,99.79341,-0.73,6.235599994659424
2012-12-28,-0.0007706247157397428,0.0074062771221576895,-0.0046420286352324425,0.006060991857098408,-0.0034879168201296107,0.014783798452965735,0.0007532650380568384,0.005285002391882898,-0.011111445674961473,-0.028995810802564748,0.16143186694628006,100.0587,99.79341,-0.73,6.239799976348877
2012-12-31,0.011170816280530182,0.03502126487544732,0.011953185522100007,0.00941851236552349,0.017594116327008802,0.023762669174158146,0.0011288347340201454,0.0018820997720769839,0.01680002726988583,-0.0027728390825343396,0.15991293540806267,100.0587,99.79341,-0.67,6.234799861907959
2013-01-02,0.014058877980763995,0.04964428853093139,0.007791382859458018,0.01751130886162411,0.02267422066002922,0.05250224752930177,0.001002403711325428,0.002633384019591567,0.025086115958697697,0.024756555847429418,0.1736372317485317,100.0587,99.79341,-0.62,6.237599849700928
2013-01-03,-0.002150125281712434,0.021099149157150165,-0.008448451813216629,0.008339572763405023,-0.0061944723471132335,0.03253770352654883,0.0072373891585755246,0.010121892641977936,-0.002087795423524774,0.027467717213830234,0.17538627020572875,100.0587,99.79341,-0.54,6.2332000732421875
2013-01-04,0.0018278395924511415,0.024136783856293142,-0.01541362091915488,-0.008759532986045926,-0.006233083132446859,0.02435286468734832,0.0008699397142368781,0.010991832356214815,0.004853299978980985,0.033540202109078265,0.17688172488774934,100.0587,99.79341,-0.55,6.232500076293945
2013-01-07,0.0010737182067730444,0.02598112677880593,-0.0015788050432803402,-0.005696309394093824,-0.0042225303230138955,0.023618251184464034,-0.0029857929693699603,0.007252774348788016,-0.003128003259122103,0.041523644524917636,0.17475906627927912,100.0587,99.79341,-0.6,6.230500221252441
2013-01-08,-0.0004293325672444226,0.014380977931031325,0.009676519411254247,-0.007972975504939583,-0.0016393560559333498,0.0043847788015218825,0.0011206817379703082,0.007244621352738179,-0.0032476391807332305,0.021475978074298574,0.1703491978118433,100.0587,99.79341,-0.6,6.229800224304199
2013-01-09,-0.0005369455351322827,-0.0002148455848649533,-0.004040623700428014,-0.019804982064825616,-0.0001367235249363219,-0.01842616538344366,0.002610144911748158,0.008852362553160908,0.0026523453586815293,-0.0009577925257175934,0.16928054161060505,100.0587,99.79341,-0.64,6.2241997718811035
2013-01-10,0.007703881754188124,0.009639161451035605,0.01350520171763403,0.0021486714660250428,0.010338785610910062,-0.0018929074254203648,-0.01023090294160589,-0.008615929547020507,0.007568700109210624,0.008698703007017805,0.1681516058553917,100.0587,99.79341,-0.62,6.225200176239014
2013-01-11,-0.002775134026105519,0.005036187832478944,-0.010367784461266183,0.00719450792391374,-0.014998936137629038,-0.010658760430602543,-0.002259891863842789,-0.011745761125100174,-4.751511497769201e-05,0.003797887913059128,0.17524855899052233,100.0587,99.79341,-0.63,6.224599838256836
2013-01-14,0.006180113868124337,0.010142583493830237,0.005347139027603198,0.014120451994797278,-0.005510409703155972,-0.01194663981074462,-0.0008802225886004322,-0.009640190744330646,-0.000931104904918989,0.005994786267262242,0.17340340099063423,100.0587,99.79341,-0.66,6.21619987487793
2013-01-15,-0.009177319973808551,0.001394596087266109,0.008650830902112716,0.013094763485655747,0.0009665129711082798,-0.00934077078370299,0.0036416304655766396,-0.007119242016724314,0.0011280332953038652,0.010370458743299338,0.16574590019383476,100.0587,99.79341,-0.66,6.222300052642822
2013-01-16,0.01023898771955345,0.012170529341951841,-0.0004159551156286412,0.01671943207045512,-0.008871648564498846,-0.018075695823265514,0.0002507115219474443,-0.009478675406525028,0.0001969725099559838,0.007915085894573792,0.1668482616408108,100.0587,99.79341,-0.65,6.213399887084961
2013-01-17,0.01317681035556717,0.017643457943330887,0.0045655845799430494,0.00777981493276414,0.015474194671080133,-0.012940286763095443,-0.001881487184983932,-0.0011292596499030694,0.005627060541354645,0.005973446326717813,0.17568063465961806,100.0587,99.79341,-0.64,6.2195000648498535
2013-01-18,0.0007327893183335377,0.021151381287769944,-0.002250548079390846,0.015897051314639477,0.004514061658202895,0.006572711032736489,0.005009422052511425,0.006140054266451145,0.0033974923781512345,0.00941845381984674,0.17589603122704325,100.0587,99.79341,-0.66,6.218299865722656
2013-01-22,0.007090752560317881,0.022062019979963488,0.0036693378433438895,0.014219250130380168,0.007478426032409002,0.019561546768301463,-0.0022511302484158335,0.0047691466066357435,0.004418331627712213,0.014767890352477941,0.17204750502387825,100.0587,99.79341,-0.68,6.220699787139893
2013-01-23,-0.010549996012761298,0.02068934394101074,-0.003847182876657307,0.0017212363516101448,-0.005433314359967634,0.01316171943722555,0.0006257641117501933,0.0017532802528092972,0.0015063419242924425,0.015146198981466519,0.15661718097591434,100.0587,99.79341,-0.66,6.222599983215332
2013-01-24,0.007532137191246235,0.017982493412703526,-0.010012628248205147,-0.00787543678096636,-0.0017722056905669081,0.020261162311157488,0.00037528967992983553,0.0018778584107916885,6.614661544723788e-06,0.014955841133055259,0.15515941687950216,100.0587,99.79341,-0.62,6.22160005569458
2013-01-25,-0.0007298097278534144,0.004075873329282942,-0.007877592973066783,-0.020318614333976193,-0.00684561701461095,-0.0020586493745335943,-0.0025046594441793246,0.001254686151596296,0.005430708661868344,0.014759489253568958,0.1556575845887143,100.0587,99.79341,-0.56,6.219299793243408
2013-01-28,0.005823697708110309,0.009166781719059713,-0.002417796113122428,-0.020485862367707774,0.0026068552655815758,-0.003965855767154913,0.00037608951144019187,-0.0033786463894749375,-0.0018513342747921158,0.009510662600625608,0.14914772286609312,100.0587,99.79341,-0.55,6.2195000648498535
2013-01-29,0.01164898736383968,0.013725016522581512,0.0050103795130516104,-0.019144820698000053,0.007780037972478837,-0.0036642438270850786,-0.0027614078769762074,-0.0038889240180353113,0.005093003781205141,0.010185334754118536,0.15103533033815428,100.0587,99.79341,-0.53,6.223499774932861
2013-01-30,0.003785005209645753,0.028060017744988563,0.011495111538641467,-0.0038025262827012796,0.016852437889648186,0.01862150842253074,-0.003525548675050061,-0.008040236804835565,-0.003907244671752075,0.004771748158074018,0.159376367143827,100.0587,99.79341,-0.54,6.225800037384033
2013-01-31,-0.004605284472865456,0.015922596080876872,-0.011555314223236302,-0.005345212257732435,-0.004421524222085305,0.015972189891012345,-0.0008833327064081686,-0.00929885919117357,-0.0025665919583923724,0.002198541538136922,0.15043115471134869,100.0587,99.79341,-0.57,6.2195000648498535
2013-02-01,0.0028679604536963055,0.01952036626242659,0.00528532691511252,0.007817707630446868,0.013868750167977728,0.03668655707360102,-0.0010105070066019906,-0.0078047067535962356,0.010002513224010023,0.006770346100278601,0.13698670911528305,100.6701,100.2085,-0.55,6.217800140380859
2013-02-04,-0.01650030749795217,-0.002803638943635889,0.0035279878042961954,0.013763491547865492,-0.004512871898124882,0.029566829909894565,0.0052937582352008405,-0.002887038029835587,-0.011605832709651764,-0.0029841523345810472,0.13604906694498003,100.6701,100.2085,-0.59,6.230400085449219
2013-02-05,0.0048752881861604536,-0.009577338121315115,-0.0017325477647567311,0.00702056427005715,0.0007978145555798122,0.02258460649299554,-0.0007545924357410527,-0.0008802225886004322,0.010362632222059354,0.0022854761062731654,0.13367590556182035,100.6701,100.2085,-0.55,6.230400085449219
2013-02-06,-0.0002069403178799334,-0.013569283648840802,0.003164043591519672,-0.001310503677064645,-0.007471650064351465,-0.001739481461004111,0.002889309946159102,0.005534636032608731,0.0005490198591342477,0.006741740637159488,0.13575218877825626,100.6701,100.2085,-0.58,6.227799892425537
2013-02-07,-0.008209980089907809,-0.017173979265883155,-0.004360645368130633,0.005884165178041023,-0.0036224565393905284,-0.0009404137783093347,0.005878338607231193,0.012296307346248092,-0.0018070310558568892,0.007501301539694971,0.13639333008783291,100.6701,100.2085,-0.58,6.229100227355957
2013-02-08,-0.001148531669967312,-0.021190471389546772,-0.0026375895772305924,-0.0020387513143020897,0.008965057989726688,-0.005844105956560375,0.0007479127459175672,0.01405472709876765,0.005641994585043442,0.0031407829007283894,0.139209677297121,100.6701,100.2085,-0.57,6.232999801635742
2013-02-11,0.013592920663504593,0.008902756771909992,-0.010741790022626319,-0.016308529141224604,-0.00950286210858553,-0.010834096167021023,0.0007473537904667538,0.009508322654033563,-0.0006063012476387186,0.014140314362741435,0.1398482562950206,100.6701,100.2085,-0.58,6.252999782562256
2013-02-12,0.004934762298305806,0.008962230884055344,0.000303315246834579,-0.014272666129633294,0.004963479167121143,-0.0066684315554796925,-0.0024934179546480806,0.007769497135126535,0.0015940011376045504,0.005371683278286632,0.1290052851052067,100.6701,100.2085,-0.57,6.232800006866455
2013-02-13,-0.00514087076092018,0.004028300441015098,-0.0027331549301568003,-0.020169864651309766,-0.0006693145884062446,0.0001339039204655279,-0.0002497412352804318,0.004630445953687001,0.0005920877747911391,0.005414751193943523,0.12688005951025075,100.6701,100.2085,-0.54,6.232500076293945
2013-02-14,0.003087645751025825,0.015325926281948732,-0.00579464263345475,-0.021603861916633882,-0.0010717976665739481,0.002684562793282108,0.004609198532314451,0.00336130587877026,0.0006904332650528033,0.007912215514853216,0.1271807314301223,100.6701,100.2085,-0.56,6.232800006866455
2013-02-15,-0.01501293364634293,0.0014615243055731142,-0.015970681578292734,-0.03493695391769602,0.00026804115570033815,-0.006012454040744242,0.0014903473436618242,0.004103740476514517,-0.0010456277960129157,0.0012245931337968585,0.12171607834564498,100.6701,100.2085,-0.53,6.232600212097168
2013-02-19,0.008310904204841485,-0.003820492153089994,-0.0032375032652733893,-0.027432667160343094,-0.02345709337468005,-0.01996668530683876,-0.0013660431589306299,0.0019903435271171332,0.007309694441360648,0.009140588822796225,0.14002870973541054,100.6701,100.2085,-0.52,6.242800235748291
2013-02-20,-0.02302324952769208,-0.03177850397908788,-0.016346397170893034,-0.04408237957807071,-0.010758733936700127,-0.03568889841066003,0.007675144467707895,0.012158905949473109,-0.01248171143000576,-0.004935123744814085,0.14372621220905502,100.6701,100.2085,-0.52,6.243500232696533
2013-02-21,-0.017298912814895928,-0.04393654603306363,0.0003802367748857449,-0.04096898787302816,-0.015372037610616784,-0.05039162143287057,0.00455248718586887,0.01696113437062241,-0.006323005465665332,-0.011850216985270556,0.14892629588318634,100.6701,100.2085,-0.54,6.240699768066406
2013-02-22,0.0031187950807982645,-0.04390539670329119,-0.0036817960734820687,-0.03885614131305548,-0.005790552162638241,-0.05511037592893486,0.00024554157679812505,0.012597477415106084,0.008734213386774492,-0.0038064368635488677,0.14903975646930048,100.6701,100.2085,-0.57,6.238999843597412
2013-02-25,-0.00021474058604553647,-0.029107203642993795,0.008738057791807918,-0.01414740194295483,0.0031112790479221886,-0.05226713803671301,0.0023290823919372983,0.013436212463381558,-0.01847927558477469,-0.021240084652310642,0.15003485258770785,100.6701,100.2085,-0.62,6.222300052642822
2013-02-26,-0.0051685628407760476,-0.04258667068861133,0.018117569902100783,0.007207671224419343,0.007175566408226919,-0.021634478253806044,0.002445941986423783,0.01724819760873597,0.006090876862567818,-0.022458902231103473,0.15174852152768428,100.6701,100.2085,-0.62,6.232900142669678
2013-02-27,0.0014025018021532887,-0.01816091935876596,-0.01245966817007016,0.011094400225242218,-0.00604652679081874,-0.016922271107924658,-0.0033034136658800506,0.0062696394751480256,0.012645699119019582,0.0026685083179218694,0.15214244698907356,100.6701,100.2085,-0.61,6.228499889373779
2013-02-28,-0.007683594584633191,-0.008545601128503222,-0.011031030283688459,-0.00031686683333198573,-0.004948801092697908,-0.006499034590005781,0.004646112753827758,0.006363265043106914,-0.0008644534614576926,0.008127060322129509,0.14884341522560418,100.6701,100.2085,-0.64,6.226200103759766
2013-03-01,-0.0149951118276066,-0.026659508036908086,-0.0036829650487248955,-0.0003180358085748125,-0.013126170761562417,-0.013834653188929957,0.004017221299045914,0.010134944765354703,0.0023211594495267107,0.0017140063848817277,0.13678267352332188,100.8081,100.3325,-0.67,6.222400188446045
2013-03-04,-0.006194682963757359,-0.03263945041461991,0.00012719540212824398,-0.008928898198254487,0.0004307932324183472,-0.0165151390044338,-0.0010939810069157119,0.006711881366501693,0.004600126548350403,0.02479340851800682,0.13736238297553122,100.8081,100.3325,-0.65,6.220399856567383
2013-03-05,0.007737376268592833,-0.019733511305251028,0.0015889665775548067,-0.025457501522800463,0.0038684696419897246,-0.019822235770670993,-0.0015824345672559303,0.0026835048128219796,0.009520551872499894,0.028223083527938897,0.12558743958094828,100.8081,100.3325,-0.65,6.222499847412109
2013-03-06,-0.004303448182470859,-0.025439461289875176,0.0,-0.012997833352730304,-0.00645581129531303,-0.020231520275165282,0.004497154426802652,0.010484072905504682,0.0010839250554139923,0.016661309464333307,0.12593439760186642,100.8081,100.3325,-0.61,6.2221999168396
2013-03-07,0.01241839429270808,-0.005337472412533906,0.00012705483006669738,-0.0018397482389751474,0.007884755833717394,-0.007397963348749981,-0.004618912445438994,0.0012190477062379301,0.0018148436172067406,0.01934060654299774,0.13143080184950923,100.8081,100.3325,-0.56,6.218699932098389
2013-03-08,0.004250449441196125,0.013908088856268819,0.0011423030650430377,0.002985519874792786,-0.002860002166993336,0.0028682052458191,0.007525161397468949,0.004726987804660965,0.004471128712954631,0.02149057580642566,0.13060373316899138,100.8081,100.3325,-0.5,6.219399929046631
2013-03-11,0.0011955940083545613,0.02129836582838074,0.0007608884674095151,0.003619212940074057,0.002431553598154501,0.004868965611555254,-0.0015731503947264969,0.00424781841685018,0.003243818865874104,0.02013426812394936,0.13202784223558106,100.8081,100.3325,-0.5,6.27239990234375
2013-03-12,0.00520048150280239,0.018761471062590296,0.008645465114191175,0.010675711476710426,0.010798657432028236,0.011799153401593765,0.00012112789767204646,0.005951380881778157,-0.00240614539680184,0.008207570854647628,0.13423887287134012,100.8081,100.3325,-0.52,6.221700191497803
2013-03-13,-0.0002161922922594428,0.022848726952801712,-0.002012675138656661,0.008663036338053764,-0.008088041130315027,0.010166923566591768,0.003746877608997501,0.0052011040639730055,0.0013131891571704912,0.008436834956404127,0.13343789023971045,100.8081,100.3325,-0.52,6.214000225067139
2013-03-14,0.005497207578950558,0.01592754023904419,0.0014469955905793697,0.009982977098566437,0.003981219244059808,0.006263386976934182,-0.003383674277278814,0.006436342232133185,0.005587352158972436,0.012209343498169822,0.13276430866152397,100.8081,100.3325,-0.53,6.213200092315674
2013-03-15,0.004504492586127284,0.01618158338397535,0.001193820272248125,0.010034494305771524,-0.004408758891759623,0.004714630252167895,-0.004245757191235988,-0.005334576356571752,-0.0016197737499892284,0.006118441035225963,0.13264182289182586,100.8081,100.3325,-0.55,6.213900089263916
2013-03-18,0.0030984684606840673,0.018084457836304857,0.007569380658191349,0.016842986496553358,-0.02628305582860313,-0.023999979174589736,0.005213716487353359,0.0014522905255081042,-0.005525570335024099,-0.00265094816567224,0.15496204288727047,100.8081,100.3325,-0.6,6.287499904632568
2013-03-19,-0.01699873302166033,-0.004114756688157861,0.004166847778572347,0.01236436916093453,-0.006311980039191756,-0.04111061664580973,0.003621387610657223,0.004952550238493281,-0.0024254697268757397,-0.00267027249574614,0.15426049432261804,100.8081,100.3325,-0.61,6.214300155639648
2013-03-20,0.00864304657097481,0.004744482175076392,-0.002361159771307797,0.012015884528283394,0.011711439003190938,-0.021311136512303763,-0.0025336212953055437,-0.001327948665809764,0.006675163815817342,0.002691702162900711,0.14773607046425336,100.8081,100.3325,-0.57,6.213799953460693
2013-03-21,-0.005501358431671655,-0.006254083835545821,0.003911499559245968,0.014480388496949992,-0.003645060318739457,-0.02893741607510303,0.0002416266739588835,0.002297352285427934,-0.00831692375600479,-0.011212573752076516,0.14494368323224757,100.8081,100.3325,-0.57,6.208899974822998
2013-03-22,0.013536972542625314,0.002778396120952209,-0.004720566316438024,0.008566001908263843,0.009015590654019912,-0.015513066529323494,-0.0032662494346213933,0.0032768600420425287,0.0071486438032994926,-0.0024441561987877947,0.14219248945901722,100.8081,100.3325,-0.6,6.212900161743164
2013-03-25,0.011669965813414507,0.011349893473682648,-0.0009966212500724936,0.0,-0.005516069603812124,0.005253919695467513,0.004111299190641127,0.002174442745330296,-0.0033456293009468396,-0.0002642151647105351,0.14208670349543306,100.8081,100.3325,-0.6,6.1722002029418945
2013-03-26,0.016008700010375243,0.04435732650571822,-0.005499280632432324,-0.00966612841100467,-0.0007280836966558901,0.010837816038003378,0.00012059736769920448,-0.0013263474976277223,0.0077549631946354225,0.009916217756800627,0.14120484313551965,100.8081,100.3325,-0.61,6.210299968719482
2013-03-27,0.0024881362146098596,0.03820241614935327,0.006495901882504818,-0.0008090667571920562,0.0007280836966558901,-0.0001455392685316692,0.00397377653781561,0.005181050335493431,-0.0005885230525652929,0.002652530888417992,0.1379529249559823,100.8081,100.3325,-0.64,6.212100028991699
2013-03-28,0.006707640942924087,0.05041141552394901,-0.007122743230299378,-0.011843309546737402,-0.011713153623697181,-0.008213632573489393,-0.0026474290401878875,0.00229199462134666,0.004048463396191693,0.015017918040614475,0.1415073006479872,100.8081,100.3325,-0.64,6.214700222015381
2013-04-01,-0.0016469757670014573,0.03522746721432224,0.003255262103589729,-0.0038674811267096487,-0.008133106266201784,-0.02536232949371109,-0.00313775909046754,0.0024204849655005134,-0.004483616865356588,0.003385657371958395,0.14275118851862065,100.8973,100.4478,-0.65,6.216100215911865
2013-04-02,0.0012354860550498614,0.024792987455957594,-0.015684882420190505,-0.01855574229682766,0.001335384791187666,-0.0185108750987113,0.002535150474976433,0.0008443362498358198,0.005158933898854023,0.011890220571759258,0.13751181477915403,100.8973,100.4478,-0.63,6.1956000328063965
2013-04-03,-0.028597288998621906,-0.019813001553039555,-0.014258962507669892,-0.027315424172065228,-0.013885991733881164,-0.03166878313593657,-0.002656058736878464,-0.0019323198547418485,-0.010602133218841736,-0.006466875841717901,0.14375218781891885,100.8973,100.4478,-0.65,6.198699951171875
2013-04-04,-0.012679247350333434,-0.03498038511798285,-0.0006442053746882337,-0.03445553142925828,0.00599611477658657,-0.026400752056005894,-0.0004836870125544124,-0.006389783405111871,0.00404027901273718,-0.0018380737764154276,0.1450674804385427,100.8973,100.4478,-0.7,6.200699806213379
2013-04-05,-0.006022874635343456,-0.04771090069625039,0.015093644840955989,-0.012239143358002913,-0.0016453756694421173,-0.01633297410175083,-0.0021794451639793877,-0.005921799528903371,-0.004304145168907425,-0.010190682341514545,0.14420298302580345,100.8973,100.4478,-0.74,6.2027997970581055
2013-04-08,0.00709455486490107,-0.038969370064347864,-0.002160529777127884,-0.017654935238720526,0.008348324150321051,0.00014845631477200527,0.003025720916537189,0.00024168047810135818,0.006282958765271296,0.0005758932891133384,0.14460660427877903,100.8973,100.4478,-0.69,6.167399883270264
2013-04-09,0.008957154669823275,-0.03124770144957445,0.008992493876984753,0.007022441058454731,0.020570790978635678,0.019383862502220017,-0.005331436933733613,-0.007624906930608688,0.0035380658065768955,-0.0010449748031637895,0.16402243846014516,100.8973,100.4478,-0.67,6.202499866485596
2013-04-10,0.00466006403520236,0.0020096515842498164,-0.01774567308034225,0.0035357304857823735,-0.007005261991186007,0.026264592244915175,0.0026692714901317416,-0.0022995767035984827,0.012115443329548725,0.02167260174522667,0.1649815061397929,100.8973,100.4478,-0.6,6.204100131988525
2013-04-11,-0.012011807928642426,0.0026770910059408237,0.0038429559959709536,0.00802289185644156,0.0040923585173262556,0.02436083598565486,-0.0033984591680891185,-0.005214348859133189,0.003545956179577203,0.021178278912066695,0.16041640014572336,100.8973,100.4478,-0.65,6.194399833679199
2013-04-12,-0.024027142686526837,-0.015327177045242557,-0.04130691814830367,-0.0483776711328181,-0.023315205968160946,0.002691005686936032,0.0007291876779573769,-0.002305716017196424,-0.0028407983185489982,0.02264162576242512,0.17618815710246621,100.8973,100.4478,-0.68,6.194799900054932
2013-04-15,-0.028668650393727013,-0.05109038230387064,-0.09820579166610166,-0.14442293302179188,-0.020818373304312576,-0.026475691767697596,0.0013355263710872478,-0.003995910562646365,-0.02323412455036511,-0.006875457553211284,0.18585302277502672,100.8973,100.4478,-0.69,6.198500156402588
2013-04-16,0.00011274458912069463,-0.05993479238457322,0.019073209052712592,-0.13434221784606404,0.008046801768497813,-0.03899968097783546,-0.008162293917163055,-0.006826767546075807,0.014205840828064531,0.0037923174682763516,0.1899725458662326,100.8973,100.4478,-0.65,6.185999870300293
2013-04-17,-0.023262176612287355,-0.08785703303206294,-0.0033225726891608076,-0.1199191174548826,-0.03649646588146127,-0.06849088486811072,0.011070043609505476,0.0015740045732979269,-0.014431313685983937,-0.02275443954725631,0.20828104190642174,100.8973,100.4478,-0.64,6.18209981918335
2013-04-18,0.012040774215789973,-0.06380445088763054,0.007065164563453408,-0.11669690888740014,0.005162309902288387,-0.06742093348314859,-0.0013316460521330953,0.00364081768925395,-0.006723555969544215,-0.03302395169637773,0.20997842120779092,100.8973,100.4478,-0.55,6.1722002029418945
2013-04-19,0.0031865142536418034,-0.0365907939474619,0.0023679189985097437,-0.07302207174058672,-0.016677533728253646,-0.06078326124324129,0.001936295299954871,0.004847925311251444,0.008808989051054539,-0.021374164326774192,0.2083541712005109,100.8973,100.4478,-0.59,6.211400032043457
2013-04-22,0.008485653473575994,0.0005635099198411098,0.01825136820422557,0.04343508812974051,-0.006206757349734859,-0.046171645288663576,-0.00036276413007563235,0.003149634810088564,0.00465079821542691,0.0065107584390178275,0.20847127919183162,100.8973,100.4478,-0.63,6.191199779510498
2013-04-23,0.004720680489467277,0.005171445820187692,-0.008764563117938273,0.015597315959089642,-0.012206983561137363,-0.06642543061829875,0.004224235067372462,0.01553616379462408,0.010365312805553195,0.0026702304165064916,0.20440349548216247,100.8973,100.4478,-0.64,6.184299945831299
2013-04-24,0.024916852892792107,0.053350475325267155,0.010452107037941971,0.02937199568619242,0.020474128593935603,-0.009454836142901879,-0.001205091428953864,0.003261028756164741,6.340170072505202e-06,0.017107884272562934,0.2229500852090521,100.8973,100.4478,-0.65,6.1793999671936035
2013-04-25,0.023883980590501785,0.06519368169997897,0.026620193431925898,0.04892702455466491,0.02501691591962274,0.010399769874432474,-0.0022937469283617062,0.00229892787993613,0.0040266145649914264,0.027858054807098576,0.2445108266514326,100.8973,100.4478,-0.66,6.1803998947143555
2013-04-26,-0.006858142951388757,0.055149024494948407,-0.005625365162654106,0.04093374039350106,-0.016503558278659458,0.010573745324026662,-0.0031472548059969796,-0.0027846222260157205,-0.001843811801517603,0.017205253954526434,0.2486490077478168,100.8973,100.4478,-0.68,6.172100067138672
2013-04-29,0.016000341346440905,0.06266371236781332,0.009448922631150936,0.032131294820426426,0.012635739046357619,0.02941624172011914,-0.004009017351095601,-0.006430875447035689,0.007160315369406867,0.01971477110850639,0.25290621143389347,100.8973,100.4478,-0.67,6.157800197601318
2013-04-30,-0.011066307023344102,0.04687672485500194,0.003265703540304088,0.04416156147866879,-0.011851099620332262,0.029772125660924242,-0.005125690456084797,-0.015780800970492947,0.0024818174185821107,0.011831275721535306,0.25428517133182865,100.8973,100.4478,-0.64,6.165200233459473
2013-05-01,-0.02634441836905488,-0.004384546406845047,-0.017749242617428607,0.01596021182329821,-0.03349596061585025,-0.024197963548861612,-0.0011018421359834107,-0.015677551677522494,-0.009351472649563597,0.002473462901899204,0.27522969812659986,100.9545,100.5616,-0.64,6.165200233459473
2013-05-02,0.03199926179663759,0.003730734799290758,0.014687911508286078,0.004027929899658389,0.007111739771191283,-0.04210313969729307,0.006957607562084078,-0.00642619718707671,0.009364003810320654,0.007810852147228431,0.2756018980581769,100.9545,100.5616,-0.62,6.164100170135498
2013-05-03,0.017089052577182073,0.02767793032786159,-0.0023191704417664383,0.007334124620546056,0.06515232103233437,0.03955273961370076,-0.0013389401548264956,-0.004617882535906226,0.010479563948170068,0.0201342278969161,0.3630015598409232,100.9545,100.5616,-0.53,6.155200004577637
2013-05-06,0.005736085389279388,0.017413674370700072,0.0025916852087926046,0.0004768871981877254,-0.0010568385703964012,0.02586016199694674,0.0026760899458375675,0.0020672247610269423,0.0019059611284841793,0.014879873655993414,0.3629830216261149,100.9545,100.5616,-0.51,6.153200149536133
2013-05-07,-0.00563147694851196,0.022848504445532214,-0.013095367795032509,-0.01588418413714887,-0.0028742253825979613,0.03483703623468104,-0.00024294305468508526,0.006949972162426654,0.005216639159836944,0.017614695397248248,0.3616428327261558,100.9545,100.5616,-0.5,6.166600227355957
2013-05-08,0.010403755631015699,0.05959667844560279,0.017038302086289647,0.018903360566569383,0.02113550480959292,0.08946850166012421,-0.004872135273896738,0.0031796790245133266,0.004130538866697009,0.031096706913508854,0.3620715718260922,100.9545,100.5616,-0.48,6.153500080108643
2013-05-09,-0.0023833320891286647,0.025214084559836536,-0.003466191297197163,0.0007492577610861417,-0.008789630431290218,0.07356713145764271,0.010808282719120044,0.007030354181549292,-0.0036939180287731688,0.01803878507441503,0.3625008819018962,100.9545,100.5616,-0.5,6.125500202178955
2013-05-10,-0.003637674577948502,0.0044873574047059606,-0.022027321577899883,-0.018958893375047303,0.004329951593914583,0.012744762019222922,0.004218634274097077,0.012587928610472865,0.00431234377158507,0.011871564897830034,0.3625440511427739,100.9545,100.5616,-0.45,6.130300045013428
2013-05-13,-0.009100034041402694,-0.010348762025976121,-0.0016020961104556974,-0.023152674694295605,0.001786258891027348,0.01558785948064667,0.0014423409409323185,0.011354179605567616,4.288844886968235e-05,0.010008492218215537,0.3533983558491003,100.9545,100.5616,-0.41,6.131700038909912
2013-05-14,-0.010138423501786953,-0.014855708579251115,-0.0068551254707998055,-0.016912432370062902,-0.021496525274905975,-0.0030344404116613433,0.003716332937433009,0.01531345559768571,0.010091066969150297,0.01488292002752889,0.3539136102442569,100.9545,100.5616,-0.37,6.136600017547607
2013-05-15,0.0009548986590024455,-0.024304565551264368,-0.01999212456538757,-0.05394285902174012,-0.007167385948907201,-0.031337331170161464,0.003106360130634478,0.023291951002216926,0.005101103490210868,0.01585348465104275,0.3535614922875422,100.9545,100.5616,-0.36,6.132800102233887
2013-05-16,0.009078501916824244,-0.012842731545311459,-0.006753887216782495,-0.05723055494132545,0.007623179258447577,-0.01492452148042367,-0.000716052399742928,0.011767615883353955,-0.0050223319854110215,0.014525070694404896,0.3292767930947568,100.9545,100.5616,-0.4,6.135900020599365
2013-05-17,0.008996744223558117,-0.00020831274380483933,-0.01613403541922942,-0.05133726878265499,0.008770672642644195,-0.010483800431694057,0.0060696663595898315,0.013618647968846709,0.01024741198656276,0.020460138909382586,0.33001494158777334,100.9545,100.5616,-0.31,6.138999938964844
2013-05-20,0.007160332120124124,0.01605205341772198,0.014113448217259794,-0.035621724454939496,0.01078177926021251,-0.0014882800625088954,-0.0055922714715235244,0.006584035556390866,-0.0007078684047074901,0.019709382055805413,0.32440855925102247,100.9545,100.5616,-0.31,6.13129997253418
2013-05-21,-0.005703291391745857,0.020487185527763074,-0.004706572368188056,-0.033473171352327746,-0.00537639455707839,0.01463185065531869,0.0005964460402729799,0.003464148659230837,0.0017209046830028996,0.011339219769658015,0.3241239978971375,100.9545,100.5616,-0.34,6.128900051116943
2013-05-22,-0.019744443750102647,-0.00021215688134201827,-0.007430698684902204,-0.02091174547184238,0.011464450830994455,0.033263687435220346,0.004639820211633783,0.004997608740230142,-0.008308074265778842,-0.002069957986331694,0.3204383584840989,100.9545,100.5616,-0.24,6.1255998611450195
2013-05-23,-0.0003182387921745189,-0.009608897590340781,0.017684200980975895,0.0035263427259160096,-0.02336486942097027,0.0022756387558025004,-0.005355525327276567,0.00035813581269650285,-0.0029281151046065546,2.4258894472772852e-05,0.32823235853207,100.9545,100.5616,-0.24,6.121099948883057
2013-05-24,-0.0010615550180661515,-0.01966719683196505,-0.0037425918742926,0.01591778627085283,-0.002427522632215906,-0.0089225565190576,-0.00119410287043209,-0.006905633417325419,-0.0005515174989882965,-0.010774670591078284,0.3176738684878933,100.9545,100.5616,-0.26,6.124000072479248
2013-05-28,0.009092900392873915,-0.01773462855921526,-0.005567875242675768,-0.003763537189082733,0.006057865089340808,-0.013646470689929302,0.005243129873612418,0.0039297679278105235,0.00632096210916,-0.0037458400772107936,0.3117662024575254,100.9545,100.5616,-0.14,6.111199855804443
2013-05-29,-0.019985834661277124,-0.03201717182874653,0.008807502165757874,0.009750537344863197,-0.0062098444836036215,-0.014479920616454534,-0.005960203645305917,-0.0026268817577683734,-0.007072936243165628,-0.012539681003379322,0.3103869116628766,100.9545,100.5616,-0.1,6.111499786376953
2013-05-30,0.0051408848621559144,-0.007131843216487965,0.014414371750389066,0.03159560778015447,0.005907770804924883,-0.020036600642524105,-0.0075607590615085485,-0.014827461030910705,0.0036636251143127296,-0.0005679816232877499,0.30723362725221026,100.9545,100.5616,-0.05,6.116700172424316
2013-05-31,-0.01767477171636056,-0.024488376140674006,-0.01348048271637925,0.00043092408279932215,-0.006515629505918552,-0.003187360727472388,0.004447331310552194,-0.005024604393081944,-0.014410576921856766,-0.012050443440537961,0.28129675971687107,100.9545,100.5616,-0.05,6.1209001541137695
2013-06-03,0.01596405105754073,-0.007462770065067126,0.013622131324814823,0.017795647281906746,0.01148739015291822,0.010727552057661738,-0.008430701007497987,-0.012261202530147841,0.005918439859741831,-0.005580486081807834,0.2824912994909242,100.9545,100.5616,-0.07,6.124800205230713
2013-06-04,-0.0014992441635222065,-0.018054914621463247,-0.010395975120352396,0.012967547404230118,0.011356998132437068,0.016026685100757998,0.0010878978353181523,-0.016416434568442106,-0.005526048005605411,-0.017427496196573244,0.1751390513507077,100.9545,100.5616,-0.05,6.121699810028076
2013-06-05,0.004597712624206274,0.006528632664020151,0.0009301011782127944,0.005090146416685037,0.000594204838234802,0.02283073442259642,-0.0024192216065594963,-0.012875452529695686,-0.01387555454392242,-0.024230114497330035,0.17501962958926742,100.9545,100.5616,-0.06,6.11870002746582
2013-06-06,0.01082243212850198,0.012210179930366216,0.012295330550164962,0.002971105216460934,-0.01526293809754109,0.0016600255201304481,-0.01279806699816799,-0.018112760466355127,0.008454454144231072,-0.019439285467411693,0.1833706176455452,100.9545,100.5616,-0.05,6.117800235748291
2013-06-07,0.013313228104022912,0.04319817975074969,-0.023369021245246202,-0.006917433312406018,-0.015193228195186315,-0.0070175731691373144,0.00208327750480386,-0.02047681427210346,0.012749914526945183,0.007721205981390256,0.17411817859844192,100.9545,100.5616,0.03,6.126200199127197
2013-06-10,-0.002711181456705347,0.02452294723650361,0.002311102594680925,-0.018228462042539917,-0.008301338965712723,-0.026806302287768258,-0.0004897871354891947,-0.012535900400094668,-0.00034687360363694353,0.0014558925180114812,0.17386887821813687,100.9545,100.5616,0.11,6.126200199127197
2013-06-11,-0.004080564407617615,0.021941626992408203,-0.006658935530785115,-0.014491422452972635,-0.014303727286460566,-0.05246702770666589,-0.007252247022865532,-0.020876045258278353,-0.010205264184820706,-0.003223323661203814,0.17795252935515768,100.9545,100.5616,0.13,6.126200199127197
2013-06-12,0.005228496846273245,0.022572411214475174,0.010690688764811718,-0.004730834866373712,0.009971982452314565,-0.04308925009258613,-0.001234396850890107,-0.019691220502608964,-0.008404776908051304,0.0022474539746673017,0.1825615365037088,100.9545,100.5616,0.21,6.126200199127197
2013-06-13,0.008412628825142043,0.020162607911115238,-0.010255071542170313,-0.027281236958708988,-0.012480649617919504,-0.04030696161296454,-0.004208402473498296,-0.01110155597793927,0.014676069097359523,0.008469068927795753,0.17283009278943978,100.9545,100.5616,0.15,6.123499870300293
2013-06-14,0.011925668502735576,0.018775048309827902,0.007016610331898043,0.0031043946184352578,0.006103788404226984,-0.019009945013551244,0.000619944493529978,-0.012564888989213152,-0.005902401062458651,-0.01018324666160808,0.17350988506316636,100.9545,100.5616,0.09,6.1244001388549805
2013-06-17,-0.0008179310654510275,0.02066829870108222,-0.003248982924671573,-0.00245569090091724,-0.000780475267605496,-0.011489081315444016,-0.0012403682494008805,-0.013315470103124838,0.007538875562715042,-0.0022974974952560956,0.17071605047368657,100.9545,100.5616,0.15,6.120800018310547
2013-06-18,0.006829503141239535,0.03157836624993937,-0.011784578876664398,-0.007581334246796523,-0.014153354077679259,-0.01133870810666271,0.0006204237558709025,-0.005442799324388403,0.007760963428783185,0.015668730118347796,0.17210716059660455,100.9545,100.5616,0.14,6.114999771118164
2013-06-19,-0.0020338076699975005,0.024316061733668626,0.005109127327629359,-0.013162895683978881,-0.004285372758784378,-0.025596063317761653,0.009996967469481532,0.005788564995983236,-0.01394830132848135,0.01012520569791775,0.16533504587362502,100.9545,100.5616,0.29,6.118500232696533
2013-06-20,-0.0293348482050364,-0.013431415296509819,-0.06597613154712167,-0.06888395568893024,-0.026431841748381535,-0.039547255448223684,0.00502231766944039,0.015019285138921923,-0.025328424392299098,-0.02987928779174087,0.18397845859527917,100.9545,100.5616,0.46,6.1168999671936035
2013-06-21,-0.01808710842733774,-0.043444192226583134,0.004422859719569239,-0.07147770630125905,0.01136739991497615,-0.03428364393747452,0.005848010922417934,0.02024735156780988,0.002666219053526042,-0.02131066767575618,0.18387507426703664,100.9545,100.5616,0.59,6.118199825286865
2013-06-24,0.015778352877825697,-0.02684790828330641,-0.011524755043812007,-0.07975347842039948,-0.023030792595266192,-0.05653396126513521,0.0013353642087725603,0.02282308402598332,-0.012219368959627275,-0.041068912198098495,0.1834380070016412,100.9545,100.5616,0.64,6.1234002113342285
2013-06-25,0.0014698101296826138,-0.03220760129486333,-0.0015676440923648727,-0.06953654363609996,0.014761650825041661,-0.027618956362414293,0.0018180906036668887,0.024020750873779306,0.009452456559302824,-0.039377419067578856,0.19475223337812486,100.9545,100.5616,0.64,6.1350998878479
2013-06-26,0.0018865984577356443,-0.028287195167130186,-0.036100448476660496,-0.11074611944038981,-0.009816901438057801,-0.033150485041687716,0.004470437215078782,0.018494220619376556,0.009544789666189324,-0.015884328072908183,0.1928942907083525,100.9545,100.5616,0.6,6.135300159454346
2013-06-27,0.016100093573546026,0.01714774661145224,-0.0149121576686575,-0.05968214556192564,0.003774557809973489,-0.0029440854833326924,-0.0004822535483031132,0.012989649401633052,0.006180691300296637,0.015624787619687552,0.19458419981252736,100.9545,100.5616,0.5,6.2013020515441895
2013-06-28,-0.005061789554781093,0.030173065484008887,0.010184076226777528,-0.05392092905471735,-0.0006554460285321806,-0.014966931426841024,0.0031309575669675738,0.010272596046182692,-0.004298788980467982,0.008659779585693528,0.19186013482042097,100.9545,100.5616,0.53,6.2297749519348145
2013-07-01,0.014700859341783001,0.029095571947966192,0.025891654536359,-0.016504519474546342,0.03368300282652714,0.04174686399495231,-0.0022870285053357975,0.006650203332074334,0.005389199609390438,0.02626834815471124,0.23140159471829821,101.0474,100.7044,0.48,6.127600193023682
2013-07-02,0.016296738423251078,0.04392250024153466,-0.009842086910742509,-0.02477896229292398,-0.004128959839561963,0.022856253330348686,0.006725914668725963,0.011558027397133408,-0.0005450566900506715,0.016270834905357745,0.22621452349573423,101.0474,100.7044,0.44,6.122700214385986
2013-07-03,0.016331765305783286,0.0583676670895823,0.006811742623574979,0.018133228807311497,0.01013310283089841,0.0428062575993049,-0.0037176699369592114,0.0033699202450954147,0.0008237078945754206,0.007549753133743842,0.22529244623168043,101.0474,100.7044,0.48,6.123000144958496
2013-07-05,0.019368729970540954,0.061636303486577226,-0.0318079157329052,0.0012374707430637955,-0.030063057701573026,0.008968642087758383,0.014196418573312108,0.018048592366710636,0.01015004570322553,0.011519107536672735,0.2437750554896107,101.0474,100.7044,0.66,6.115799903869629
2013-07-08,-0.0007753618416943553,0.06592273119966396,0.01797580845034563,0.0090292029666319,0.01017536078141057,0.019799448897701133,-0.002609433660405003,0.01230820113933806,0.005237805213836211,0.021055701730976928,0.24520800780869598,101.0474,100.7044,0.58,6.122600078582764
2013-07-09,0.0037741312820926964,0.05499600313997366,0.00886816500649168,-0.00799428656323542,-0.011474889413700451,-0.02535844334252646,0.004502968689006792,0.01909819833368065,0.007203661934862993,0.022870164056449482,0.24321444767955253,101.0474,100.7044,0.59,6.123799800872803
2013-07-10,0.028471315443939993,0.06717058016066257,0.0012032247636408755,0.0030510251111479647,0.008094619293667948,-0.013134864209296548,-0.006404966822386449,0.005967316842568238,0.00018157596462842207,0.023596796711128576,0.24521116222910083,101.0474,100.7044,0.64,6.119500160217285
2013-07-11,-0.015229854780599794,0.035608960074279494,0.02587677612608541,0.022116058613658396,0.026256573775508496,0.002988606735313537,-0.015468872613574547,-0.005783885834047098,0.01346321276535356,0.036236301581906716,0.2595558615472238,101.0474,100.7044,0.56,6.124100208282471
2013-07-12,0.009864381260006994,0.026104611363745533,-0.0017982934091742564,0.05212568093738934,-0.004091919860218729,0.028959744576667834,0.002896078612366182,-0.017084225794993024,0.0030817302206287422,0.029167986099309928,0.25721256635357104,101.0474,100.7044,0.55,6.125199794769287
2013-07-15,0.00348615562408483,0.03036612882952472,0.0046845805308430855,0.038834453017886794,-0.003000879334105644,0.01578350446115162,0.0006023375731771807,-0.01387245456141084,0.0013739351515562603,0.025304116037029978,0.2538682239722466,101.0474,100.7044,0.47,6.127500057220459
2013-07-16,-0.003014317422571189,0.023577680124860834,0.005437751093870347,0.03540403910526546,0.012106136370236387,0.03936453024508846,-0.00737297841533735,-0.025748401665754983,-0.003715655417707353,0.014384798684459632,0.2566303726953819,101.0474,100.7044,0.41,6.127600193023682
2013-07-17,0.004518111501212729,-0.00037552381786642997,-0.010044094286119076,0.02415672005550551,-0.01861252905101196,0.012657381900408549,0.0033910506073118185,-0.015952384236056716,0.0027702066483987764,0.016973429368229986,0.2645604674162235,101.0474,100.7044,0.38,6.125
2013-07-18,0.014544331785101505,0.02939866274783487,0.005229242099018094,0.0035091860284381937,0.0006365924276521273,-0.01296259944744782,0.001329071797923298,0.000845560175441129,0.005020341712006271,0.008530558314882697,0.26016590324595756,101.0474,100.7044,0.38,6.12529993057251
2013-07-19,9.257379845450942e-05,0.019626855286282385,0.006749762357370237,0.012057241794982687,0.002383845908756399,-0.006486833678472692,-0.002902031801568228,-0.004952550238493281,0.0016087555796460151,0.00705758367389997,0.25987817062454166,101.0474,100.7044,0.29,6.13129997253418
2013-07-22,-0.010606717917294617,0.005533981744902938,0.03278232057525443,0.04015498183939403,0.01246171088938075,0.008975756545013702,-0.004368946314522226,-0.009923834126192688,0.0020309625424266287,0.007714611064770338,0.24430809652010999,101.0474,100.7044,0.28,6.127900123596191
2013-07-23,0.002988698258430844,0.011536997425904971,-0.0009732726413984594,0.03374395810412523,0.0026614060954042174,-0.0004689737298184671,-0.0025573792197883805,-0.005108234930643718,-0.001853653868336913,0.009576612614140778,0.2419297018822794,101.0474,100.7044,0.33,6.130899906158447
2013-07-24,-0.017308342383487663,-0.01028945645879542,-0.011601776086361149,0.032186276303883155,-0.0051728295962640836,0.01297072572492941,0.0035299276671860724,-0.004969357870769464,-0.003818502729718176,0.0029879032360238256,0.22649803242412575,101.0474,100.7044,0.44,6.127399921417236
2013-07-25,0.0009483922886834861,-0.02388539595521344,0.007022378689875097,0.03397941289474016,0.0021977935402954785,0.014531926837572762,-0.004017803206909143,-0.010316232875601905,0.002553209985189042,0.0005207715092065968,0.22198512893217678,101.0474,100.7044,0.44,6.125999927520752
2013-07-26,-0.007517052714316463,-0.03149502246798441,-0.005508029892910216,0.021721620644459705,-0.025249443394490978,-0.013101362465674615,-0.0042789779285064,-0.011693179002540077,0.0008279514379090358,-0.00026003263253038256,0.23800943547033906,101.0474,100.7044,0.43,6.12470006942749
2013-07-29,-0.0014336336647513548,-0.02232193821544115,0.005056479060803198,-0.006004220869991528,0.002409424794681092,-0.023153648560374274,0.0004899671087406077,-0.006834265579277243,-0.0037430341753674767,-0.006034029350324488,0.23785968978912206,101.0474,100.7044,0.45,6.121699810028076
2013-07-30,-0.01416005151650257,-0.039470687990374564,-0.0033177713841849865,-0.008348719612778055,-0.02452417312493349,-0.05033922778071198,0.0020796161783698253,-0.0021972701811190376,0.00037374708533377543,-0.0038066283966537995,0.25377626248999247,101.0474,100.7044,0.46,6.122499942779541
2013-07-31,0.018740608464662856,-0.003421737142224046,-0.008799916807399555,-0.005546860333816461,0.02516574283217965,-0.02000065535226825,-0.004654649335429362,-0.010381847183734472,-0.00013641851599821564,-0.00012454418293383895,0.24085573853209916,101.0474,100.7044,0.38,6.121699810028076
2013-08-01,0.026866171893823676,0.022496042462916144,-0.0010673359258541737,-0.013636574949545732,0.014484945607147193,-0.007713503285416534,0.010867674286111573,0.004503630309286244,0.012462588230416571,0.00978483406229369,0.24595194971697823,101.0919,100.7345,0.48,6.118899822235107
2013-08-02,-0.008844231555816151,0.021168863621416456,-0.0003051757864609428,-0.00843372084309646,0.0017368214909161406,0.019272761599990584,-0.005235843629846748,0.003546764607945896,0.0016391140879470356,0.01059599671233169,0.24344323532346104,101.0919,100.7345,0.42,6.120500087738037
2013-08-05,-0.0035597684692838527,0.019042728816883958,-0.006122780607500822,-0.01961298051140048,-0.0007890972252702078,0.016074239580039285,-0.00036640098735407634,0.002690396511851212,-0.0014809308775634022,0.012858100010135765,0.21776223909987844,101.0919,100.7345,0.42,6.119500160217285
2013-08-06,-0.01189473575949851,0.02130804457388802,-0.0150053283093321,-0.03130053743654759,0.0015774971035551477,0.04217590980852792,-0.003425483978531929,-0.0028147036450505425,-0.005739472830554426,0.006744880094247563,0.21538386635917325,101.0919,100.7345,0.39,6.114699840545654
2013-08-07,-0.00887114397370592,-0.0063037078644807565,0.0022574442286140695,-0.02024317640053397,0.0017324449572901912,0.018742611933638464,-0.0038062242495993104,-0.0019662785592204912,-0.0038131256619413634,0.003068172948304415,0.21061595402299826,101.0919,100.7345,0.35,6.111700057983398
2013-08-08,-0.009337327316401023,-0.042507207074705455,0.0189469440830079,-0.00022889639167189557,0.02884813442358447,0.03310580075007574,-0.003450388808605709,-0.016284341653937773,0.0038779210740464976,-0.005516494208065659,0.23011402971588216,101.0919,100.7345,0.34,6.1092000007629395
2013-08-09,0.024551069874693354,-0.00911190564419595,0.001677141163559881,0.0017534205583489282,0.011552068529071757,0.04292104778823136,0.0014801423405268466,-0.009568355683564178,-0.0035763480414265914,-0.010731956337439286,0.21623303851978137,101.0919,100.7345,0.33,6.111400127410889
2013-08-12,0.0013202509314913513,-0.004231886243420746,0.016468061360921382,0.024344262526771132,-0.0006047145935446085,0.04310543041995696,0.002462202139686731,-0.006739752556523371,-0.0011535858605249416,-0.010404611320400825,0.21536457457992028,101.0919,100.7345,0.37,6.1118998527526855
2013-08-13,0.0067625054601254675,0.01442535497620323,-0.010166133337281558,0.029183457498821674,0.00362267080669354,0.04515060412309535,0.00490619790892044,0.0015919293309289984,0.0027722100072677947,-0.0018929284825786041,0.21464770147488677,101.0919,100.7345,0.48,6.112299919128418
2013-08-14,0.0001871643868982531,0.023483663336807403,0.00964156991634102,0.036567583186548624,0.0066076449643781565,0.050025804130183316,-0.0003672080887540119,0.005030945491774297,-0.005190063227857422,-0.003269866048494663,0.2123200878644855,101.0919,100.7345,0.5,6.111800193786621
2013-08-15,0.004482250068891247,0.03730324072209967,0.020478513413118904,0.03809915251665963,-0.000748688259804231,0.020428981446794614,-0.007001191959853159,0.0014801423405268466,-0.01438456494796192,-0.02153235207050308,0.1990124807069655,101.0919,100.7345,0.6,6.109600067138672
2013-08-16,0.0012104592274937431,0.013962630074900062,0.007390349998876999,0.04381236135197675,0.0079075342987458,0.016784447216468656,0.0016011442955257138,0.0016011442955257138,-0.0033100676234782966,-0.021266071652554785,0.19956167989235984,101.0919,100.7345,0.68,6.102499961853027
2013-08-19,-0.003355713574504371,0.00928666556890434,-0.004017683329916366,0.023326616661139,-0.008357045041884392,0.009032116768128873,-0.00036923845927194776,-0.001230296303432965,-0.00591777795715398,-0.026030263749183824,0.20357761588883555,101.0919,100.7345,0.75,6.105000019073486
2013-08-20,-0.020088356529694096,-0.017564196420915223,0.005037811989806684,0.03853056198822724,0.0008987481236584216,0.0063081940850937546,-0.0039472073078759,-0.010083701520229305,0.003813913098371202,-0.024988560658080416,0.2005373144804734,101.0919,100.7345,0.67,6.1128997802734375
2013-08-21,-0.010727071047756276,-0.028478431855569752,-0.0018223572084146156,0.027066634863471606,-0.00841979950367433,-0.008719250382958732,0.005054513926104676,-0.004661979505370617,-0.005796369467346629,-0.025594866897569624,0.20385449010501716,101.0919,100.7345,0.73,6.11460018157959
2013-08-22,0.011298476383243106,-0.021662205541217894,0.0004376508946979385,0.00702577234505064,0.006471501899977694,-0.0014990602231768069,0.0020883021101258947,0.004427514564608437,0.008582441743413938,-0.002627860206193766,0.20292489603164393,101.0919,100.7345,0.79,6.113399982452393
2013-08-23,0.013147499950036945,-0.009725164818674692,0.01770981329617438,0.017345235642348023,0.005684399320808664,-0.0037221952011139425,-0.0018424316606617808,0.0009839386084209423,0.003939241910212665,0.004621449327497196,0.2032802442322047,101.0919,100.7345,0.69,6.111100196838379
2013-08-26,-0.0047094370607467795,-0.0110788883049171,-0.0019363517501069794,0.01942656722215741,-0.008990162821521208,-0.0043553129807507585,0.0003688330059663514,0.0017220100736592414,-0.004047839230057804,0.006491388054593372,0.1821372834550966,101.0919,100.7345,0.64,6.111000061035156
2013-08-27,0.02875556583536376,0.037765034060140756,0.019619605598163226,0.03400836083051395,0.003155748117952717,-0.002098312986456463,-0.002460990247984185,0.003208227133550956,-0.016001539229184125,-0.013324064272961955,0.1821171105460434,101.0919,100.7345,0.57,6.111199855804443
2013-08-28,0.009949389132692943,0.058441494240589975,-0.0011269022179263288,0.03470381582100224,-0.007681356994795552,-0.0013598704775776849,0.0030752223710130977,0.001228935578459378,0.0027438773089691892,-0.004783817496646137,0.15750359768152847,101.0919,100.7345,0.63,6.111700057983398
2013-08-29,-0.011877667398520586,0.03526535045882628,-0.00430805110888155,0.02995811381742275,-0.01923428703445129,-0.02706565941200667,0.006488347364744129,0.0056289808330776125,0.00196147664909585,-0.011404782590964224,0.15739780576493678,101.0919,100.7345,0.65,6.110400199890137
2013-08-30,-0.010626124486270427,0.011491726022518911,-0.011961729543889632,0.0002865709773587355,-0.005874202641564352,-0.03862426137437969,0.0017068937986941535,0.009178306292433547,-0.0031793671926347855,-0.018523391693811675,0.1525792371044309,101.0919,100.7345,0.68,6.110499858856201
2013-09-03,0.008233539085373387,0.024434702168639078,0.0113245215459159,0.013547444273381615,0.02192836905861073,-0.007705729494247748,0.0032837278210982035,0.012093201107565399,0.004155575226959307,-0.010319977236794564,0.16909718632583678,101.0919,100.7345,0.76,6.109600067138672
2013-09-04,-0.012142685532217534,-0.016463549198942218,-0.01577531939713772,-0.021847480721919332,-0.01836878307040357,-0.029230260682604037,-0.0023096399110063004,0.012244551444543283,0.008084187928560027,0.013765749920949588,0.18297751627767453,101.0919,100.7345,0.83,6.110599994659424
2013-09-05,0.010575231741418278,-0.015837706590216882,-0.012160880108594618,-0.03288145861258762,0.001389398074059356,-0.02015950561374913,0.005582527814207872,0.014751856887738057,0.0012091315394675561,0.012231004151447955,0.18297163275421566,101.0919,100.7345,0.92,6.110099792480469
2013-09-06,0.019735642999385128,0.01577560380768883,0.009855849000619088,-0.018717558503086984,0.005231573827634284,0.0043063552483364465,-0.005825914415988009,0.0024375951070059187,5.442965978197378e-05,0.010323957162134079,0.18354277136796446,101.0919,100.7345,0.87,6.109899997711182
2013-09-09,-0.009179815949911685,0.017221912344047574,7.218147199861136e-05,-0.006683647487198741,0.005357068674990639,0.015537626564891438,-0.0043918651170615775,-0.003661163808749812,0.009943282138970666,0.02344660649373953,0.15471845810547527,101.0919,100.7345,0.84,6.110499858856201
2013-09-10,-0.019640088142242718,-0.01065171488356853,-0.016504117418558728,-0.03451228645167337,-0.00428337124536271,-0.010674113739082003,0.00036671083089245826,-0.006578180798955557,0.00731894048480175,0.026609971751581973,0.14955292190266162,101.0919,100.7345,0.86,6.111000061035156
2013-09-11,0.001581746515955551,0.003072717164604555,-0.00014659176849995958,-0.018883558823035607,-0.0015341752345330306,0.006160494096788538,-0.0036733610362045255,-0.007941901924153782,0.0030476346138188504,0.021573418436840797,0.14958157939251276,101.0919,100.7345,0.8,6.110000133514404
2013-09-12,0.009622584746808549,0.0021200701699948254,-0.024868593603377676,-0.031591272317818664,-0.013603520853736617,-0.008832424831007435,-0.00036806061770988663,-0.01389249035607154,-0.0033861418278018363,0.016978145069571404,0.1550740872008475,101.0919,100.7345,0.81,6.108500003814697
2013-09-13,-0.003597618326481644,-0.021213191155871947,-0.01667463190592855,-0.0581217532243663,-0.001713553843970983,-0.0157775525026127,-0.0004909895373090833,-0.008557565477392615,0.002711001653103118,0.019634717062892548,0.15221410734919408,101.0919,100.7345,0.8,6.107999801635742
2013-09-16,-0.015084110778827764,-0.027117485984788026,0.007234543851109443,-0.05095939084525547,0.006216986415038539,-0.014917634762564802,-0.0024584763703394685,-0.006624176730670506,0.005677008295821295,0.015368443219743178,0.15479299633587454,101.0919,100.7345,0.76,6.108799934387207
2013-09-17,-0.011037310286154067,-0.018514708128699375,-0.006394194227050676,-0.04084946765374742,0.0003098148847617832,-0.010324448632440308,-0.0009851229950310625,-0.007976010556594026,0.0042088695965523115,0.012258372331493739,0.15110010982054578,101.0919,100.7345,0.7,6.110300064086914
2013-09-18,0.024826808433281222,0.004730353788626296,-0.0012990114845123912,-0.04200188736975985,0.01704718592491883,0.00825691252701155,-0.011523581184147424,-0.015826230704536925,0.01210412155841567,0.02131485927609056,0.162752154965554,101.0919,100.7345,0.49,6.111499786376953
2013-09-19,-0.015667580699854078,-0.02055981165803633,0.046026332051999574,0.0288930382856174,0.02005040408063863,0.041910837461386796,0.0014944305112818412,-0.013963739575545198,-0.0018446541484813395,0.022856346955411055,0.1780209190991757,101.0919,100.7345,0.55,6.111199855804443
2013-09-20,-0.01620350121408265,-0.033165694545637336,-0.027315828475254378,0.018251841716291572,-0.006739014555531719,0.03688537674982606,0.0009950477131503987,-0.012477702325085716,-0.007243053962847412,0.012902291339460525,0.17709429480740063,101.0919,100.7345,0.52,6.111199855804443
2013-09-23,-0.010467315859214565,-0.028548899626024138,-0.004211464098284878,0.006805833766897251,-0.00587749912912261,0.02479089120566491,0.00012424024969526215,-0.009894985705050985,-0.004730758941951407,0.002494524101687823,0.17677639042236992,101.0919,100.7345,0.46,6.111199855804443
2013-09-24,-0.004450463022305229,-0.0219620523621753,-0.008248580056451793,0.004951447937496134,-0.012930892296585617,0.011550184024317511,0.0013663826000707147,-0.007543480109949208,-0.0026005214977313784,-0.004314866992595867,0.18048122921867102,101.0919,100.7345,0.48,6.111000061035156
2013-09-25,-0.004567708891376476,-0.051356569686833,0.015008407385870726,0.02125886680787925,0.004582918646667045,-0.0009140832539342725,-0.0028590451249872473,0.0011210559492109695,-0.0027432251543784147,-0.019162213705389952,0.1792624791007641,101.0919,100.7345,0.45,6.110899925231934
2013-09-26,0.003597603304570818,-0.0320913856824081,-0.009249961668873041,-0.034017426912993365,0.007137995605415393,-0.013826491729157508,0.002362386101030012,0.00198901153895914,0.0034793658479985723,-0.01383819370891004,0.18083721271413822,101.0919,100.7345,0.47,6.110000133514404
2013-09-27,-0.0015541142664590168,-0.01744199873478447,0.01111961031158426,0.004418011873845273,0.006486216543726275,-0.0006012606298995138,-0.0031096487579498344,-0.002115684932141093,-0.004082121663444127,-0.010677261409506755,0.1803173329085544,101.0919,100.7345,0.46,6.111400127410889
2013-09-30,-0.0052631788501926735,-0.012237861725762578,-0.008930994336050269,-0.0003015183639201169,-0.0013540699239045217,0.003922168575318574,-0.0006230347641098533,-0.0028629599459462085,-0.0060474799811904845,-0.011993982448745832,0.1660254696940181,101.0919,100.7345,0.45,6.109899997711182
2013-10-01,-0.0028380007464381407,-0.01062539944989549,-0.031007268780229857,-0.02306020708769818,-0.01486453078495864,0.0019885300869455502,-0.0014970405342102922,-0.005726383080227215,0.007966724683406312,-0.0014267362676081419,0.17354621667881578,101.1206,100.7519,0.46,6.111499786376953
2013-10-02,0.019987058717253703,0.01392936815873469,0.026549534475807768,-0.011519079997761139,0.011999839355241848,0.009405450795520354,-0.0027503608608761,-0.005617698816116068,-0.0006668918703409688,0.0006495970164293041,0.16120522396392942,101.1206,100.7519,0.43,6.111499786376953
2013-10-03,-0.00761780773359888,0.0027139571205649915,-0.0024260445347756843,-0.004695162863663782,-0.015060750903638231,-0.01279329571353327,-0.0013780223233830213,-0.009358107240529101,-0.00901997250055242,-0.011849741332121688,0.15674550390546796,101.1206,100.7519,0.43,6.111499786376953
2013-10-04,0.005117064459426501,0.00938513584645051,-0.005862049685156023,-0.021676822860404066,0.009610282956712846,-0.0096692293005467,0.004378093238091019,-0.001870365244488248,0.007028466704283254,-0.0007391529643943073,0.15997050851821362,101.1206,100.7519,0.46,6.111499786376953
2013-10-07,-0.007831021579991493,0.00681729311665169,0.011463475434532633,-0.0012823530898211644,-0.0012152359190205075,-0.009530395295662686,-0.002249161254810339,-0.0034964917351887337,-0.008542747536819384,-0.003234420520023207,0.1592598263156024,101.1206,100.7519,0.45,6.111499786376953
2013-10-09,-0.01833300753358369,-0.02420999945850877,-0.013150527333181117,-0.01042822098948637,-0.018605947697464265,-0.027554216100348805,0.0038646833291258176,0.006115532235082988,0.0005737417306050929,-0.022369261533566664,0.17077070866453875,101.1206,100.7519,0.47,6.111100196838379
2013-10-10,0.01368413012909464,-0.002908061595815248,-0.007912504372284523,-0.01591468082699521,0.006034840009021991,-0.0064586251876885825,0.0006218723016333527,0.008115426860099362,0.02159562288283645,0.008246333849822207,0.17224857182181186,101.1206,100.7519,0.5,6.111100196838379
2013-10-11,-0.009657252043572484,-0.017682378098814233,-0.022304578914430273,-0.03235721005626946,0.0073778901196044355,-0.008691018024796993,-0.0007463311585294008,0.0029910024634789423,0.006266595617328008,0.007484462762866961,0.16697221388098132,101.1206,100.7519,0.5,6.105800151824951
2013-10-15,-0.011786842691649646,-0.02227741188318877,-0.0026673149739631086,-0.03943214705966014,0.001211371617103607,0.006680813212779579,0.002737356607681818,0.005232424993109497,-0.007088789613758806,0.02541361176229895,0.1692062736835431,101.1206,100.7519,0.54,6.097899913787842
2013-10-16,0.01061436826423634,0.006669963914631261,0.007045038923208402,-0.01923658080327062,-0.0010598789207014736,0.02422688198954237,0.0002484363616881424,0.0016161780256718217,0.013732804307132085,0.03857267433882594,0.16935566269133562,101.1206,100.7519,0.5,6.092700004577637
2013-10-17,-0.01596410286657779,-0.02297826908104117,0.031253706635890666,0.01992963020490457,-0.0034903690737908555,0.014701672906729524,-0.010615128911160454,-0.009620823187121985,0.006721314413737467,0.023698365869726956,0.15958546916963184,101.1206,100.7519,0.45,6.089799880981445
2013-10-18,0.0013897102953031037,-0.011931306742165582,-0.006294758819145763,0.03593945030018908,0.001215420535874756,0.008539203322999844,-0.00012558398124351555,-0.0090000760098361,0.0065274054636228485,0.023959175716021797,0.14228729311191327,101.1206,100.7519,0.42,6.088200092315674
2013-10-21,-0.015897913672055175,-0.03164478067074317,0.0009884999625331403,0.030325171728523337,0.0009106150232875976,-0.0012128408182263684,0.0005021455742459935,-0.007252774348788016,9.173220960434492e-05,0.01998446678033794,0.14073494496876132,101.1206,100.7519,0.44,6.0868000984191895
2013-10-22,-0.014415010931058347,-0.03427294891015187,0.020164741123126717,0.05315722782561316,0.009812148595627512,0.007387936160297537,-0.005537422235001088,-0.015527553191470922,0.005721116239627122,0.03279437263372387,0.14358115094269927,101.1206,100.7519,0.37,6.082600116729736
2013-10-23,-0.009657964968377009,-0.05454528214276522,-0.0064265469332536185,0.03968564196915114,-0.018802687669380758,-0.010354872588381747,0.0002524198431181901,-0.015523569710040874,-0.004735753240036722,0.01432581508655506,0.1516119648095883,101.1206,100.7519,0.36,6.082699775695801
2013-10-24,0.002577719614957452,-0.036003459661229975,0.012145692994379509,0.020577628327639985,-0.0016852024742266547,-0.008549705988817546,-0.000883555662427149,-0.005791996461307569,0.0032528385443555408,0.010857339217173134,0.15078481479678074,101.1206,100.7519,0.36,6.073500156402588
2013-10-25,0.007591315356604511,-0.029801854599928568,0.0016281164419824634,0.02850050358876821,0.0013790397312274383,-0.008386086793464864,-0.0001263135198623644,-0.005792725999926418,0.004385214392774728,0.008715148146325014,0.14851578750010194,101.1206,100.7519,0.34,6.072000026702881
2013-10-28,0.008446616505712434,-0.0054573244221609585,-0.0002958322832187221,0.02721617134301635,-0.0013790397312274383,-0.0106757415479799,0.0008836672252030553,-0.005411204348969356,0.0013288165192371082,0.009952232455957777,0.14629785912112664,101.1206,100.7519,0.35,6.073999881744385
2013-10-29,-0.004876110470279471,0.004081576038617918,-0.0050423130348367096,0.002009117185052922,0.004436675584712946,-0.016051214558894467,0.004783459020162084,0.004909676906193816,0.005568661214094384,0.009799777430425038,0.14745834512723685,101.1206,100.7519,0.35,6.075500011444092
2013-10-30,-0.014669190080423,-0.0009296490734280738,0.00282091263968276,0.0112565767579893,0.013644795738831705,0.016396268849317996,0.00150586988740109,0.006163126950476716,-0.004887849694569901,0.00964768097589186,0.14591128218465035,101.1206,100.7519,0.37,6.0802001953125
2013-10-31,-0.004038311488274715,-0.007545680176660241,-0.019008298605495355,-0.019897414841885563,-0.007860897450413296,0.010220573873131356,0.005626735155671803,0.012673417768575668,-0.0038467705679376962,0.002548071863598622,0.14271775281199536,101.1206,100.7519,0.4,6.083799839019775
2013-11-01,-0.018535497547168767,-0.03367249308043352,-0.007964543329991969,-0.029490074613859996,-0.0003036326466419048,0.008537901495262012,0.0065868181685297955,0.019386549456967828,0.0028992144122090835,0.0010620718830329778,0.13218164652401448,101.0734,100.7574,0.5,6.084499835968018
2013-11-04,0.00010571406291148833,-0.042013395523234465,0.0011416829857315847,-0.02805255934490969,-0.014065360940338056,-0.004148419713848606,-0.0022321474796695995,0.016270734752095173,0.00356419937809882,0.00329745474189469,0.13688575439499295,101.0734,100.7574,0.5,6.0894999504089355
2013-11-05,-0.013298775318559386,-0.05043606037151438,-0.00503316524085573,-0.02804341155092871,0.0015384970545166965,-0.007046598244044855,0.0019843244833763762,0.013471600215309465,-0.002809530848340458,-0.005080737320540152,0.13707973894796857,101.0734,100.7574,0.55,6.089000225067139
2013-11-06,0.015199317540571577,-0.020567552750519802,0.007388502478491432,-0.023475821712120037,-0.005395053472296629,-0.02608644745517319,-0.002853723930032359,0.009112006397876016,0.0042564687122874645,0.004063581086317214,0.13799959931557954,101.0734,100.7574,0.48,6.0868000984191895
2013-11-07,-0.006349292266777162,-0.02287853352902225,-0.007082720171927903,-0.011550243278552585,0.004318383470145459,-0.013907166534614435,0.004215707811504821,0.007700979053709034,-0.013270435999594987,-0.005360084345340077,0.12246818507395178,101.0734,100.7574,0.46,6.082699775695801
2013-11-08,0.004237310742297495,-0.00010572523955598712,-0.01843549777376907,-0.02202119772232969,0.0012303749457682756,-0.012373158942204254,0.004813925146406106,0.0059280860315853445,0.013338208792264439,0.005078910034715278,0.12080481970335172,101.0734,100.7574,0.59,6.080900192260742
2013-11-12,-0.022319966538279168,-0.00354060586138516,-0.007758374803145784,-0.02861660492355611,-0.007848023261747938,-0.004931442332639424,0.001232513149220793,0.0059296449517756145,-0.0023732054456200302,0.002673706124309838,0.1145833242628979,101.0734,100.7574,0.62,6.081399917602539
2013-11-13,0.00898782367595885,-0.009752099725997887,-0.0022051885213283384,-0.03821029592337588,-0.022655445908329686,-0.02219183476867248,-0.003207529666165776,0.005575839215642198,0.008062752720499056,0.006479990132521429,0.13667402380958124,101.0734,100.7574,0.58,6.081999778747559
2013-11-14,-0.0012789931137859867,-0.004681800573006711,0.01401463716541329,-0.017112938586034687,-0.0009486232990327803,-0.02745884153785072,0.0006176647794022827,0.0019777961835396596,0.004825596820451139,0.024576022952567556,0.13668484264010847,101.0734,100.7574,0.51,6.082900047302246
2013-11-15,0.0008528167074537407,-0.008066294607850466,0.0008549428585640229,0.0021775020462984074,0.0037891058008121536,-0.024900110682806842,-0.0017304048231645552,-0.004566533786031002,0.00421314627388103,0.015450960434184147,0.13804199975480316,101.0734,100.7574,0.53,6.082200050354004
2013-11-18,-0.008669156661324173,-0.022427475929976737,-0.011799392732389613,-0.006893376032886422,-0.00616457073343768,-0.03382755740173593,-0.0001236408357998542,-0.0032113973965071096,-0.0037050524235047178,0.011023237945706477,0.1384382270306957,101.0734,100.7574,0.48,6.082200050354004
2013-11-19,0.003326692628725425,0.003219183237027856,0.0009428608914205938,0.0018078596616799558,0.002691747563125846,-0.023287786576862146,-0.0016096689390892038,-0.0060535794848171065,-0.0020450552776010156,0.011351388113725491,0.1390561117531977,101.0734,100.7574,0.53,6.082099914550781
2013-11-20,-0.00010708209078647002,-0.005875722529717464,-0.01224682450185366,-0.008233776318845365,-0.00015812881091248343,-0.0007904694794449441,0.005067728147418293,0.002221678328766963,-0.003642235996161425,-0.0003536006029349892,0.1325427817044315,101.0734,100.7574,0.64,6.083000183105469
2013-11-21,0.022356184173396798,0.01775945475746532,-0.011513699009954692,-0.03376211249421335,0.011322660211427138,0.011480814031014974,-0.0007399797727742907,0.0008640337765903894,0.008095705420756438,0.00291650799737031,0.1266674848748849,101.0734,100.7574,0.6,6.082799911499023
2013-11-22,-0.006306580786544558,0.010600057263467022,0.0004020100556649808,-0.03421504529711239,0.009028717546176512,0.016720425776379333,-0.004203813841602511,-0.001609375241847566,0.004949190500028955,0.003652552223518235,0.13130730339010513,101.0734,100.7574,0.56,6.082900047302246
2013-11-25,-0.007939490486322143,0.011329723438469053,-0.0023339308349594745,-0.02474958339968225,0.003866696476109821,0.026751692985926834,0.0025985176787202136,0.0011127832726725018,-0.001264140787239576,0.006093463859783377,0.1320381379721006,101.0734,100.7574,0.56,6.083700180053711
2013-11-26,-0.004367009550225731,0.0036360212595178965,0.00024173118194248389,-0.02545071310916036,-0.003092145381168976,0.020967800041632012,-0.003838270804411792,-0.0011158185926500863,0.00014979323550345924,0.008288312372887852,0.1323331764544401,101.0734,100.7574,0.54,6.082600116729736
2013-11-27,-0.014840547974832141,-0.011097444624527775,-0.0029041448933400105,-0.016108033500646712,-0.008865468953774824,0.012260459898769671,0.001611370099481313,-0.004572176640587067,0.002481998677461128,0.014412547046510404,0.13412973449958357,101.0734,100.7574,0.58,6.082699775695801
2013-11-29,0.0045400376247037855,-0.028913591173220787,0.01028776685854993,0.005693432367857909,0.009329867526671087,0.01026766721401362,-0.0007433720980953851,-0.004575568965908161,-0.0007859984571165768,0.005530843168637389,0.12888206717988257,101.0734,100.7574,0.6,6.082399845123291
2013-12-02,0.011793837450557731,-0.010813172936118498,-0.02288904688035931,-0.01759762456816638,-0.00403226710623561,-0.0027933174383985016,0.0028467542127081913,0.002474999088402541,-0.0027227235347160317,-0.0021410708661075972,0.12709957821420276,101.0734,100.7574,0.66,6.083199977874756
2013-12-03,0.023386731238291603,0.020513048788495247,-0.0004910782883058573,-0.015754772021512764,-0.005141398354533644,-0.011801412269041966,-0.0035906793239988133,-0.003714197914316486,-0.003197955991893764,-0.004074886070761785,0.12780795078208793,101.0734,100.7574,0.64,6.083000183105469
2013-12-04,0.012005899183884061,0.03688595752260504,0.021459182938458277,0.005462679735003029,0.02178537590125007,0.01307610901337708,0.00012396287564353514,0.000248035765738841,-0.0013043434697870282,-0.0055290227760522725,0.14239573982677872,101.0734,100.7574,0.73,6.082399845123291
2013-12-05,0.001850142480060768,0.05357664797749795,-0.012090096963768282,-0.003723272335425243,-0.003061453146825377,0.018880124820326527,-0.0044748443099500435,-0.005838178643692515,-0.004349015813080115,-0.012360037266593515,0.1428032383153364,101.0734,100.7574,0.76,6.081600189208984
2013-12-06,0.002768850398918943,0.051805460751713106,-0.0023542956632374157,-0.016365334857212588,0.0024498972736122226,0.012000154567267662,0.0,-0.00509480654559713,0.011175194876876127,-0.00039884393260081197,0.14155814367027827,101.0734,100.7574,0.77,6.081299781799316
2013-12-09,-0.0031797061652145686,0.036831917135940806,0.00405581331600402,0.010579525339150742,0.007920840395304829,0.0239532620688081,-0.001745628809556088,-0.00968718956786141,0.0018154512479506835,0.004139330850065903,0.14331996687522988,101.0734,100.7574,0.74,6.071800231933594
2013-12-10,0.011948120769531556,0.02539330666718076,0.021700795360903413,0.03277139898836001,0.0018190218296429972,0.030913682252984742,-0.001998701905091771,-0.008095212148954367,-0.0031847248956573537,0.004152561946302313,0.14336311998804094,101.0734,100.7574,0.69,6.062300205230713
2013-12-11,-0.010921258535935507,0.002466148947361191,-0.0030941548556420173,0.008218061194259718,0.009045733556472424,0.018174039908207096,-0.0010008987542597936,-0.009220073778857696,-0.011381397674607108,-0.005924492258517766,0.14612507754949486,101.0734,100.7574,0.71,6.060999870300293
2013-12-12,0.0006155489867323283,0.0012315554540327511,-0.026163698079213482,-0.005855539921185482,0.00015006040549847555,0.02138555346053095,0.003872795966573861,-0.0008724335023337915,-0.003777688379155819,-0.00535316482459347,0.14260451551693068,101.0734,100.7574,0.75,6.061699867248535
2013-12-13,-0.009273652581176961,-0.010810947526063153,0.0078807340994409,0.004379489841492834,0.005984452594320011,0.024920108781238737,0.00012470714407797345,-0.000747726358255818,-0.00010141528650642329,-0.01662977498797602,0.113263127308721,101.0734,100.7574,0.72,6.061500072479248
2013-12-16,0.00906853777153227,0.001437296410683686,0.007899484106637544,0.008223160632126358,0.007134373213920409,0.024133641599854316,-0.001746935691523177,-0.0007490332402229072,0.006300152129396608,-0.012145074106530096,0.1133995839414472,101.0734,100.7574,0.71,6.061299800872803
2013-12-17,-0.002670799020756398,-0.013181623379604268,-0.011547791836537868,-0.025025426565314923,-0.0026693844957139667,0.019645235274497352,-0.00012492520346008007,0.0011247434614087837,-0.003105805936371553,-0.012066155147244295,0.11512300118412531,101.0734,100.7574,0.67,6.061500072479248
2013-12-18,0.005948144071438399,0.0036877792277696386,0.003971978277199639,-0.017959293432473267,-0.0017836038662359943,0.008815897851788934,0.0006243747762235685,0.0027500169918921458,0.016510906009174597,0.01582614853653741,0.11176343218746748,101.0734,100.7574,0.72,6.061100006103516
2013-12-19,0.009869272687815567,0.012941502928852877,-0.03381505677728658,-0.025610652130546363,-0.006118035689798074,0.002547801756492385,0.00647005678696555,0.005347277812283835,-0.0005800974283936,0.01902373948729963,0.11618311838325764,101.0734,100.7574,0.79,6.061800003051758
2013-12-20,0.005553076634659426,0.027768232144689264,0.008416345408783776,-0.025075040821203487,0.002242636226383876,-0.00119401461144375,-0.0006202521462697064,0.004602318521936155,0.004807155440690103,0.023932310214496155,0.11575796491031141,101.0734,100.7574,0.73,6.061299800872803
2013-12-23,-0.004136574790902792,0.014563119582254203,-0.005575176639224466,-0.0385497015670655,0.0007464528709919538,-0.007581934954372205,-0.0016146669818439818,0.00473458723161535,0.005304028886206069,0.022936186971305617,0.11158803950906014,101.0734,100.7574,0.76,6.061399936676025
2013-12-24,0.003129236399486146,0.020363155002496747,0.005575176639224466,-0.021426733091303163,0.019799674886723517,0.01488712442806528,0.0009939351442929123,0.005853447579368343,0.0029115043043059785,0.028953497211983148,0.12526202328722894,101.0734,100.7574,0.8,6.060200214385986
2013-12-26,0.0033204419898353876,0.017735452920893735,0.007440510666761213,-0.01795820070174159,0.00932002213606764,0.025990750430368914,-0.0006210225862588459,0.004608050216885928,0.004734304621132779,0.01717689582394133,0.12728889255172826,101.0734,100.7574,0.8,6.061500072479248
2013-12-27,0.00770501267685475,0.015571192909932918,0.0016459554700949397,0.01750281154563993,0.005925284870632819,0.038034070990799806,-0.0011189653153413914,-0.002980971885421013,-0.0003366410106071527,0.017420352241727777,0.12567513177312853,101.0734,100.7574,0.8,6.061500072479248
2013-12-30,-0.010320203576343445,-0.0003020873010699532,-0.010747458164401813,-0.0016609920275456602,-0.014367851274797117,0.021423583489618814,-0.004863148073606993,-0.0072238678127583,-0.00017926996201467205,0.012433926839023002,0.13364926873939725,101.0734,100.7574,0.76,6.058700084686279
2013-12-31,-0.008800853432910039,-0.0049663659430772,-0.0009978804752162063,0.0029163041364625997,0.006120656963344295,0.026797787581971155,0.000499886480024081,-0.005109314350890237,0.003951856349111438,0.01108175430192837,0.13223920073895312,101.0734,100.7574,0.8,6.051799774169922
2014-01-02,-0.03074621346313844,-0.038841815805701785,0.01903718570719448,0.016378313204432615,-0.0029099367541609578,0.00408817594108668,0.007344233479003925,0.001240983983820776,-0.008901413016629611,-0.0007311630190072194,0.13154111808647473,101.0734,100.7574,0.74,6.044000148773193
2014-01-03,-0.015628653323282116,-0.05779091111881929,0.010879399570833392,0.019817202108504794,-0.007458918577503804,-0.012690764772484764,0.001982452190894435,0.0038444587609740566,-0.0003330205201601544,-0.005798488160300153,0.13359214036202313,101.0734,100.7574,0.75,6.0406999588012695
2014-01-06,-0.0056566539756914835,-0.07115257777136552,-0.0004845937968926961,0.01768665284151716,0.0017600597393903072,-0.016855989903727275,-0.0017343833328222757,0.0032290407434931723,-0.00251492725375968,-0.00797677440345268,0.11470389966139843,101.0734,100.7574,0.72,6.041500091552734
2014-01-07,0.0025654516018862594,-0.05826692259313582,-0.006809384421340603,0.02162472658457837,-0.0002931049493239968,-0.0027812435782541556,0.00222938290792829,0.010321571725028456,0.006063345375391549,-0.001734159066046459,0.11355916776363995,101.0734,100.7574,0.7,6.042699813842773
2014-01-08,-0.014408812056938558,-0.06387488121716434,-0.003340513526092437,0.019282093533702138,-0.005143643772271167,-0.014045544313869618,0.0025946648387460414,0.012416350083750416,-0.00021223150345139885,-0.005898246918609296,0.11630656563720677,101.0734,100.7574,0.72,6.041200160980225
2014-01-09,-0.007283016582002588,-0.040411684336028486,0.0032591895882276845,0.003504097414735341,-0.011708172880869894,-0.022843780440578554,-0.0003702410252959254,0.004701875579450565,0.0003482485435144511,0.0033514146415347668,0.12292097279262369,101.0734,100.7574,0.66,6.041299819946289
2014-01-10,0.011498093162807699,-0.013284937849938672,0.014055079791468472,0.006679777635370421,0.009790907916110925,-0.0055939539469638255,-0.0043297953653365084,-0.0016103719767803781,0.0023040304904551334,0.0059884656521500546,0.12676465361761502,101.0734,100.7574,0.59,6.045000076293945
2014-01-13,-0.009971881326981347,-0.017600165201228535,0.003363290552861997,0.010527661985125114,0.0038308610576507363,-0.0035231526287033965,-0.0018614080014058842,-0.0017373966453639866,-0.01265596645879441,-0.004152573552884675,0.12396318616645335,101.0734,100.7574,0.57,6.042200088500977
2014-01-14,0.008568774038073101,-0.011596842765041693,-0.004567191383518576,0.01276985502294714,-0.003535679503720912,-0.006765727183100312,0.0012412920215529866,-0.00272548753173929,0.01075987611993412,0.0005439571916578956,0.1249238490941794,101.0734,100.7574,0.62,6.033299922943115
2014-01-15,0.016920535169765216,0.01973250446166208,-0.005718193646703007,0.01039217490233657,0.005445620739413126,0.0038235373285839813,0.004826435805268758,-0.0004937165652165731,0.005152889134683036,0.005909077829792331,0.12465540008399907,101.0734,100.7574,0.62,6.031199932098389
2014-01-16,-0.0022324900309182993,0.02478303101274637,0.001533452891411713,0.008666438205520599,-0.004560528201496217,0.010971182007957658,-0.0012353117466963326,-0.0013587872866169803,-0.0013480284864257897,0.00421280079985209,0.12370924367933997,101.0734,100.7574,0.61,6.035999774932861
2014-01-17,0.004354105090725646,0.017639042940664318,0.009391208725446631,0.004002567139498758,-0.0036930532119026083,-0.0025127791200558747,0.004440073922669541,0.007411082001389069,-0.0039027803200157862,-0.0019940100106188297,0.12405989799093645,101.0734,100.7574,0.58,6.04580020904541
2014-01-21,0.006548345275448675,0.03415926954309434,-0.007538048800282304,-0.006898772213645543,0.003840480785562095,-0.002503159392144516,-0.001970974541828596,0.007301515460966357,0.0027699122428179734,0.013431868690993554,0.12447741215917836,101.0734,100.7574,0.59,6.042799949645996
2014-01-22,0.018152026485529937,0.043742521990551175,-0.0026599368951050195,-0.0049915177252319864,-0.004876975954722251,-0.0038444558431458553,0.0008627559082317049,0.006922979347645075,0.0005747000497677845,0.0032466926208272184,0.1237267773862134,101.0734,100.7574,0.62,6.040599822998047
2014-01-23,0.006080887880907326,0.032902874701693285,0.018868464968043064,0.019595140889514084,-0.015677815589581368,-0.02496789217214035,-0.009034102959715185,-0.006937559417338868,-0.008929324764570978,-0.010835521278426796,0.13553677402058686,101.0734,100.7574,0.66,6.041299819946289
2014-01-24,-0.007011786908743822,0.028123577823867763,0.001503719512834678,0.01956540751093705,-0.005583683094984693,-0.025991047065628825,0.0002485598878774198,-0.005453687782765115,-0.02109642142734014,-0.030583914219341146,0.13665252710187897,101.0734,100.7574,0.61,6.041800022125244
2014-01-27,-0.009565452077755054,0.014204020655387062,-0.000712016503126911,0.009462182282363507,-0.003031221099228709,-0.025329214952954926,0.0004970292815400512,-0.009396732423894605,-0.0048882218533394806,-0.03156935575266484,0.1146930607897258,101.0734,100.7574,0.64,6.038899898529053
2014-01-28,0.01750163658463677,0.025157311964575158,-0.010021539139981606,0.006978691942664206,-0.0025837420909959885,-0.03175343782951301,0.0008691835768770417,-0.006556574305188967,0.006121875622431716,-0.028217392373051098,0.10739346024710517,101.0734,100.7574,0.62,6.038099765777588
2014-01-29,-0.0005134574293732541,0.006491828049671966,0.008912959998292003,0.018551588836061228,-0.00534071988694329,-0.03221718176173405,-0.00074494115577739,-0.008164271369198062,-0.01026170390849579,-0.03905379633131467,0.10351664096363616,101.0734,100.7574,0.55,6.040900230407715
2014-01-30,0.008896246912708072,0.009307187081472712,-0.01597222964778222,-0.016289105779764057,-0.009222313225580425,-0.025761679397733106,0.007178176949799386,0.00804800854031651,0.011204044372218114,-0.01892042719452558,0.09767652166089359,101.0734,100.7574,0.57,6.045599937438965
2014-01-31,-0.007561915132121122,0.008757058858095412,-0.0016919599958669096,-0.019484785288465645,-0.005419204701379687,-0.0255972010041281,0.0022172996637577214,0.01001674831619681,-0.006486290214249735,-0.004310295981435175,0.09273359476065592,101.0734,100.7574,0.53,6.051000118255615
2014-02-03,-0.01093242704184405,0.007390083894006416,0.01623714843165569,-0.0025356203536830435,-0.006542050808279187,-0.02910803071317858,-0.003204273246814715,0.0063154457878420445,-0.023096604704487156,-0.02251867883258285,0.09346064155916753,101.0734,100.7574,0.47,6.051000118255615
2014-02-04,0.007850490948278832,-0.0022610617423515222,-0.006926561928680464,0.0005593568576180985,0.005454676800956237,-0.021069611821226353,0.0013569434887727994,0.006803205699737802,0.007612043683081993,-0.021028510771932574,0.09692011697371522,101.0734,100.7574,0.51,6.051000118255615
2014-02-05,0.0019529719144575353,0.00020536760147926714,0.004464015110304587,-0.0038895880303693176,-0.0007774414561745324,-0.016506333390457595,-0.0011101322933280144,0.006438014562187178,-0.0020302824086568805,-0.012797089272093665,0.09583523330517571,101.0734,100.7574,0.56,6.051000118255615
2014-02-06,0.004712631399574896,-0.003978247911653909,0.0002385198268903821,0.012321161444303286,0.01374860999656402,0.006464589831686851,-0.001729241923394298,-0.0024694043110065067,0.01236305445337571,-0.011638079190936068,0.11158596950504779,101.0734,100.7574,0.57,6.051000118255615
2014-02-07,0.02063598396340982,0.024219651183877033,0.004522260225517272,0.018535381665687467,0.0036753013981623006,0.015559095931228839,-0.0024755173673804975,-0.007162221342144726,0.013214193504296645,0.008062404527610312,0.1128007928906126,101.0734,100.7574,0.53,6.051000118255615
2014-02-10,0.0018005437478825215,0.036952621973603605,0.009061958358516087,0.011360191592547864,0.0003057209077623746,0.0224068676472704,-0.00024794586623411163,-0.004205893961564122,0.0015680048032544747,0.03272701403535194,0.10696456078337822,101.0734,100.7574,0.51,6.053400039672852
2014-02-11,-0.0011999513158578168,0.027902179709466957,0.011930373961170027,0.030217127482398354,-0.0006114623984987411,0.016340728447815422,-0.0004959816178864429,-0.0060588190682233645,0.011001375944254654,0.036116346296524604,0.09931950719784832,101.0734,100.7574,0.56,6.0493998527526855
2014-02-12,0.004293354845501973,0.030242562640511395,0.004022650425664409,0.029775762797758176,0.013818469078599627,0.03093663898258958,0.0006199622356470869,-0.004328724539248263,-0.00026929864772107237,0.03787733005746041,0.11156570101627084,101.0734,100.7574,0.59,6.050600051879883
2014-02-13,-0.00019932515350262747,0.02533060608743387,0.003929561971428797,0.03346680494229659,-0.0025670378024367224,0.014620991183588838,-0.0048456252692066215,-0.007445107885060587,0.005793211978776469,0.03130748758286117,0.11136028510135679,101.0734,100.7574,0.56,6.0524001121521
2014-02-14,-0.0004983346425886381,0.004196287481435412,0.014201945513293346,0.043146490230072665,0.004073932627707499,0.015019622413134037,-0.0019948100859465967,-0.006964400603626686,0.004797689385548587,0.022890983464113113,0.11043379930235869,101.0734,100.7574,0.59,6.053599834442139
2014-02-18,0.021013916033614244,0.023409659767167135,0.004312108113140312,0.03839663998469689,0.0060051882328289174,0.02071908973820058,-0.0014986279518272028,-0.008215082689219777,0.001157803392558776,0.022480782053417414,0.11245073288943412,101.0734,100.7574,0.57,6.054100036621094
2014-02-19,0.008554511801702525,0.033164122884727476,-0.0030998215570825494,0.023366444466444314,-0.0014979374737247309,0.01983261466297459,0.0019977036536351633,-0.005721397417698171,-0.006545861773195938,0.004933544335966822,0.11197421545816043,101.0734,100.7574,0.6,6.057400226593018
2014-02-20,-0.0037821836070106585,0.025088584432214844,-0.0026538288045969693,0.016689965236182935,-0.003453752322363224,0.0025603932620117398,0.0014957343841386361,-0.0048456252692066215,0.006013341826934138,0.011216184810622032,0.11116941156600993,101.0734,100.7574,0.63,6.066500186920166
2014-02-21,-0.0070203217135356155,0.018267587872181856,0.005149612915852586,0.017910016180606725,0.0036036327881479036,0.008731063852596366,-0.0006229745686816557,-0.0006229745686816557,-0.001920566673181412,0.003502406158664151,0.11128346318533826,101.0734,100.7574,0.61,6.073500156402588
2014-02-24,0.006048235750340858,0.024814158265111352,0.01081824390288677,0.01452631457020015,0.006870826771956162,0.011527957996845029,-0.00037393306596467113,0.0009979024513002699,0.006167455552331447,0.004872172325447011,0.09945481750797588,101.0734,100.7574,0.59,6.081500053405762
2014-02-25,-0.009675109494240886,-0.005874867262743777,0.0035057292357230097,0.013719935692782848,-0.006271458023820342,-0.000748688259804231,-0.0007482858713512286,0.001748244531776244,-0.0013485906767742861,0.0023657782561139484,0.10001365164559661,101.0734,100.7574,0.55,6.088500022888184
2014-02-26,0.007435652238008572,-0.0069937268264377295,-0.011081312179254788,0.005738445070610609,-0.02073476968360688,-0.01998552046968638,0.003238694009664478,0.0029892348878055586,2.1699742124958732e-05,0.008933339771434845,0.12382864819394715,101.0734,100.7574,0.51,6.11460018157959
2014-02-27,-0.001853698896499445,-0.005065242115926516,0.002556603022505044,0.010948876897712623,-0.010144566604933791,-0.026676334752256947,-0.0014935005036669224,0.0,0.004935881408416165,0.007855879352916872,0.12823447193669973,101.0734,100.7574,0.49,6.114799976348877
2014-02-28,0.001853698896499445,0.0038087784941085445,-0.007689409294796334,-0.0018901453129362977,0.0006177894917400728,-0.029662178048664778,-0.006372260422955911,-0.005749285854274255,0.0027788242813375774,0.012555270307435862,0.12718346840306288,101.0734,100.7574,0.49,6.1184000968933105
2014-03-03,0.02245771114369255,0.020218253887460236,0.02148684660835709,0.008778457392534023,-0.005573671520586965,-0.042106676341207905,0.003628417096786407,-0.001746935691523177,-0.007405866200454803,-0.0010180514453503875,0.1246079265456368,101.0734,100.7574,0.44,6.1350998878479
2014-03-04,-0.015270369600041356,0.014622993781659765,-0.009152135496918845,-0.003879407340107832,0.01265055136016846,-0.023184666957219102,0.0011234347483704,0.00012478492819845144,0.015152322676142305,0.015482861907566203,0.1307484584974235,101.0734,100.7574,0.52,6.136300086975098
2014-03-05,-0.01836173175629341,-0.011174390212642216,0.0017923099224788075,0.008994214761625763,-0.002609522055065039,-0.0050594193286772615,-0.0006239851756069115,-0.003737894257072938,-5.335274966444814e-05,0.015407809415776796,0.12873508832689687,101.0734,100.7574,0.52,6.133600234985352
2014-03-06,0.0010836966069982523,-0.008236994709144518,0.00854420326067995,0.014981814999800669,0.006892893300427749,0.011978040576684279,-0.005382080739583905,-0.007626474492989921,0.001716933496856754,0.012188861504217385,0.12948597858920552,101.0734,100.7574,0.53,6.127999782562256
2014-03-07,0.009993267013714835,-9.742659192912839e-05,-0.010112344300665654,0.012558879993931349,-0.03700669638997489,-0.025646445305030685,0.0005018935506164723,-0.0007523205194175375,0.0005379445771156455,0.009947981799995453,0.18441960234669227,101.0734,100.7574,0.57,6.10860013961792
2014-03-10,-0.014335042250981367,-0.036890179986603044,0.0024631838004482987,-0.006464782813977443,-0.014680334605381873,-0.03475310838982559,0.00037623100797734566,-0.004004506608226599,-0.00046335364121929956,0.016890494359230956,0.18231361793550196,101.0734,100.7574,0.57,6.116099834442139
2014-03-11,-0.010837828766438129,-0.03245763915299982,0.003794770385582069,0.006482123068523471,-0.025890951522164585,-0.07329461127215864,0.00025071017542632745,-0.0048772311811706714,-0.005095096975215263,-0.0033569252921266113,0.19833105056818146,101.0734,100.7574,0.57,6.128600120544434
2014-03-12,-0.020604717946486772,-0.03470062534319318,0.01752109633366583,0.022210909479710494,-0.0016509417938033177,-0.07233603101089692,-0.002007731073122798,-0.006260977078686558,0.00030512432320950467,-0.0029984482192526585,0.19795744205081747,101.0734,100.7574,0.54,6.130199909210205
2014-03-13,0.002140773436224208,-0.033643548513967225,0.0013855260876454167,0.015052232306675961,-0.01180103435676716,-0.09102995866809183,0.00012563130104581433,-0.0007532650380568384,-0.011770091695883167,-0.01648547341199258,0.19953083891265394,101.0734,100.7574,0.49,6.1350998878479
2014-03-14,0.007001930826417535,-0.036634884701264525,0.004943343120337396,0.03010791972767901,0.00749567537316409,-0.046527586904952845,-0.00226330159867949,-0.003518460187352801,-0.0028257664174455854,-0.01984918440655381,0.19342338406943416,101.0734,100.7574,0.48,6.126200199127197
2014-03-17,-0.008224624252981982,-0.03052446670326514,-0.004433290106901744,0.02321144582032897,-0.0036574996025267037,-0.035504751902097675,-0.000629642420617138,-0.004524333615947285,0.009567717695039057,-0.009818113070295453,0.19331896911936722,101.0734,100.7574,0.52,6.1402997970581055
2014-03-18,0.016382155501493578,-0.0033044824353334334,-0.010176173535256794,0.009240501899490106,-0.002501517736471559,-0.01211531811640465,0.000251942974588637,-0.004523100816784975,0.007193682245473454,0.0024706661503932636,0.19092536941769786,101.0734,100.7574,0.5,6.1682000160217285
2014-03-19,0.006697738831894284,0.023997974343047623,-0.013035272285072175,-0.0213158667192479,0.011125127391927725,0.0006607510693263929,0.007277249130916097,0.00476187938725392,-0.00615052509673486,-0.003984983269551101,0.1953887610128774,101.0734,100.7574,0.62,6.18209981918335
2014-03-20,-0.009409503129044872,0.012447697777778544,-0.008159051448327403,-0.03086044425522072,-0.017322233314810864,-0.004860447888717312,0.0027465838101923268,0.0073828318964004325,0.006022334087521841,0.013807442513853907,0.1997846943312287,101.0734,100.7574,0.66,6.193999767303467
2014-03-21,0.00030166202037662515,0.005747428971737634,0.004125263678846913,-0.0316785236967112,0.006030131297661612,-0.00632599196421979,-0.0012474861187596886,0.008398647376320234,-0.0029369801166092557,0.013696228814690237,0.20363129786528145,101.0734,100.7574,0.61,6.217599868774414
2014-03-24,0.0014066051888717013,0.015378658413591317,-0.01873736390623737,-0.04598259749604683,-0.001504107330978277,-0.004172599692671364,-0.0022494423899779292,0.006778847406959443,-0.00487658095936272,-0.0007480698397115404,0.2016781153268601,101.0734,100.7574,0.59,6.215099811553955
2014-03-25,-0.004124921899149925,-0.005128418987052186,0.0001525762559584365,-0.0356538477048316,0.01855893979516665,0.016887857838966847,0.00012512836769484892,0.006652032800065655,0.004394270848822046,-0.003547481236362948,0.2141851841192843,101.0734,100.7574,0.61,6.1859002113342285
2014-03-26,0.010729605770929851,-0.001096552048016619,-0.006119033816973207,-0.02873760923673263,-0.011558941729575167,-0.005796211282536046,0.0005002615671738653,-0.00012495476367657687,-0.007024936954875827,-0.004421893094503915,0.21546403646895354,101.0734,100.7574,0.57,6.191699981689453
2014-03-27,0.010122113200846883,0.018435064281875135,-0.00669728327859076,-0.027275841066995987,0.008599366101011086,0.020125388133285904,0.001624052455109215,-0.0012474861187596886,-0.0019018913439774465,-0.012346118526003202,0.21226902651465362,101.0734,100.7574,0.56,6.199399948120117
2014-03-28,0.0038433099341759203,0.02197671219567443,-0.000695308000776329,-0.03209641274661923,0.007382541339121973,0.021477798174746265,0.0008734131745509188,0.0008734131745509188,0.004629489243409779,-0.004779649165984168,0.2140533048871649,101.0734,100.7574,0.6,6.202899932861328
2014-03-31,-0.0008855728784471495,0.01968453412835558,-0.008070837010600407,-0.021429885850982267,-0.004094690093854103,0.01888721541187044,-0.0009982759958555576,0.0021245795686732905,0.00789287138479633,0.007989803178174881,0.21375915400114143,101.0734,100.7574,0.6,6.202199935913086
2014-04-01,-0.01827990469885421,0.005529551328651294,-0.002965315343456787,-0.02454777745039749,0.002786234412268218,0.0031145100289720062,-0.0002496771523556873,0.0017497740486227542,0.007014688044213457,0.010610220373566293,0.21440743208865784,100.3231,100.8569,0.63,6.207200050354004
2014-04-02,-0.0012038034842589695,-0.006403857926537526,0.008482230162754512,-0.009946513470669771,0.0032679735818230693,0.017941425340370243,0.0017467176865659795,0.0029962301680148684,0.002849263831839366,0.020484421160281485,0.2084270508219224,100.3231,100.8569,0.68,6.196899890899658
2014-04-03,0.006703023013191256,-0.009822948114193153,-0.00473803793516403,-0.007987268127243041,-0.00589011058872746,0.0034519486506316976,0.0031115837688595605,0.004483761481765214,-0.001127085213011192,0.02125922729124774,0.20866741168943326,100.3231,100.8569,0.66,6.195700168609619
2014-04-04,0.00843969138820011,-0.005226566660168963,0.014531038596461876,0.007239078469995164,-0.0013136121947934232,-0.0052442048832836985,-0.000621580627229612,0.002988767679984683,-0.012616542925314,0.00401319512252396,0.20562229150355538,100.3231,100.8569,0.61,6.200699806213379
2014-04-07,-0.006945131020621886,-0.0112861248023437,-0.0039981225559317934,0.011311792924663777,0.006714164250958943,0.005564649461529347,-0.0024900031416299484,0.0014970405342102922,-0.010808312332149406,-0.014687988594421775,0.16825221720138273,100.3231,100.8569,0.59,6.202300071716309
2014-04-08,0.020887410771201154,0.027881190667711664,0.008209622486996082,0.022486730755116646,0.0042345378346499984,0.007012952883911128,-0.005876133893895741,-0.004129416207329761,0.003743537980176903,-0.01795913865845833,0.1621216314954704,100.3231,100.8569,0.58,6.202300071716309
2014-04-09,0.010089345729125121,0.039174339881095754,-0.00244813161184787,0.011556368980514264,-0.003418791886405703,0.0003261874156823552,-0.0033912817451327015,-0.009267415639028442,0.010859039341966081,-0.009949363148331614,0.13408125268012105,100.3231,100.8569,0.57,6.1869001388549805
2014-04-10,-0.0019323382654432564,0.030538978602461242,0.011121363653430194,0.02741577056910849,0.0006521335215006197,0.0068684315259104345,-0.0012590471653304292,-0.013638046573218432,-0.021105967737387488,-0.02992824567270791,0.13384276277976578,100.3231,100.8569,0.51,6.1905999183654785
2014-04-11,0.003282771499717896,0.025382058713979028,-0.00106110700643125,0.011823624966215363,-0.0006521335215006197,0.007529910199203238,0.0008814418171851912,-0.012135024128803629,-0.00953205973989757,-0.026843762487291478,0.12611707934751606,100.3231,100.8569,0.5,6.202600002288818
2014-04-14,0.002983833838270833,0.03531102357287175,0.006425057299722425,0.02224680482186958,0.00032608105214571026,0.0011418270003900055,0.003518114046497267,-0.006126906940676413,0.008183708150740543,-0.00785174200440153,0.12402659278604497,100.3231,100.8569,0.52,6.201399803161621
2014-04-15,-0.0028874230585591576,0.011536189743111436,-0.020707158636276368,-0.006669976301402869,-0.01660263889092528,-0.019695349725185274,0.0008775740801683085,0.0006268010333876362,0.0067345795177038426,-0.00486070046687459,0.13734117489707248,100.3231,100.8569,0.5,6.209099769592285
2014-04-16,9.64014855693307e-05,0.0015432454995556455,0.002381757965860487,-0.0018400867236945118,0.011208266464361794,-0.005068291374417777,0.00025055309894650435,0.004268635877466842,0.010433867948766107,-0.005285871860074565,0.14203726204117356,100.3231,100.8569,0.48,6.211999893188477
2014-04-17,0.005190830669771884,0.008666414434770786,-0.007471593527117015,-0.02043304390424172,0.006209187844784747,0.0004887629488663503,0.0001253007973440745,0.005652983840141346,0.0013629237070942324,0.017183019584407155,0.138548483747261,100.3231,100.8569,0.52,6.211400032043457
2014-04-21,0.0006709128816302368,0.006054555816683127,-0.004183801224072248,-0.02355573812188272,-0.0004887629488663503,0.0006521335215006197,0.0015020045145011096,0.006273546537457264,0.0037680156555719435,0.030483094979876668,0.12236400286391909,100.3231,100.8569,0.53,6.209099769592285
2014-04-22,-0.02169581945077148,-0.018625097472359187,-0.005761928644147929,-0.03574272406575307,0.0034165669074819327,0.003742619376836842,-0.00050035389483849,0.002255078596121507,0.00408378899612849,0.026383175825264615,0.12146295219459556,100.3231,100.8569,0.52,6.209099769592285
2014-04-23,-0.006778969940602231,-0.02251664435440226,0.0028072193175834315,-0.012228346111893273,0.0011362665658976034,0.021481524833659726,-0.0006259379364497164,0.000751566579503482,-0.0022157668625224503,0.017432829445038323,0.12103157981876697,100.3231,100.8569,0.49,6.22760009765625
2014-04-24,0.004916914104932779,-0.01769613173503881,0.004893821820934008,-0.009716282256819753,0.017528748383881965,0.027802006753179898,-0.000751566579503482,-0.00025055309894650435,0.0017154882753311895,0.008714449771603405,0.11923608761413029,100.3231,100.8569,0.49,6.227700233459473
2014-04-25,-0.013232186363482334,-0.03611914876829303,0.007872803371142822,0.005628114641440085,-0.0030333824878086,0.01855943642058655,-0.0003760908579613087,-0.0007519447542518876,-0.008129344743501576,-0.0007778186789924035,0.11092736719148594,100.3231,100.8569,0.48,6.238900184631348
2014-04-28,0.002382823505823417,-0.03440723814409985,-0.001384772320621508,0.008427143544890825,-0.005933812409364192,0.013114386960088709,-0.0011288347340201454,-0.0033827840027731426,0.003230811162501901,-0.0013150231720624461,0.11114043256818888,100.3231,100.8569,0.52,6.24370002746582
2014-04-29,0.004353880339430738,-0.008357538353897631,-0.0022351732969703164,0.011953898892068437,-0.011648736600288423,-0.001950916547681647,0.0016301621913275,-0.0012522679166071526,0.004749460504633873,-0.0006493516635570629,0.11701744643167988,100.3231,100.8569,0.53,6.243000030517578
2014-04-30,-0.01532216764312544,-0.01690073605642084,-0.0003087084588733191,0.008837971115611687,-0.014093967432875054,-0.017181150546454305,-0.00401757858687013,-0.004643908567027566,0.002987549802701217,0.0045539650016666045,0.1264022734120384,100.3231,100.8569,0.49,6.2480998039245605
2014-05-01,-0.0032134964508259145,-0.025031146612179533,-0.009694883579778768,-0.005750734285101089,-0.00016504539317030442,-0.034874944323506574,0.0005030929092626479,-0.003389249078261436,-0.00014327174433237388,0.002695204982003041,0.1259167151113824,100.1812,100.9063,0.43,6.2494001388549805
2014-05-02,0.0034140405363194404,-0.008384919712377759,0.015083242496170435,0.0014597048399265233,0.017183962223149107,-0.014657599612548866,-0.00012577348672149213,-0.0031389317070216194,-0.0013493550298715462,0.009475194695633071,0.13952644050917654,100.1812,100.9063,0.41,6.2494001388549805
2014-05-05,-0.0028106701054664285,-0.013578413323667604,0.004901238540162112,0.007745715700710143,-0.0034132349962059383,-0.012137022199390612,-0.0003773194225411558,-0.0023874163955426297,0.0018694675823400786,0.008113851115471249,0.13841114182798867,100.1812,100.9063,0.45,6.2494001388549805
2014-05-06,0.0002009914845348959,-0.017731302178563446,-0.0005348650712599934,0.009446023926420466,0.0013016430103334198,0.0008133574112312303,-0.004412772465840931,-0.00843035105271106,-0.009029031461991188,-0.005664640851153813,0.13830590559920367,100.1812,100.9063,0.45,6.235599994659424
2014-05-07,0.012683014814936833,0.010273880279498826,-0.015172283080289617,-0.005417550694995832,-0.007999432666949913,0.006907892177156372,0.0010103793578215559,-0.0034023931080193748,0.005600754871033509,-0.003051435782821521,0.13936143945416007,100.1812,100.9063,0.42,6.215799808502197
2014-05-08,-0.005073825837220269,0.008413550893104471,-0.0009316391759837117,0.0033456937087992245,0.010435465770263663,0.01750840334059034,0.0026473268843147935,-0.0012581591329672293,-0.001374569232786449,-0.004282733271275596,0.14344467846102682,100.1812,100.9063,0.42,6.224400043487549
2014-05-09,-0.002696673518946646,0.0023028368378383846,-7.765998612985214e-05,-0.011815208773501062,0.005822473388874316,0.006146914506315548,0.0058997373824745125,0.004767351736228775,0.0015183231948787679,-0.001415055046525282,0.14416453482310299,100.1812,100.9063,0.44,6.218100070953369
2014-05-12,0.005982653116633152,0.011096160059937965,0.006426849857109396,-0.010289597456553778,0.02106348262969049,0.030623632132211975,0.0,0.005144671158769931,0.009626256172316161,0.0063417335434508,0.1607614739614801,100.1812,100.9063,0.48,6.217700004577637
2014-05-13,0.010974460307112466,0.021869628882515535,-0.0007721412003194317,-0.010526873585613217,-0.005383229721216409,0.023938759400662146,0.0029992257223447893,0.012556669346955651,0.00042166878828275856,0.015792433793724747,0.16238845191319792,100.1812,100.9063,0.45,6.22760009765625
2014-05-14,0.0065664547145667385,0.01575306878214544,0.008537509764837026,0.013182919259513426,0.0077489537502515304,0.03968714581786359,-0.0008738493187516738,0.010672440670382422,-0.00471208956501723,0.0054795893576740085,0.16386839569079892,100.1812,100.9063,0.37,6.219099998474121
2014-05-15,-0.008534929279787384,0.012291965339578326,-0.009387535391780055,0.004727023043717082,-0.003787909828510516,0.02546377021908941,-0.0008746135992989679,0.00715050018676866,-0.009405904183934943,-0.002551745593474486,0.15144175684497932,100.1812,100.9063,0.31,6.218999862670898
2014-05-16,0.005110041108276064,0.020098679966801036,-0.00015459345020829574,0.004650089579638639,-0.0003162826305003197,0.019325014199714774,0.000499886480024081,0.0017506492843182286,0.003739962819000908,-0.0003301059693523456,0.1480701532930971,100.1812,100.9063,0.34,6.220699787139893
2014-05-19,0.005766560232265405,0.01988258708243329,0.00030916300497541016,-0.0014675972724953468,0.005835546662073865,0.00409707823209815,-0.0006249209993942628,0.0011257282849239658,0.003837414189703736,-0.0061189479519647705,0.1479321996330316,100.1812,100.9063,0.37,6.223499774932861
2014-05-20,-0.0016581146585110673,0.0072500121168097564,0.0006182280107411842,-7.722806143473093e-05,-0.007418613166616517,0.002061694786698043,0.0006249209993942628,-0.0012485764380265607,-0.006519604608542728,-0.013060221348790257,0.15112365020019078,100.1812,100.9063,0.35,6.227499961853027
2014-05-21,0.015786461553487285,0.016470018955730303,-0.005033892527293027,-0.013648630353564783,-0.008112609769064472,-0.01379986873261796,0.0007493138707337366,0.0003745867514588497,0.00808334054774651,-0.0002647912360265181,0.15437627471697296,100.1812,100.9063,0.36,6.228099822998047
2014-05-22,-0.003175998386263146,0.021828949849254542,0.005342863264508502,0.0010817683027237734,0.006844395078750454,-0.0031675638253569893,0.0018709269854859656,0.003120127336243783,0.002359444194714122,0.011500557142622547,0.15579389497792911,100.1812,100.9063,0.35,6.223800182342529
2014-05-23,0.0058628705694117045,0.022581779310390182,-0.0025517499468730165,-0.0013153881939409473,0.0088440615224894,0.00599278032763273,0.00174302073736321,0.004363261593582912,0.004239392917884999,0.011999987241506638,0.1468830748745438,100.1812,100.9063,0.32,6.225100040435791
2014-05-27,-0.002302580551281963,0.014512638526842814,-0.020493443975597714,-0.02211799517451407,0.004236289374302427,0.004393523039861291,-0.0004977095543701182,0.004490473038607057,0.005969950211528463,0.014132523263331365,0.14674111877798987,100.1812,100.9063,0.31,6.229499816894531
2014-05-28,-0.013441186523783344,0.002729566661570537,-0.004832247220515562,-0.027568470405770817,-0.0015669431174858417,0.010245193088991966,0.002734294808276694,0.006599846847489488,-0.001114692750058488,0.019537435121815605,0.14490869872535006,100.1812,100.9063,0.22,6.239099979400635
2014-05-29,0.008337426847988105,-0.004719468043928643,-0.002385117908837664,-0.024919695787315455,-0.01103759151707484,0.007320211340981597,-0.0009934414360737165,0.004857091540682035,0.0053527586573611785,0.016806853231430274,0.14423930531394272,100.1812,100.9063,0.22,6.24399995803833
2014-05-30,-0.008434804409430008,-0.009978274067095505,-0.008553609957438368,-0.038816169009262325,-0.005564896189555135,-0.005089079927323992,-0.001491920166475147,0.0014942443887209222,0.0018419804431015763,0.01628938947981773,0.135581483579893,100.1812,100.9063,0.26,6.228000164031982
2014-06-02,-0.0023393895395891207,-0.01818053417609633,-0.0015265535202235725,-0.03779097258261288,0.013618574394402616,-0.0003145670554107749,0.0033537903553684245,0.0031050140067261367,0.0007275613640587153,0.012777557925991445,0.14153936496986647,100.1812,100.9063,0.32,6.2378997802734375
2014-06-03,0.0018525080799580707,-0.014025445544856296,0.00048239362370416927,-0.016815134983310998,-0.010593808286397,-0.015144664716110201,-0.0011166492447287624,0.0024860743163674925,-0.00037928846953505513,0.006428319244927927,0.13738636113601266,100.1812,100.9063,0.41,6.2378997802734375
2014-06-04,-0.00019487844351573358,-0.0007791374645886862,-0.00024116772390136987,-0.012224055486696805,-0.01666973913222991,-0.03024746073085427,0.0014885887413100818,0.0012403682494008805,0.0018898766063628614,0.009432888601349276,0.14983683060284123,100.1812,100.9063,0.44,6.24459981918335
2014-06-05,-0.0015600240154123313,-0.010676588327989123,0.007208681596943656,-0.0026302559809154857,-0.000808414244159783,-0.020018283457939212,-0.003725729851949744,-0.001491920166475147,0.006504082119662691,0.010584212063650789,0.14984583655981648,100.1812,100.9063,0.41,6.2403998374938965
2014-06-06,0.0017549024589280648,-0.00048688145963105,-0.0007185537196594538,0.005204800256863429,-0.012369984060417671,-0.02682337132880175,0.0004975857041706888,0.0004975857041706888,0.004617083548019707,0.01335931516856892,0.15359444861074165,100.1812,100.9063,0.4,6.246799945831299
2014-06-09,0.016902898571965252,0.018755406651923323,0.0011175164219388023,0.007848870199025804,-0.0024596005599299975,-0.04290154628313436,0.0029802313879647713,0.00012402673676703557,0.0009383308564867576,0.013570084660996962,0.14902436168118613,100.1812,100.9063,0.41,6.240499973297119
2014-06-10,-0.000574872475826993,0.01632802609613826,0.005013378348112774,0.012379854923434408,0.0031145100289720062,-0.029193227967765356,0.00210563238335304,0.003346308364848838,-0.0002460138818793922,0.013703359248652625,0.14785021643849056,100.1812,100.9063,0.43,6.230299949645996
2014-06-11,0.0004790711637285838,0.017001975703382577,0.0007934618850446995,0.013414484532380477,-0.004264402455102623,-0.01678789129063807,-0.0003712490505307642,0.001486470573007992,-0.003543311151666728,0.008270171490623035,0.12515726563657312,100.1812,100.9063,0.43,6.2144999504089355
2014-06-12,0.020196934100096264,0.03875893381889117,0.010101038089279868,0.01630684102471669,-0.008252265119524926,-0.024231742166003212,-0.002602704337164141,0.0026094960877935947,-0.007114139088909788,-0.0053480497179494435,0.1265473236324118,100.1812,100.9063,0.39,6.218100070953369
2014-06-13,0.0035607691152081955,0.0405648004751713,7.849533927206664e-05,0.01710389008364821,0.004464654109426203,-0.007397103996159338,0.0,0.002111910383622906,0.0031296591990708222,-0.006835474066898328,0.12382622326469069,100.1812,100.9063,0.41,6.208499908447266
2014-06-16,-9.356097465129665e-05,0.023568340928554754,0.0009417510338058932,0.0169281246955153,0.005429876458296956,0.0004923730220676159,-0.0013660431589306299,-0.0022343641632724953,0.0008363553307866312,-0.006937449592598455,0.1264294710290393,100.1812,100.9063,0.41,6.19950008392334
2014-06-17,-0.00506426019152606,0.019078953212855687,-0.0025132136631089708,0.009401532684293556,0.0034400736811786015,0.0008179366742742111,0.0019862953052003363,-0.002353701241425199,0.002170212444888797,-0.004521223265830265,0.1276353771471821,100.1812,100.9063,0.43,6.2170000076293945
2014-06-18,-0.0036735254072919332,0.01492635664183517,0.000550350431645974,0.009158421230894831,-0.0006542958090314244,0.0044280433203454095,-0.0006202521462697064,-0.002602704337164141,0.007689243160729831,0.006711331046566293,0.1248301815015634,100.1812,100.9063,0.38,6.216800212860107
2014-06-19,0.004331448214266231,-0.0009391292439948629,0.03194264624466303,0.031000029386277994,0.006361661424794773,0.01904196986466511,-0.0032318503427193335,-0.0032318503427193335,0.0012766632951644041,0.015102133430640485,0.1262653705428395,100.1812,100.9063,0.39,6.221399784088135
2014-06-20,0.007768318550816389,0.0032684201916133304,0.0019012136171543403,0.03282274766416027,0.013726503220371278,0.028303818975610184,0.0006223542549257388,-0.0026094960877935947,0.0017285634956767382,0.013701037727246401,0.13372718057863858,100.1812,100.9063,0.35,6.219200134277344
2014-06-23,-0.01021424769211432,-0.006852266525849693,0.0013666761382351567,0.03324767276858953,0.008941422457356518,0.031815364974669746,-0.0013696149436981386,-0.0026130678725611034,-0.00013247285289885724,0.012732209543560913,0.13530666473114786,100.1812,100.9063,0.35,6.2144999504089355
2014-06-24,-0.001319504354142076,-0.003107510688465709,0.0021979048502647203,0.03795879128196322,0.00031791670024228225,0.028693207993733427,0.0008717815247312188,-0.003727581653030221,-0.006456106498617942,0.004105890600054174,0.13137309319992513,100.1812,100.9063,0.31,6.2154998779296875
2014-06-25,0.004422923724582084,0.004988938443408308,0.0009836380573053916,0.03839207890762264,0.00443949947775768,0.03378700328052253,-0.0013702974210296759,-0.00447762692779019,0.004885557422717568,0.0013022048620419113,0.13146733908585911,100.1812,100.9063,0.29,6.221099853515625
2014-06-26,-0.006216499943208831,-0.005559009714066754,-0.004624179680054574,0.0018252529829050346,0.00015817883617508244,0.02758352069190284,0.00012467604808996668,-0.0011211005369808902,-0.0011795794276396876,-0.0011540378607621804,0.13142586156106617,100.1812,100.9063,0.26,6.224400043487549
2014-06-27,-0.0009452546016381902,-0.014272582866521333,0.0022010744273464056,0.0021251137930971,-0.003803517749288332,0.010053499722243231,-0.0023710304530339954,-0.004114485244940624,0.001909045238083884,-0.0009735561183550345,0.12634791565379394,100.1812,100.9063,0.27,6.214000225067139
2014-06-30,-0.003505238927124843,-0.007563574101531856,0.0021206072596671177,0.002879044914529061,0.012308829852462733,0.013420907117349445,-0.0032536899775115202,-0.005998560278754006,-0.00037232599700143254,-0.0012134092624576098,0.13161131219140507,100.1812,100.9063,0.27,6.208499908447266
2014-07-01,-0.00028481238692634747,-0.006528882134316127,0.0034740428103079424,0.004155182874572283,0.000940592953828201,0.014043583370935364,0.0005012646208939486,-0.006369077182591276,0.006655572896822726,0.011898270132983058,0.12308362012624513,99.97935,100.9582,0.32,6.19379997253418
2014-07-02,-0.008197481632545411,-0.019149287491443623,0.0032365590688430146,0.006408103886109906,0.01908960648299929,0.028693690376176972,0.0017524023850947756,-0.0032463773764668247,0.0006585960751230857,0.007671308785388575,0.13290685131849167,99.97935,100.9582,0.38,6.190000057220459
2014-07-03,-0.004028065257403846,-0.016960852805638638,-0.007770343387195844,0.0032619401789686364,0.0038358458610243673,0.03237135740102626,0.00312168578232086,-0.00024936764223593144,0.005464550227672227,0.01431543844070049,0.1152081791488923,99.97935,100.9582,0.37,6.2006001472473145
2014-07-07,-0.005106218413426511,-0.02112181661742696,-0.002958039532572343,-0.0018971737809501121,-0.005066410052454451,0.03110846509786014,0.00012469159414596476,0.0022463544049440287,-0.0039312390543235765,0.00847515414829303,0.11769847823416565,99.97935,100.9582,0.36,6.1940999031066895
2014-07-08,-0.0012564371558276832,-0.0188730148461298,-0.00037986705110171215,-0.004397648091718942,-0.0016945480703820515,0.017105087175015354,-0.0004987645383547346,0.005001279844100814,-0.007073762181680543,0.0017737179636139189,0.10609457746232441,99.97935,100.9582,0.31,6.19379997253418
2014-07-09,-0.010793051412151478,-0.02938125387135493,0.0059095926843788504,-0.001962098217648034,-0.002006330070827289,0.014158164150359864,-0.002372510865983557,0.0021275043572233088,0.004633516553258943,-0.00024833837994986396,0.10581867160521972,99.97935,100.9582,0.28,6.191500186920166
2014-07-10,0.006237223084127663,-0.014946549154681854,0.011192531747925116,0.005993874461434068,0.006006954363138695,0.0010755120304992705,0.001748681358892057,0.00212378333102059,-0.0041396283244736765,-0.005046562779546626,0.10636669404785934,99.97935,100.9582,0.27,6.189899921417236
2014-07-11,-0.02061319993841071,-0.03153168383568872,-0.0012706592156233043,0.012493558633006607,0.0007675362004841979,-0.001992797630040899,0.0007485677508043409,-0.000249334700495929,0.0014698419980474497,-0.009041271009171403,0.10340314463423254,99.97935,100.9582,0.25,6.192800045013428
2014-07-14,0.0007931182023401817,-0.025632347219922025,-0.02322954723047488,-0.007777949064895928,-0.00615670107188282,-0.0030830886494692678,0.0,-0.00037402629464189374,0.004831860726996595,-0.0002781712278512316,0.10067885119928646,99.97935,100.9582,0.28,6.193600177764893
2014-07-15,-0.009458969959469599,-0.03383488002356394,-0.007221930704834456,-0.014620012718628672,0.0,-0.0013885405790872163,0.0024909334832807772,0.002615671726993618,-0.0019339645679457007,0.004861626385883611,0.10125553994829928,99.97935,100.9582,0.31,6.196100234985352
2014-07-16,0.012328629889840848,-0.010713198721571615,0.002079685842482526,-0.018449919560524997,-0.010398229588415964,-0.009780440096675891,0.0021124353573780397,0.007100617950355215,0.004192285009448682,0.00442039484207335,0.11114891374422337,99.97935,100.9582,0.32,6.197999954223633
2014-07-17,0.019473246089297014,0.0025228242835977355,0.013072063269468082,-0.01657038803898203,0.0012473300334858717,-0.014540064426328714,-0.0004966590239572355,0.004855277567505922,-0.01190460592747744,-0.0033445827609304146,0.11115176019822647,99.97935,100.9582,0.24,6.193999767303467
2014-07-18,-0.000581671091206104,0.02255435313080234,-0.005712342947713722,-0.02101207177107245,-0.01096676668516161,-0.026274367311974522,0.0,0.004106709816701581,0.010212608899671238,0.005398184140693374,0.11999745519165105,99.97935,100.9582,0.26,6.19379997253418
2014-07-21,0.01405760805647649,0.03581884298493865,0.003431319976192171,0.0056487954355946,0.0039305286016408925,-0.01618713763845081,0.0004966590239572355,0.004603368840658817,-0.002322946423904959,-0.0017566230102081803,0.11912839094005127,99.97935,100.9582,0.25,6.197999954223633
2014-07-22,-0.0016266993052953538,0.04365111363911289,-0.005801967415925979,0.007068758724503077,0.0028203793584296033,-0.013366758280021207,0.002727176918948082,0.004839612276326122,0.005003611167300193,0.005180952725037713,0.11096184087850691,99.97935,100.9582,0.25,6.1992998123168945
2014-07-23,-0.012527825181181562,0.018794658568090483,-0.0012257533143538168,0.003763319567666734,-0.0001564709411399079,-0.0031249996327451512,0.0003712950098568868,0.003098471928804969,0.0017529007770127336,0.0027415684926017647,0.1073574013719008,99.97935,100.9582,0.25,6.192999839782715
2014-07-24,-0.010234535840206505,-0.010913123361413035,-0.010712617991875284,-0.02002136169367663,0.018297926035433898,0.013925596369202875,0.0007422710369873187,0.004337401989749523,0.00048803681255105147,0.015134211232630257,0.12333748268509528,99.97935,100.9582,0.25,6.188799858093262
2014-07-25,0.0001958918840019308,-0.010135560386205,0.0096388148305806,-0.004670203915382309,-0.008332080491893379,0.016560282562471107,0.001976480337146036,0.006313882326895559,-0.00486094604610976,6.0656286849258834e-05,0.12749717634954819,99.97935,100.9582,0.2,6.184700012207031
2014-07-28,-0.0041224850322549855,-0.028315653474936475,0.00015352458617723386,-0.007947999305397246,0.001238757834421511,0.013868511795251726,0.0,0.005817223302938324,0.00028811339355350185,0.0026717161043077198,0.1274631259030772,99.97935,100.9582,0.22,6.181700229644775
2014-07-29,-0.006908801171295664,-0.033597755340936786,-0.00384379302618143,-0.005989824915652697,-0.006676485366486684,0.004371647070335438,0.002218939612935955,0.0053089859969261965,-0.004538068413713958,-0.006869963476706431,0.12921601516212827,99.97935,100.9582,0.2,6.177499771118164
2014-07-30,-0.0069569410490997186,-0.028026871208854942,-0.002622263046676565,-0.0073863346479754455,0.007140670319323528,0.011668788330798874,0.0025825395650880267,0.0075202305521573365,6.0910919409629116e-05,-0.008561953334309536,0.12462843206142565,99.97935,100.9582,0.29,6.170499801635742
2014-07-31,-0.021165863004337204,-0.03895819837298564,-0.010558265305008696,-0.007231981961108858,-0.0029432370461066615,-0.009572374750741686,0.0004911703954570967,0.0072691299106271146,-0.020201932155229585,-0.029251922302090172,0.1252429765663148,99.97935,100.9582,0.29,6.161499977111816
2014-08-01,-0.0029584405387907964,-0.04211253079577837,0.009553784766136886,-0.007317012025552572,-0.005132601957667626,-0.006372896216515933,-0.0019660368905247694,0.003326612682956309,-0.00286321623129826,-0.027254192487278672,0.10660269059192626,99.92966,100.9589,0.25,6.164000034332275
2014-08-04,0.004180091379327067,-0.03380995438419632,-0.004571367029065243,-0.012041903640795049,0.009312490402396456,0.001700836351459012,0.00036892060181248354,0.0036955332847687927,0.00716331444964613,-0.020378991431186044,0.11111731923804236,99.92966,100.9589,0.26,6.1697998046875
2014-08-05,-0.009301479343321262,-0.036202632556221914,-0.0028774381109641922,-0.01107554872557781,-0.01165428266369739,-0.0032769609457516946,0.0023333730426315924,0.00380996671446443,-0.009732679197336225,-0.02557360221480831,0.11678889956320826,99.92966,100.9589,0.25,6.168499946594238
2014-08-06,-0.0047349454938778734,-0.03398063700100007,0.017524632377683425,0.009071346698782179,-0.01147540010301995,-0.021893031368095173,-0.0009817649550178942,0.0002456621943585091,1.563842636009838e-05,-0.02561887470785784,0.12257680006969483,99.92966,100.9589,0.24,6.160699844360352
2014-08-07,0.004324089727582248,-0.008490684269080617,0.0031328374476986554,0.02276244945148953,0.002526492893460519,-0.016423301428527992,0.0009817649550178942,0.0007362567539193066,-0.0055721154467329725,-0.01098905799936123,0.12320380227825417,99.92966,100.9589,0.19,6.1529998779296875
2014-08-08,0.0031797061652145686,-0.0023525375650752522,-0.0014505666252642158,0.011758098060088429,-0.0014203902745215657,-0.012711089745381932,-0.0015959398953526716,0.0011063537490914044,0.011465422557972005,0.0033395807899090357,0.12055377943072035,99.92966,100.9589,0.19,6.152100086212158
2014-08-11,0.004393817908204589,-0.0021388110361977297,-0.0003056654798241354,0.016023799609329537,0.000315858505094635,-0.021707721642683753,0.0009824614661662068,0.0017198946134451276,0.0027556250258413684,-0.0010681086338957257,0.1204646531431204,99.92966,100.9589,0.19,6.146200180053711
2014-08-12,-0.0072653076585451615,-0.0001026393514216295,0.00022928118583465107,0.01913051890612838,-0.005699865313967045,-0.015753304292953407,0.0003681509407984507,-0.0002453274883880141,-0.0016379823741559107,0.007026588189284588,0.12024547195282802,99.92966,100.9589,0.22,6.143499851226807
2014-08-13,0.0022568084295651047,0.006889114572021349,0.003051573813724673,0.004657460342169628,-0.013749212175885539,-0.018027116365818996,0.0012262230237478633,0.0019626604903777434,0.006684767102511202,0.013695716865435692,0.1275345887754808,99.92966,100.9589,0.2,6.1479997634887695
2014-08-14,-0.020811379320600842,-0.01824635447616174,0.0008375342593867074,0.00236215715385768,-0.006621988134959844,-0.02717559739423936,-0.00012258271414911093,0.0008583128212107383,0.004336398273697917,0.02360423058586658,0.12504392653281626,99.92966,100.9589,0.19,6.143599987030029
2014-08-15,0.018349103836743375,-0.0030769568046329354,-0.007180006652363069,-0.003367282873241173,0.0037201440258602947,-0.0220350630938575,-0.0020857399705871416,0.00036851274597626826,-6.137480757129055e-05,0.012077433220323286,0.12609458333628004,99.92966,100.9589,0.16,6.142499923706055
2014-08-18,-0.009702747483020246,-0.01717352219585777,-0.005226396460265903,-0.00828801385368294,0.00193549807075577,-0.020415423528196364,0.00196323574848023,0.0013492870282902913,0.00849548321965976,0.01781729141414168,0.1219909610203221,99.92966,100.9589,0.21,6.13730001449585
2014-08-19,-0.020221761241301373,-0.030129975778613982,-0.002005535738078379,-0.01052283077759597,-0.005655642096616065,-0.020371200310845383,0.0036705709147879517,0.004651707002279792,0.004988190179197716,0.024443463967495305,0.1215515622390328,99.92966,100.9589,0.23,6.132999897003174
2014-08-20,0.016688881825316138,-0.01569790238286295,-0.0013134644900674175,-0.014887869081388061,0.02827891051914455,0.021656922384184707,0.004508662396384366,0.007934146374916295,0.0024747482825437928,0.020233445147527895,0.1592038267071811,99.92966,100.9589,0.26,6.13129997253418
2014-08-21,-0.022207939198136017,-0.017094462260398124,-0.015348416628314432,-0.0310738199690892,-0.000630347790776975,0.027648562728367576,-0.0012165265879025,0.006840202501162906,0.002945547280270411,0.01884259415410039,0.15920610151355866,99.92966,100.9589,0.24,6.130000114440918
2014-08-22,-0.003304704863394292,-0.03874827096053579,0.0038396979781980534,-0.020054115338528078,0.008475941875431214,0.032404360577938496,0.002310108808718958,0.011236051280469006,-0.0019945749188226003,0.01690939404284908,0.14795300702218162,99.92966,100.9589,0.26,6.141499996185303
2014-08-25,-0.0032085915415711597,-0.032254115019086704,-0.0010171969619161558,-0.01584491584017833,0.00452246895076458,0.034991331457947306,0.002547235468437492,0.011820051000426268,0.004776353863603866,0.013190264686793185,0.14641335417458048,99.92966,100.9589,0.24,6.141499996185303
2014-08-26,0.005448463227110345,-0.006583890550674987,0.0050759546353971174,-0.008763425466702834,-0.009850787612263323,0.030796185942300047,0.0012106353942327175,0.009360115479871034,0.0010505288952433744,0.009252603402838844,0.15003546162038536,99.92966,100.9589,0.25,6.144400119781494
2014-08-27,0.00021302485745788857,-0.023059747518533236,-0.0014810965484315375,-0.008931057525066954,-0.0023597693160883892,0.00015750610706710688,-0.002665390701589665,0.0021860623818970026,4.998604328498857e-05,0.0068278411635800396,0.14861740225988196,99.92966,100.9589,0.23,6.142600059509277
2014-08-28,0.007111485654605509,0.006259677334208291,0.0052905490415975365,0.011707908144845014,-0.015236002771494173,-0.01444814887365009,0.000606428381296098,0.004009017351095601,-0.0016913305449461902,0.0021909633383634386,0.15419052057736712,99.92966,100.9589,0.21,6.133299827575684
2014-08-29,0.01480260104965403,0.024366983247256613,-0.002252789722417603,0.005615420444229358,0.0027150377909934686,-0.020209052958087836,0.0032681338484978895,0.004967042390874532,0.003314914329020091,0.00750045258620613,0.1548083513437814,99.92966,100.9589,0.23,6.132800102233887
2014-09-02,-0.03262312061243655,-0.005047545823608779,-0.01733724355686661,-0.010704626150721097,-0.00015949079195043403,-0.02489101270080285,0.002896078612366182,0.005315885534803222,-0.0005442142177027876,0.0021798845048994764,0.15422186969249957,99.92966,100.9589,0.27,6.131999969482422
2014-09-03,0.02823670972613712,0.017740700675417997,0.004106515517587006,-0.011674065268531209,-0.007364747254778425,-0.022404972343317953,-0.0014469448653269268,0.0026583052752435776,-0.0007794447528013393,0.00034991085685476264,0.15084338448592038,99.92966,100.9589,0.24,6.138299942016602
2014-09-04,-0.01147445590778684,0.006053219910173269,-0.0029992515207100112,-0.013192220240809682,0.008640037878877127,-0.011405165148352436,0.011398490851867393,0.016722186828700636,-0.001535599204713023,-0.0012356743911432488,0.15064878360513498,99.92966,100.9589,0.28,6.131100177764893
2014-09-05,-0.012357630850041268,-0.013415896594473509,0.000553220793622522,-0.017929548488784697,0.006193942542547015,0.010024780165688751,-0.000716046789613678,0.01539971165779086,0.005023247704959211,0.005478903858762152,0.1474338507548427,99.92966,100.9589,0.31,6.128600120544434
2014-09-08,-0.006776011276136806,-0.034994508920264344,-0.01040318904427906,-0.026079947810646154,-0.00015832911400814886,0.007151413260687134,0.00559560011517668,0.01772717792446965,-0.0030778458543165854,-0.0009138563245745246,0.14713162750990397,99.92966,100.9589,0.35,6.130499839782715
2014-09-09,0.0009707819770330417,-0.0014006063307947514,-0.004720874815900444,-0.013463579069679987,-0.020154221149780494,-0.012843317097142926,0.000593382270445808,0.015424481582549276,-0.006566521532684888,-0.006936163639556625,0.1625957617379672,99.92966,100.9589,0.39,6.130499839782715
2014-09-10,-0.011712549488275492,-0.041349865545207365,-0.002650323812478206,-0.0202204183997452,0.003226326486118314,-0.0022522433562461863,-0.0003560052196167618,0.01651542122825944,0.00363944360036772,-0.002517275286387566,0.16322370214387788,99.92966,100.9589,0.44,6.126500129699707
2014-09-11,0.012574731137388717,-0.017300678500031808,-0.0049175604164419795,-0.022138727295477167,-0.0056529787202925785,-0.016545259955415892,0.000593331976499023,0.005710262352891071,0.0008815167647231448,-0.00010015931695139813,0.16320658733113652,99.92966,100.9589,0.42,6.1194000244140625
2014-09-12,-0.006050857927830222,-0.010993905577820762,-0.0060795387282084334,-0.028771486817308123,0.004847353219876949,-0.01789184927808596,-0.0007120587421116653,0.005714250400393084,-0.005980405492006291,-0.0111038125139169,0.15743821733102828,99.92966,100.9589,0.49,6.119999885559082
2014-09-15,0.007019862987669434,0.0028019686859854787,0.0030038189193488662,-0.015364478853680197,-0.00679281542874155,-0.02452633559281936,0.00023743943685428093,0.0003560897220706849,-0.0007104037481093783,-0.008736370407709693,0.15752899716707353,99.92966,100.9589,0.47,6.12470006942749
2014-09-16,0.02087401810496292,0.02270520481391536,0.0012961567218114922,-0.00934744731596826,0.02531780604970213,0.020945691606663264,-0.002257500386527056,-0.002494792934902179,0.00745650732455605,0.005286658449531245,0.18020945593723328,99.92966,100.9589,0.48,6.131999969482422
2014-09-17,-0.004860010575976403,0.029557743726214447,-0.0006478189129381917,-0.007344942416428246,-0.0058716631138575615,0.011847702006687388,0.007465784110624263,0.0053269963953388455,0.0012948050790884125,0.0029420199282519377,0.1816996008275053,99.92966,100.9589,0.56,6.136099815368652
2014-09-18,-0.014401000806856246,0.0025820117819694843,-0.007072972316843007,-0.009500354316829274,-0.01572057561355611,0.0017801051134238577,-0.004496484454015182,0.00023717996482464088,0.00487925712733972,0.006939760290868513,0.18924531448490534,99.92966,100.9589,0.61,6.129000186920166
2014-09-19,-0.0071166573897487595,0.001516212320050947,-0.008521069455597718,-0.011941885044218559,-0.0012942724684235074,-0.004361520574876598,0.005676497611772469,0.006625736318708775,-0.00047738351040305105,0.012442782272471753,0.1591049695684377,99.92966,100.9589,0.56,6.130499839782715
2014-09-22,-0.009677746577172464,-0.01518139724479095,0.0012335020187990153,-0.01371220194476841,-0.016486104232512844,-0.014054809378647892,-0.0015342527571604592,0.004854044124694035,-0.008045602530218687,0.005107583490362444,0.16752178076707075,99.92966,100.9589,0.58,6.131100177764893
2014-09-23,0.0004369774681096672,-0.035618437881644205,0.00344569303731479,-0.011562665629265112,-0.001152811380133123,-0.040525426808483145,-0.00011804767896350654,0.006993496832257584,-0.0057932500796260555,-0.008142173913819661,0.16315861942602888,99.92966,100.9589,0.52,6.130499839782715
2014-09-24,0.013452204257660583,-0.01730622304800722,-0.001967556330828124,-0.012882403047155044,0.00820486911090823,-0.026448894583717353,0.004596076374353331,0.004123789095986652,0.007801976758654128,-0.001635002234253946,0.16563938209304618,99.92966,100.9589,0.54,6.127799987792969
2014-09-25,-0.0029137696090488774,-0.0058189918501998505,0.002131303097120174,-0.0036781276331918633,0.00016340020193728044,-0.010564918768223963,0.0017620432927198948,0.010382316842721728,-0.016300913265170358,-0.022815172626764024,0.16353604613423026,99.92966,100.9589,0.5,6.1265997886657715
2014-09-26,0.010856259016862602,0.01215392455641151,-0.005830900435841002,-0.000987958613435147,-0.010182350736688939,-0.019452997036489394,0.005151058578021228,0.009856877808970488,0.008539261124001385,-0.013798527992359588,0.16606186248919927,99.92966,100.9589,0.57,6.125999927520752
2014-09-29,0.010951135715147942,0.032782806848731916,0.002796534515589144,0.0005750738833549818,0.00789215847819702,0.004925265674220469,-0.0005840454876704371,0.01080708507846051,-0.002550050856915398,-0.008302976319056299,0.16253501471669923,99.92966,100.9589,0.55,6.117099761962891
2014-09-30,-0.03672405325062744,-0.004378223870005193,-0.0057660785786319835,-0.008636697732591792,-0.015680735489825848,-0.009602658435472256,0.004080995648246599,0.015006128405670616,-0.002789816544312096,-0.005299542783742339,0.16939514531041527,99.92966,100.9589,0.55,6.139999866485596
2014-10-01,-0.004728144369115839,-0.022558572496781615,0.003381286984866172,-0.0032878544168974955,0.009273084422221078,-0.008534443124159408,0.00034900563041428967,0.010759057661731575,-0.01333710611263772,-0.026438625655034187,0.17378718006896154,99.91904,100.9148,0.46,6.128499984741211
2014-10-02,0.003081313881050818,-0.01656348900668192,-0.0003294008808820692,-0.005748558394899739,-0.012272107930389353,-0.02096995125648604,-0.004313147063519374,0.004683867305492306,5.1433282504120825e-06,-0.010132569061613417,0.17666029704569622,99.91904,100.9148,0.49,6.128499984741211
2014-10-03,-0.01405283731857132,-0.04147258534211584,-0.018285084652592154,-0.01820274261165089,-0.0006676994009027215,-0.011455299920699824,0.012653299721030464,0.012186108448501543,0.011103635523903144,-0.007568194661711658,0.17263044113528814,99.91904,100.9148,0.52,6.128499984741211
2014-10-06,0.0066637129463194,-0.045760008110944383,0.012089021785870457,-0.008910255341369577,0.011950354402737506,-0.007397103996159338,-0.011369070813934457,0.001401083122237523,-0.0015663860013983566,-0.006584529806194617,0.17726208364828666,99.91904,100.9148,0.5,6.129000186920166
2014-10-07,-0.01663075226248445,-0.02566670712280139,0.0041349713248948206,0.0009907945621572267,0.0013190269418057454,0.009602658435472256,-0.0004668096264994759,-0.003146722152508552,-0.015241618619128872,-0.019036331881011392,0.17752521881435285,99.91904,100.9148,0.44,6.129000186920166
2014-10-08,-0.01748456156679712,-0.03842312432048267,-0.005295752834792999,-0.007686245257501945,-0.011434339283837636,-0.011104765270586459,-0.004328194328209634,-0.007823922111132475,0.017310947498058837,0.011611721729685165,0.1685666061384617,99.91904,100.9148,0.39,6.129000186920166
2014-10-09,-0.01779571999666718,-0.05930015819820067,0.015885701002019914,0.008528856625400039,0.009290085331222109,0.010457427991025003,0.0025757371891943492,-0.0009350378584187524,-0.020877848454314396,-0.009271270052879643,0.17197269952099545,99.91904,100.9148,0.37,6.129000186920166
2014-10-10,0.0005828201438360381,-0.04466450073579331,-0.00294404499679235,0.023869896281199843,0.001320115169267222,0.012445242561194947,0.004550051813651201,-0.009038285765798015,-0.01151708002621099,-0.03189198560299378,0.17138705429206524,99.91904,100.9148,0.35,6.120200157165527
2014-10-14,-0.046553359358428636,-0.08218346053082115,0.003491762624595829,0.017912412077888185,0.01584614090485137,0.016505041770710882,0.00455474527162103,0.00174939140477548,0.001577619680866782,-0.03011139450412248,0.1785512304893213,99.91904,100.9148,0.29,6.115499973297119
2014-10-15,-0.0007333768863624357,-0.06543227585038647,0.008475653278412487,0.03168381819109367,-0.026440534133022275,0.0014988469215262423,-0.0078376509787903,-0.0017600652458051869,-0.008133300726077763,-0.05555564272825908,0.17631211558470644,99.91904,100.9148,0.29,6.115499973297119
2014-10-16,0.01118686511827427,-0.03644969073544502,-0.0028978331647149247,0.012900284024358832,-0.008691354644619897,-0.016482593054315764,-0.0017631685382735185,-0.006098970973273055,0.0001449672004421032,-0.03453282707350258,0.1772790094139344,99.91904,100.9148,0.28,6.115900039672852
2014-10-17,0.0006044491290726484,-0.03642806175020841,-0.0017750134792242633,0.014069315541926919,0.007525761361514949,-0.010276946862068037,0.0022328282227990215,-0.008416194564125234,0.012801813377146587,-0.010213933670145003,0.17375158731681986,99.91904,100.9148,0.3,6.11329984664917
2014-10-20,-0.00048351162248216895,-0.03597893361992632,0.004592483646493228,0.011887052905562356,-0.003504953733292737,-0.015264940244568592,-0.00282127251934039,-0.005634518541984157,0.009101116121280839,0.015492215653658548,0.17389849576610575,99.91904,100.9148,0.29,6.113999843597412
2014-10-21,0.001208294928896514,0.011782720667398827,0.005611237167786776,0.014006527448753303,0.013451976150570477,-0.017659104998849484,0.004228840108773113,-0.005960423704832074,0.01938537082775138,0.033299966800543146,0.1723856225841153,99.91904,100.9148,0.33,6.11359977722168
2014-10-22,-0.028043238482677424,-0.015527140928916161,-0.0049683178171067155,0.0005625563532341005,-0.002808248595998153,0.005973180538174638,0.005027783952067821,0.006905011226026048,-0.0073261006616123225,0.03410716686500859,0.17260706165113113,99.91904,100.9148,0.34,6.111000061035156
2014-10-23,0.019310602668357824,-0.007403403378832607,-0.01318100068857131,-0.009720611170622284,0.009057258857504191,0.023721794040298727,0.0011656194057874103,0.009833799170086976,0.012228305721599497,0.04619050538616598,0.1731537232599479,99.91904,100.9148,0.38,6.10830020904541
2014-10-24,-0.01324353153690705,-0.021251384044812305,0.0021953509044640995,-0.005750246786933921,0.0003278695088417827,0.01652390218762556,-0.0012821938126936772,0.006318777134594278,0.007028690175716612,0.040417382184736006,0.17315838846993392,99.91904,100.9148,0.39,6.109499931335449
2014-10-27,-0.00012347553992064775,-0.020891347962250784,-0.0017070895081285897,-0.01204981994155574,0.008810613230701758,0.028839469151620056,-0.002686485904995095,0.0064535637489395725,-0.0015026968788385275,0.02981356918461664,0.17177382511445524,99.91904,100.9148,0.38,6.107100009918213
2014-10-28,0.0051717659133894145,-0.016927876977757883,8.133717526082052e-05,-0.017579719934081695,0.009860238229579377,0.025247731230628956,-0.001053143107838217,0.0011715805323282424,0.01186836456691065,0.02229656292377591,0.17293421906314405,99.91904,100.9148,0.39,6.106500148773193
2014-10-29,0.009534344350297985,0.020649705855217526,-0.0039942195704769645,-0.016605621687451944,0.0011253066842999981,0.029181286510927107,0.006302463487782184,0.002446260068042605,-0.0013863159906426503,0.02823634759474558,0.1621457741006106,99.91904,100.9148,0.42,6.103300094604492
2014-10-30,-0.013225691234993953,-0.01188658804813425,-0.021632343693815947,-0.02505696469269658,-0.012936778660967985,0.007187248992454931,0.002324284363164786,0.0036049250254199805,0.006210797247873323,0.022218839121019407,0.1671783764428391,99.91904,100.9148,0.42,6.101200103759766
2014-10-31,-0.007175606910462484,-0.005818663421689685,-0.02279349106756534,-0.05004580666472602,-0.003587128497058778,0.0032722509865543703,0.008437843886287766,0.013324962724401423,0.011663114233148697,0.026853263178451492,0.16135806357784385,99.91904,100.9148,0.43,6.104499816894531
2014-11-03,-0.022094824742999286,-0.027790012624768323,-0.0014526395819753901,-0.04979135673857282,0.006025537657488478,0.00048717541334108994,0.004937151288100239,0.020948599917496757,-0.00011892891639941894,0.0282370311408906,0.16214297439190664,99.91904,100.9148,0.43,6.102700233459473
2014-11-04,-0.02038919545737894,-0.05335097399553668,-0.0017117429361119818,-0.051584436849945625,-0.015050179199503244,-0.02442324201574153,-0.0037867300964045114,0.018215012928930463,-0.002833853252665719,0.013534813321314232,0.16677650187954396,99.91904,100.9148,0.43,6.10830020904541
2014-11-05,0.01911905080926246,-0.0437662675365722,-0.01902513240824799,-0.06661534968771665,-0.003632737810885578,-0.029181286510927107,0.005274626025407514,0.017187175466555793,0.005684311060805136,0.02060544037276202,0.16718231555625737,99.91904,100.9148,0.43,6.105299949645996
2014-11-06,-0.009834636052432622,-0.04037521235401087,-0.002710125789287865,-0.04769313178318857,0.0026432848823310096,-0.013601222967628113,0.006497596869093236,0.021360487972484243,0.0037684036443277336,0.01816304676921643,0.16229175777864574,99.91904,100.9148,0.45,6.104000091552734
2014-11-07,0.00945328755804109,-0.023746317885507295,0.023617972636309048,-0.00128166807931418,0.007233329116821174,-0.0027807653537481603,-0.004212960895345397,0.00870968319085108,0.0003495251267811028,0.006849457662848835,0.16103675284739297,99.91904,100.9148,0.38,6.1020002365112305
2014-11-10,-0.016020848595283965,-0.017672341737791974,-0.008586692128022655,-0.008415720625361445,-0.008223762032204318,-0.017030065043440956,0.0019378538056589178,0.00571038570840976,0.0031153270195591887,0.010083713598807442,0.16370906965132342,99.91904,100.9148,0.44,6.112800121307373
2014-11-12,-0.009798971171186999,-0.019248637336002794,-0.0033596312696433372,0.0117173581322918,-0.002304216927853542,0.003962311824136755,0.003307683860321653,0.004336389869342483,-0.0007013625789182854,0.00722834484203716,0.15421433444065616,99.91904,100.9148,0.46,6.114500045776367
2014-11-13,-0.039241460418490526,-0.0486554617020607,0.001896510199365764,0.01632399412094543,-0.011601007759048487,-0.010281980817242742,-0.001709516943824596,-0.0038707239435753493,0.0005297044284002794,0.003989645626109706,0.12973401163637727,99.91904,100.9148,0.47,6.116199970245361
2014-11-14,0.02146320641812416,-0.03664554284197763,0.020374963962937365,0.013080985447573745,0.019315516005284916,0.001800206071221,-0.0015981669164970569,-0.0012559299647270095,0.0002402413485471655,0.0038803618478757684,0.1420048654305304,99.91904,100.9148,0.43,6.114799976348877
2014-11-17,-0.002376870342092552,-0.023001564588786216,-0.0016891895908441867,0.019978487984752213,-0.0027834971965863264,0.007240470906838992,0.0045594690633423696,0.0013656852929564423,0.0007350887776578219,0.0015001236059744016,0.14075326235523697,99.91904,100.9148,0.48,6.119500160217285
2014-11-18,-0.01371068105710993,-0.04366477657075585,0.011514142798771942,0.028736796100587547,-0.0127054167407894,-0.010078622618992839,-0.003988364581101855,0.0005711044822405142,0.005120849353688506,0.005924521329375487,0.14770543565470953,99.91904,100.9148,0.48,6.114299774169922
2014-11-19,-0.00040215536175747246,-0.03426796076132632,-0.002593797781803353,0.02950262958842753,0.011885255207630507,0.004110849516491211,0.0007989464955402426,-0.0019376328825408962,-0.001502286875618708,0.005123597032675065,0.1460414071243631,99.91904,100.9148,0.53,6.111299991607666
2014-11-20,0.013319322845826598,0.018292822502990802,-0.0024326015461424433,0.025173517842919324,-0.0064203093736801,0.009291547901859598,-0.0006848344106940019,-0.000912950349410302,0.0019651640132032355,0.006559056617478021,0.1475232010278468,99.91904,100.9148,0.49,6.109499931335449
2014-11-21,0.012229757016640086,0.00905937310150673,0.005694721835856953,0.010493275715838912,0.002474284696995399,-0.007549683406429919,0.008186529469524473,0.008871746036611228,0.005223212603738148,0.011542027872669003,0.14420007274415833,99.91904,100.9148,0.45,6.113500118255615
2014-11-24,-0.009587089682750793,0.0018491537608484876,-0.0016715423866902057,0.010510922919992893,-0.010266736033145651,-0.015032922242989244,-0.001813397680940021,0.002498879292328837,0.0028599298137388374,0.013666868908750018,0.14829158373319137,99.91904,100.9148,0.44,6.1149001121521
2014-11-25,-0.022553868481226758,-0.00699403366326834,0.0013374369646053097,0.00033421708582626053,-0.014417679233978742,-0.016745184736178587,-0.002612636884913755,0.0038746069885169376,-0.0011506914684167313,0.007395328086644781,0.15124477687967475,99.91904,100.9148,0.42,6.131700038909912
2014-11-26,-0.00541338309103967,-0.012005261392550537,-0.0004177633099144984,0.002510251557715115,-0.0003377563011699447,-0.02896819624497904,-0.0035321356240318735,-0.00045647513105517845,0.0028020524716030337,0.011699667433866523,0.14530915531230215,99.91904,100.9148,0.42,6.126500129699707
2014-11-28,-0.10794222428175804,-0.13326680852013517,-0.018045877242182762,-0.013103024138325203,-0.034367693071480465,-0.056915579942779404,0.00852423181451023,0.008752591094149054,-0.002545664637012557,0.007188838783650731,0.18204500576538868,99.91904,100.9148,0.39,6.1290998458862305
2014-12-01,0.04218159096934304,-0.10331497456743222,0.03577186495895468,0.016974118984772524,0.02435147919614633,-0.03503838544362847,-0.004650948974686209,-0.004084887350061628,-0.0068527893448342425,-0.00488716316492166,0.203586964182081,100.0605,100.7893,0.43,6.133200168609619
2014-12-02,-0.031206576888129334,-0.12493446177281076,-0.015555542198704586,0.0030901191727581434,-0.005817935524755624,-0.030589584935238445,0.007927613247828091,0.0056561235787064845,0.0063641667588481,-0.001382926219812397,0.20391858850451866,100.0605,100.7893,0.51,6.142000198364258
2014-12-03,0.007448269506705074,-0.09493232378487892,0.007725294072399969,0.009477976280552802,-0.007061144727944724,-0.023233050429204427,0.0034907704782094484,0.011759530941829688,0.003757673834027031,0.0035254390826313653,0.20217623496123696,100.0605,100.7893,0.5,6.139500141143799
2014-12-04,-0.0084954638209771,-0.09801440451481636,-0.0008278146168105849,0.009067924973656716,0.013561275425031605,-0.009334018703002878,-0.0029269653006762653,0.012364701265185296,-0.0011625717317853557,-0.0004391851207570241,0.20492009432915362,100.0605,100.7893,0.48,6.140200138092041
2014-12-05,-0.014625232647390796,-0.004697412880449114,-0.014514789852628773,0.012599012363210704,-0.0023898849611396766,0.02264378940733791,0.007077543301246436,0.010918012751921502,0.0016638315989210284,0.003770311115176561,0.20481090442618669,100.0605,100.7893,0.56,6.144599914550781
2014-12-08,-0.04329945043708516,-0.09017845428687732,0.0038577502784624684,-0.019315102317281507,-0.005140472790988726,-0.006848162579797146,-0.0032516809619007603,0.01231728076470695,-0.0072830221497151015,0.003340078310295702,0.20457612156746202,100.0605,100.7893,0.55,6.140200138092041
2014-12-09,0.012138565757894959,-0.046833311640853026,0.030337871608031364,0.026578311489454443,0.012293141889289316,0.011262914834247795,-0.0039385463337184845,0.00045112118316037453,-0.00023785182583413444,-0.0032619402743865322,0.2081495332875081,100.0605,100.7893,0.49,6.163000106811523
2014-12-10,-0.04617686504584739,-0.10045844619340549,-0.0021134584034427917,0.016739559013611682,-0.011091327102766835,0.007232732459425684,-0.004746909913921904,-0.007786559208970978,-0.01648612118304893,-0.023505735291462493,0.20951743720419402,100.0605,100.7893,0.47,6.177800178527832
2014-12-11,-0.016378856822644394,-0.10834183919507279,-0.0030970267852454825,0.014470346845176785,0.009222934828707618,0.0028943918631016974,0.004408609620146109,-0.0004509842881486037,0.004525433971620529,-0.017817729588056608,0.2118955865186595,100.0605,100.7893,0.49,6.166600227355957
2014-12-12,-0.03634909935015074,-0.13006570589783273,-0.002533592640363125,0.026451544057442433,0.0018683922740592163,0.00715266909830059,-0.003389485162526462,-0.010918012751921502,-0.016346465791658105,-0.03582802697863574,0.21221363133041377,100.0605,100.7893,0.46,6.178599834442139
2014-12-15,-0.03341854254025112,-0.12018479800099868,-0.012185272725321994,0.01040852105365797,-0.0165972021009666,-0.004304060211677285,0.0011310766310899112,-0.0065352551589308305,-0.00636278627172171,-0.03490779110064235,0.21591282068155698,100.0605,100.7893,0.5,6.1768999099731445
2014-12-16,0.0003576619805008008,-0.13196570177839284,-0.011078308205875409,-0.031007658760248802,-0.007098963057273977,-0.02369616515824058,-0.003737496144112562,-0.006334204969324908,-0.00852525986538133,-0.043195199140189544,0.20258971686605012,100.0605,100.7893,0.42,6.180500030517578
2014-12-17,0.009608631011703395,-0.07618020572084205,0.00033500075834158594,-0.028559199598464424,0.0034692108623757267,-0.009135627193098017,0.011282981380715817,0.009695686325312813,0.020148073243295705,-0.006561004713844909,0.20378825047485186,100.0605,100.7893,0.49,6.179500102996826
2014-12-18,-0.04269052236711479,-0.10249187126531245,0.0003347863938758522,-0.02512738641934309,-0.005208381541069507,-0.023566943562875142,0.0012333982991297177,0.006520475004296422,0.023731374885708867,0.012644936200243428,0.20073571601065998,100.0605,100.7893,0.57,6.186999797821045
2014-12-19,0.04357554298099808,-0.02256722893416363,0.0010039934370027481,-0.021589800341977217,0.012282846227001487,-0.013152489609932871,0.004025957324691909,0.013935917491514793,0.0045596379674188725,0.033551039959320406,0.20109269834692303,100.0605,100.7893,0.49,6.204500198364258
2014-12-22,-0.022545276794192937,-0.01169396318810545,-0.01363893293205809,-0.023043460548713313,-0.0015486236273465348,0.0018960888636871953,0.001895503422783662,0.014700344283208544,0.0038032224799273706,0.043717048710969486,0.20051891791273815,100.0605,100.7893,0.47,6.20989990234375
2014-12-23,0.03310501021055412,0.02105338504194787,-0.0015269147659973115,-0.013492067108835215,-0.0005167960469241173,0.008478255874037055,0.0032252813909918743,0.02166312181831298,0.0017448386297047591,0.053987147206055575,0.19994646828803897,100.0605,100.7893,0.56,6.211599826812744
2014-12-24,-0.022663838145124515,-0.01121908411488004,-0.003742476400430128,-0.01756954426760693,-0.009521378684926418,-0.00451233367326509,-0.0009997927678435659,0.009380347669753597,-0.00013930624107505452,0.033699767721684815,0.19958080380540766,100.0605,100.7893,0.59,6.21589994430542
2014-12-26,-0.020078464394917006,0.011392973857317745,0.01840650444295644,0.0005021737814736582,-0.013660469543874454,-0.012964421676070037,0.0006666395646188761,0.008813588935242755,0.0033041099821211617,0.01327250281809711,0.1990083029635468,100.0605,100.7893,0.58,6.2052998542785645
2014-12-29,-0.020676367567312504,-0.05285893669099284,-0.01144320240930341,-0.0119450220648325,0.0008813104275600114,-0.024365957475511513,0.00177564868566904,0.006563280296219887,0.0008614034280896021,0.009574268278767839,0.19918613807575164,100.0605,100.7893,0.57,6.2052998542785645
2014-12-30,0.009468154342054724,-0.02084550555474518,0.01553413054735664,0.01722804141458223,0.010863922801167325,-0.011953411046997653,-0.002220053939880451,0.0024477229335557737,-0.004900593034504297,0.0008704527643361715,0.16533871030669414,100.0605,100.7893,0.56,6.212500095367432
2014-12-31,-0.015830454044352127,-0.06978096980965143,-0.013674074832771055,0.005080881347808486,-0.01068777068121829,-0.022124385681291825,0.0031066128150385452,0.0023290543576024447,-0.010364383561250357,-0.011238769426618944,0.1438745846479511,100.0605,100.7893,0.49,6.191999912261963
2015-01-02,-0.01094767136458552,-0.05806480302911243,0.0017722065183543023,0.010595564266592916,0.0,-0.012603006996365407,0.00893311917698103,0.012261966302427041,-0.00034002147313572095,-0.01143948465867961,0.14309363859002575,100.0605,100.7893,0.41,6.196100234985352
2015-01-05,-0.05160295426297523,-0.08958929289717066,0.014980006662454137,0.007169066486090614,-0.0161594708752113,-0.015102008327702254,0.0032883447790714726,0.014883671516879637,-0.01844721353258727,-0.03319080817338804,0.1510078583517198,100.0605,100.7893,0.4,6.196100234985352
2015-01-06,-0.04308108435596614,-0.11199400968582429,0.012710656392123099,0.03132292528751712,0.003930652983774152,-0.012052665771488114,0.0013123662030594119,0.01442038903427001,-0.0089332546906995,-0.042985466292177144,0.1421921633126336,100.0605,100.7893,0.41,6.208399772644043
2015-01-07,0.014910220457776902,-0.10655194357010211,-0.007160879321572722,0.008627915418587762,-0.002857108064780345,-0.025773696637435783,0.004253230589119639,0.0208936735632701,0.011562735844876215,-0.02652213741279663,0.142211978579828,100.0605,100.7893,0.39,6.202000141143799
2015-01-08,0.002873552595966,-0.08784793692978399,-0.0018188935745326873,0.02048309667682613,0.00392644378445528,-0.011159482171762214,0.005210077468490226,0.02299713821672178,0.01773016812715511,0.0015724142756088355,0.14327888382774193,100.0605,100.7893,0.41,6.203999996185303
2015-01-09,-0.008852354224805126,-0.08575261979000359,0.006269592809969637,0.024980482968441464,-0.005895504931094475,-0.01705498710285669,-0.004666063406661536,0.009397955633079214,-0.008439322147078876,-0.0065268863983343195,0.13443901296907543,100.0605,100.7893,0.36,6.203499794006348
2015-01-12,-0.048511066043942286,-0.08266073157097065,0.013640062420647858,0.023640538726635185,-0.009903714506078076,-0.010799230733723464,0.00043498167569566704,0.006544592529703408,-0.00812661684347038,0.0037937102907825704,0.13355282600777016,100.0605,100.7893,0.35,6.200300216674805
2015-01-13,-0.003914757217224896,-0.043494404432229405,0.0012972013624876766,0.012227083696999763,-0.030873496542787815,-0.04560338026028543,0.0035812529460335085,0.008813479272677505,-0.002581885435816389,0.01014507954566568,0.15890151326318067,100.0605,100.7893,0.37,6.193399906158447
2015-01-14,0.054904117212314585,-0.003500507677691722,8.099451778331712e-05,0.019468957536355802,-0.04817442574046582,-0.0909206979359709,-0.0016262148701429169,0.002934033813414949,-0.005830028967975132,-0.007247685267185666,0.2175815800560975,100.0605,100.7893,0.29,6.187600135803223
2015-01-15,-0.047089868360305154,-0.053463928633962876,0.024249859450433675,0.045537710561322164,0.022464185293218586,-0.0723829564272076,0.0020594534384565932,-0.00021659021661868394,-0.00929090300456803,-0.034268756398908806,0.23671318407037514,100.0605,100.7893,0.19,6.184000015258789
2015-01-16,0.0514121780313892,0.006800603622231449,0.009600383272962532,0.04886850102431506,0.016334639346259783,-0.05015281214985334,0.0018391109574418252,0.006288584147484677,0.013334893186267571,-0.012494541065562359,0.24771598137783013,100.0605,100.7893,0.23,6.177499771118164
2015-01-20,-0.04838973638313515,0.006921933283038584,0.013457421344313936,0.048685859947981136,-0.014612678820358216,-0.05486177646413348,0.005712214805317473,0.011565817277106483,0.0015487524334005798,-0.002819171788691399,0.2489005441397032,100.0605,100.7893,0.23,6.208000183105469
2015-01-21,0.029523210742563144,0.040359901242826624,-0.00038641371389047663,0.04700224487160298,-0.0001911724552297045,-0.024179452376575372,-0.0016133536404723259,0.006371210690600648,0.0047204650221894795,0.004483178669314469,0.24938061824453872,100.0605,100.7893,0.26,6.204899787902832
2015-01-22,-0.031249166202282908,-0.04579338217177087,0.00539625134896049,0.052317501702780156,-0.005560325859378601,0.018434647504511847,0.014321034990541825,0.02231846055128539,0.015154313070629755,0.025467520707919356,0.24182083177210412,100.0605,100.7893,0.29,6.201700210571289
2015-01-23,-0.01566955257465885,-0.014373066386124567,-0.006246868588578813,0.021820773663767667,-0.024524468519764975,-0.028554006308471713,0.008032194365244827,0.028291201478073624,-0.0055066562793015805,0.029251767433185805,0.25025435464789875,100.0605,100.7893,0.21,6.198999881744385
2015-01-26,-0.009698083913547872,-0.07548332833106164,-0.010264437842764984,0.001955952548040152,0.014087501456555795,-0.0308011441981757,-0.0021074501480269348,0.024344640372604864,0.0025651679986227194,0.018482042245540953,0.25953375614579866,100.0605,100.7893,0.22,6.217899799346924
2015-01-27,0.02363861443949755,-0.003454977508428936,0.009567905338057514,-0.0019335634582162697,-0.023590613955685957,-0.03977907933350344,-0.008261951560992742,0.01037047400629465,-0.01347828781585747,0.0034550019962829026,0.26660949887534036,100.0605,100.7893,0.17,6.245800018310547
2015-01-28,-0.03926394897435337,-0.07224213722534545,-0.004500261174159803,-0.006047410918485596,0.003177812122270307,-0.03641009475600343,0.004774846811117506,0.01675867445788448,-0.013587502811021501,-0.014852965836928078,0.2672043632246691,100.0605,100.7893,0.12,6.235099792480469
2015-01-29,0.0017981127966546495,-0.03919485822640789,-0.02464210405936118,-0.03608576632680727,-0.020433450192351765,-0.051283219088976595,0.00327606695747118,0.005713706424813836,0.009489517058263175,-0.020517761849294658,0.2708776662174917,100.0605,100.7893,0.15,6.236499786376953
2015-01-30,0.08002549529245684,0.0565001896407078,0.018870738528236508,-0.010968159209991946,0.023007966092980392,-0.003750784476231228,0.0002110377924040563,-0.0021074501480269348,-0.013077099006318704,-0.02808820457631178,0.2837077330329855,100.0605,100.7893,0.03,6.236599922180176
2015-02-02,0.02719721866300384,0.09339549221725951,-0.0018006415575539947,-0.0025043629247809562,-0.0067474747956828285,-0.024585760728469852,-0.0031696069528166504,-0.0031696069528166504,0.012879170000215545,-0.017774202574718956,0.2832197809194725,100.0605,100.7893,0.03,6.241000175476074
2015-02-03,0.06784904480245446,0.13760592258021642,-0.013013315577139473,-0.025085583839977943,0.03483036083488755,0.03383521406210366,-0.009569467318276459,-0.0044771227101003674,0.014336238577453031,0.010040323818591546,0.3160621996923256,100.0605,100.7893,0.09,6.249499797821045
2015-02-04,-0.09070249659475627,0.08616737495981353,0.0032495353787656,-0.01733578728705254,0.0046047986851782685,0.03526220062501162,0.004158003722515069,-0.005093965798702804,-0.004164706572452381,0.019463120057160666,0.3143253244434321,100.0605,100.7893,0.1,6.245699882507324
2015-02-05,0.04104485508101963,0.1254141172441785,-0.0014253298741548903,0.0058809868981537505,0.0,0.055695650817363385,0.007525597062564948,-0.0008444356936090358,0.010238810710909263,0.020212413709806754,0.3134971200897211,100.0605,100.7893,0.13,6.23769998550415
2015-02-06,0.023687103475380944,0.06907572542710261,-0.02251785941057527,-0.03550761104065803,-0.0034516095976603323,0.02923607512672266,0.0,-0.001055473486013092,-0.003424027611878877,0.02986548510424658,0.3134914464026056,100.0605,100.7893,0.24,6.242099761962891
2015-02-09,0.02238260808259085,0.06426111484668962,0.005576467523876971,-0.02813050195922706,-0.0015378505823536726,0.034445699340051816,-0.0026434063298115262,-0.0005292728630079679,-0.004256239310481469,0.012730075793549567,0.3124508202501026,100.0605,100.7893,0.25,6.233399868011475
2015-02-10,-0.055223986121625046,-0.05881191607738989,-0.007442254987159558,-0.022559441369247146,-0.014143402388291926,-0.014528063883127662,0.0032768401974836436,0.012317034652752135,0.01061897955406188,0.009012816770158416,0.31449198702975645,100.0605,100.7893,0.31,6.238800048828125
2015-02-11,-0.02387328223434171,0.008017298283024665,-0.010283266746029085,-0.03609224349404183,-0.003910069671606675,-0.023042932239912606,0.002424198578914627,0.010583229509151693,-2.9034010157857892e-05,0.01314848933245294,0.3137730056623784,100.0605,100.7893,0.32,6.231800079345703
2015-02-12,0.047385155229813236,0.014357598431818275,0.0009019520901309974,-0.033764961529755944,0.021893718933566064,-0.0011492133063465415,-0.009519868315758906,-0.0064622358691721615,0.00959829506591614,0.012507973687459817,0.3095646663745072,100.0605,100.7893,0.33,6.2322998046875
2015-02-13,0.03019750035048263,0.020867995306919962,0.005231782127141926,-0.006015319992038748,0.001723370692339965,0.004025766983653756,0.0011684170884080913,-0.00529381878076407,0.004066459227779262,0.019998460527117956,0.2582971319325078,100.0605,100.7893,0.34,6.234499931335449
2015-02-17,0.014109913654156259,0.012595300878485371,-0.015115727381670219,-0.026707514897585938,-0.007296519598043338,-0.00173290203203591,-0.001487298624674338,-0.004137711075626882,0.0015962996977982868,0.025850999535397712,0.24765860033384915,100.0605,100.7893,0.43,6.23859977722168
2015-02-18,-0.026309824801854287,0.04150946219825613,-0.0069773724962711725,-0.026242632406697552,0.017195623607263122,0.029606123963519138,0.001487298624674338,-0.005927252648436188,-0.00031435862322926056,0.014917661358106571,0.2484041809694736,100.0605,100.7893,0.36,6.244100093841553
2015-02-19,-0.01897442307126207,0.04640832136133577,0.006149283661093463,-0.009810081999575004,0.0007574677500471472,0.03427366138517296,0.0021209401296893304,-0.006230511097661484,-0.0010626217157181372,0.013884073652546292,0.2428593933298026,100.0605,100.7893,0.37,6.244100093841553
2015-02-20,-0.016157980989763843,-0.01713481485824131,-0.0022392306033918175,-0.01295126469309782,-0.011805125046731257,0.0005748174048756383,-0.0015902629873059126,0.0016990942307915091,0.00610784272105569,0.01039362130768584,0.24656256807445046,100.0605,100.7893,0.38,6.244100093841553
2015-02-23,-0.017837919241092237,-0.06517023444981618,-0.0034099716670716873,-0.021593018487311433,0.01104765729668411,0.009899104009219784,0.0033894714723174957,0.0039201486147009135,-0.0003033852119855851,0.0060237768679209935,0.2486165956472317,100.0605,100.7893,0.34,6.244100093841553
2015-02-24,-0.0034437790427213066,-0.08272392714669374,-0.0028366649341622363,-0.00931395603980345,0.026912492844046954,0.044108116451310075,-0.0008463116139090232,0.004561135625466228,0.0027549724688311628,0.0071824496389538695,0.24668124666442873,100.0605,100.7893,0.27,6.245100021362305
2015-02-25,0.03411127353012944,-0.02230282881471002,0.003419641802913098,0.0010830582593808202,-0.0014762684237696888,0.025436224420277265,-0.002967662843894381,0.00010617415689750942,-0.0007660169636025671,0.006730791298580563,0.24386854777048725,100.0605,100.7893,0.24,6.245100021362305
2015-02-26,-0.056893185354848885,-0.060221591098296834,0.0071351631617018185,0.0020689377599891756,0.0023978636448848123,0.02707662031511493,0.01139855962526326,0.00938379365247144,-0.0014771186302544592,0.006316294384044241,0.22481989337492078,100.0605,100.7893,0.24,6.249499797821045
2015-02-27,0.03247503206989455,-0.011588578038638442,0.002477088262295979,0.006785256625676972,0.0007366826983233876,0.039618428060169575,-0.0004198689610870332,0.010554187678690319,-0.0029606830486317293,-0.002752231385643178,0.22504405423689258,100.0605,100.7893,0.17,6.249499797821045
2015-03-02,-0.0034222111216459794,0.002827130080807816,-0.004049110653326693,0.006146117639421966,-0.0018426813390660657,0.0267280894244194,0.002202287980249018,0.009367004186621841,0.0061062381811325395,0.0036573920074749466,0.20871444881343473,100.0605,100.7893,0.25,6.258600234985352
2015-03-03,0.018580102965297662,0.024851012088826785,-0.0030683369818884643,0.005914445591695738,-0.013929059616133666,-0.01411346303576122,-0.0008384179131866176,0.009374897887344247,-0.004548872603817422,-0.003646453065173638,0.20648326625505056,100.0605,100.7893,0.26,6.263700008392334
2015-03-04,0.019794832107629556,0.010534570666326903,-0.002827935385908198,-0.00033313159712555773,0.0013082834017594802,-0.011328911210232051,0.006166771275295524,0.01850933200653415,-0.004398161230154685,-0.007278597331725756,0.20372371055720773,100.0605,100.7893,0.25,6.263700008392334
2015-03-05,-0.015055528871493973,0.052372227149681816,-0.003922351093294196,-0.011390645852121573,-0.0018695516615029328,-0.015596326516619796,0.004263027365590588,0.01137379974686148,0.0011953652510365842,-0.004606113450434712,0.168145072091441,100.0605,100.7893,0.27,6.2606000900268555
2015-03-06,-0.022916171163512633,-0.0030189760837253665,-0.026950825107847187,-0.04081855922226474,-0.016223703817437873,-0.03255671303238106,0.012783735879685842,0.024577404587634355,-0.014275356362467129,-0.015920786764270112,0.1781697559127256,100.0605,100.7893,0.41,6.257400035858154
2015-03-09,0.007830566812193851,0.008233801850114464,0.00197386790380083,-0.034795580665137216,0.021821816961224427,-0.008892214732090564,-0.00030742696653263124,0.022067689640852706,0.003936662357975962,-0.01809036258742669,0.19310329919299188,100.0605,100.7893,0.44,6.253799915313721
2015-03-10,-0.03479848658375273,-0.04514478769893593,-0.005415915948947969,-0.03714315963219672,-0.019542164746306323,-0.014505319862263222,0.010499117018220261,0.033405224572259584,-0.017106820937141443,-0.03064831092075071,0.20577155518952414,100.0605,100.7893,0.41,6.255000114440918
2015-03-11,-0.0024881362146103037,-0.06742775602117579,-0.00813577684056721,-0.04245100108685573,-0.004755138904803391,-0.020568742168826093,0.011894105250020992,0.03913255854698505,-0.0019195206764850425,-0.028169670367081068,0.20648970761757013,100.0605,100.7893,0.39,6.251999855041504
2015-03-12,-0.02352553281389813,-0.07589775996357995,0.0012159324570824026,-0.037312717536479134,0.019634403240937903,0.0009352127336147431,-0.006534343540748111,0.028335187640646353,0.012522702206037017,-0.016842333412080635,0.20958424190538635,100.0605,100.7893,0.39,6.251999855041504
2015-03-13,-0.04811024820898435,-0.10109183700905167,0.00043389596775078587,-0.009927996460881161,0.0014944701295132035,0.01865338668056582,0.011830900832436875,0.027382352593397385,-0.0060932370901962685,-0.008660214139809774,0.20848523172896835,100.0605,100.7893,0.44,6.251999855041504
2015-03-16,-0.02164194185813839,-0.1305643456793839,0.0006072017488047976,-0.011294662615877193,-0.00037338593814029153,-0.003541816218798899,-0.007302621917358643,0.020387157642571374,0.013442909023855698,0.0008460325260699619,0.19600567892803245,100.0605,100.7893,0.45,6.248700141906738
2015-03-17,-0.009617705986455505,-0.10538356508208668,-0.004344810265399346,-0.01022355693232857,-0.013536590723482789,0.0024637578040246355,-0.00010042809879440284,0.00978761252555671,-0.00332569770778246,0.014627155755428944,0.20254501135727215,100.0605,100.7893,0.42,6.251800060272217
2015-03-18,0.02723728923304858,-0.0756581396344278,0.0026959841412743657,0.0006082040495130059,-0.020848074261995753,-0.013629177553167726,-0.01049765660636659,-0.012604149330830872,0.012085101501629225,0.028631777933543212,0.21422714209615187,100.0605,100.7893,0.23,6.239500045776367
2015-03-19,-0.015798134286307608,-0.06793074110683728,0.015255586684474132,0.014647858276904735,0.03326358079410563,0.0,0.005565361373254696,-0.0005044444168280648,-0.0048844891269501645,0.01122458660055603,0.23666423990344382,100.0605,100.7893,0.19,6.218699932098389
2015-03-20,0.039255756917105256,0.01943526401925233,0.013339824035723424,0.027553786344877373,0.036888338854836444,0.03539386872532324,-0.01208069916978527,-0.02441604441905021,0.008972382193259243,0.02629020588401154,0.26794359892063574,100.0605,100.7893,0.17,6.185999870300293
2015-03-23,0.037140675508592125,0.07821788138598285,0.0026971957568777682,0.029643780352950344,0.011821735844264714,0.047588990507728246,-0.009028530312261474,-0.02614195281395304,-0.0017472566067135986,0.011100040253442245,0.26469965236512805,100.0605,100.7893,0.17,6.196000099182129
2015-03-24,0.0012636387353790468,0.0890992261078174,0.0031095972006651706,0.03709818781901486,0.0024897645093333587,0.0636153457405444,0.0016476541787806553,-0.024393870536377982,-0.006158345701591017,0.008267392259633688,0.2632701853747711,100.0605,100.7893,0.11,6.204999923706055
2015-03-25,0.03515665640326482,0.09701859327803364,0.004688244381404694,0.03909044805914519,-0.003558719144618916,0.08090470085792123,-0.002163044343405751,-0.016059258273417143,-0.01466592652723886,-0.018483635769234397,0.24928203040652613,100.0605,100.7893,0.12,6.195300102233887
2015-03-26,0.04412482944724472,0.15694155701158596,0.00649346826973396,0.030328329644405017,0.005865117961210364,0.053506238025025965,0.004732022725163709,-0.01689259692150813,-0.0023803307374734572,-0.01597947737975769,0.2494323684515633,100.0605,100.7893,0.21,6.201000213623047
2015-03-27,-0.051057976294826446,0.06662782379965426,-0.004407613858515624,0.012580891750165968,-0.01661789917018952,0.0,-0.0015406106194406632,-0.006352508371163523,0.002365760729503563,-0.02258609884351337,0.2575806046804378,100.0605,100.7893,0.19,6.201399803161621
2015-03-30,-0.003895415037463046,0.02559173325359909,-0.012580891750165968,-0.0026971957568777682,0.004494321008665869,-0.007327414835598844,0.007067192074216244,0.009743214015314194,0.012162382647149528,-0.008676459589650243,0.25785022420837994,100.0605,100.7893,0.23,6.2052001953125
2015-03-31,-0.022435545207249774,0.0018925493109702707,-0.001435933541767298,-0.007242726499310237,-0.014635703098294872,-0.024452882443227075,0.0038708130814297803,0.01196637291796332,-0.00883468621753103,-0.011352800105590255,0.2635216047204301,100.0605,100.7893,0.18,6.196499824523926
2015-04-01,0.05098866123470591,0.017724554142411364,0.02091076569292838,0.008979794812213449,0.0034523616480284236,-0.017441801650579736,-0.0017298215079728507,0.01239959575339622,-0.003973254201847354,-0.0006601277801987493,0.2582494096274725,100.5208,100.373,0.07,6.1875
2015-04-02,-0.019148035743433933,-0.04554831104826729,-0.00597756132043159,-0.0034912347779521014,-0.0030884207735557556,-0.026395340385345856,-0.0076675730282325105,0.0,0.003523452303713981,0.005243655260988689,0.25872974659074893,100.5208,100.373,0.11,6.187099933624268
2015-04-06,0.059259042126975636,0.0647687073735348,0.014631342783434143,0.015547721863997666,-0.005839357450428961,-0.015616798665585296,-0.003392466125649918,-0.0018518555062092545,0.006587072647165293,0.009464967178650419,0.25969582470405544,100.5208,100.373,0.07,6.186999797821045
2015-04-07,0.03468120231027072,0.10334532472126856,-0.006586554489200758,0.021542059124962876,0.01633720756742507,-0.003773912106826094,0.00738693429461712,-0.0015321132858083786,-0.0020640327085867938,-0.004761448177085903,0.25687482157576413,100.5208,100.373,0.04,6.186999797821045
2015-04-08,-0.06822571366587837,0.05755515626263996,-0.006214545543826944,0.01676344712290323,-0.010315842592590663,0.0005459483988781155,0.002450209106377166,-0.002952717260860993,0.0026789415573471587,0.006752179597792285,0.2506350650354664,100.5208,100.373,0.08,6.188199996948242
2015-04-09,0.007311617395159509,0.013878112423093558,-0.007927608751493231,-0.01207492732151838,-0.0012743146034757125,-0.0041807278526260205,0.011053237805892735,0.009830342053004593,0.004447575873625986,0.015173009673265625,0.23943724454441295,100.5208,100.373,0.13,6.191400051116943
2015-04-10,0.016597051320191625,0.049623199486719116,0.009173611346904309,0.0030762453458175187,0.002001666886913611,0.0009093598078433462,0.0023167547406321987,0.019814669821869302,0.0051893768994561995,0.016838934269007844,0.23819482754958027,100.5208,100.373,0.14,6.194699764251709
2015-04-13,0.0052148927405824,-0.00442094989967412,-0.004409447390731458,-0.015964544828348082,-0.004920274280437953,0.0018284429778343547,0.0010056162905192068,0.024212752238038426,-0.004591806820961608,0.005660054800880943,0.23070934448913416,100.5208,100.373,0.14,6.199100017547607
2015-04-14,0.026237266589119734,-0.012864885620825106,-0.005434568565282127,-0.014812558904429451,-0.006414362150168662,-0.02092312673975938,-0.007364429021955665,0.009461388921465641,0.0016284322585136124,0.009352519767981349,0.23216110376036045,100.5208,100.373,0.1,6.204699993133545
2015-04-15,0.056543113506547726,0.111903941551601,0.007267250790277124,-0.0013307625703253834,0.0036703987774795443,-0.006936885369689172,-0.004363498693910728,0.0026476811211777473,0.005134989044996097,0.011808567255630287,0.23234293502796016,100.5208,100.373,0.07,6.202099800109863
2015-04-16,0.0056587188865817595,0.11025104304302324,-0.0029172765011287183,0.0036795696800391298,0.020308945777423926,0.014646375011210466,-0.009297677830664597,-0.017703234515379584,-0.0007787467579856155,0.006582244624018685,0.23537800124680527,100.5208,100.373,0.05,6.193699836730957
2015-04-17,-0.017252493715686157,0.07640149800714546,0.0040818286206354415,-0.0014122130462297378,-0.0007182954009781195,0.011926412723318736,0.0010259411670618945,-0.01899404808894989,-0.011375704189052982,-0.009982836464490497,0.22001702228986394,100.5208,100.373,-0.02,6.1869001388549805
2015-04-20,0.01141645246466716,0.08260305773123022,-0.007845161517145094,-0.004847927172643374,-0.017394842799155708,-0.000548155795399019,0.004297620451753303,-0.015702043927715792,0.009192748586536403,0.003801718943007515,0.20295129831765163,100.5208,100.373,0.01,6.186600208282471
2015-04-21,-0.020065215509619705,0.036300575632490784,0.007845161517145094,0.008431802909783848,-0.011212385988230489,-0.005346179633460846,0.0004083392701028643,-0.007929275635657262,-0.0014817025047682009,0.0006915841797257016,0.15981655186151983,100.5208,100.373,0.06,6.19189977645874
2015-04-22,0.01615546787925659,-0.004087069994800352,-0.013390441663966968,-0.012225889544460244,-0.013210652980257254,-0.022227231391197644,0.00040809476212100293,-0.0031576821796255317,0.005074582853386467,0.0006311779881160717,0.1575943328482763,100.5208,100.373,0.12,6.19189977645874
2015-04-23,0.027745446303647725,0.017999657422265614,0.006299101033357957,-0.0030095120099735695,0.0106195097053845,-0.03191666746323707,-0.0075780995644549876,-0.0014381039134159224,0.002354940842552722,0.003764865588654409,0.16319503484831588,100.5208,100.373,0.07,6.185699939727783
2015-04-24,-0.010270786363819617,0.024981364774132153,-0.016205683354533207,-0.023297023985142218,0.019817213213096596,-0.011381158849162354,-0.0037075286136198926,-0.0061715736940977095,0.0022502668247534885,0.01739083660246088,0.17967831271583973,100.5208,100.373,0.04,6.188700199127197
2015-04-27,-0.0028035736415024104,0.010761338667962583,0.02362951871174168,0.008177656243744558,0.00796234242027416,0.013976026370267514,-0.0015488828528571474,-0.01201807699870816,-0.0041499132407345485,0.004048174775189928,0.18081773994915273,100.5208,100.373,0.03,6.184800148010254
2015-04-28,0.0012275265539836155,0.032054080731565904,0.008852869596814195,0.009185364323413658,0.002160620958939541,0.027349033317437543,-0.007051780025101095,-0.01947819629391212,0.002765404437345964,0.008295281717304093,0.1715964535001499,100.5208,100.373,0.11,6.209000110626221
2015-04-29,0.026290002804078227,0.04218861565638754,-0.003465595586137127,0.0191102104012435,0.005381216492547303,0.0459409027902421,-0.010145932920490708,-0.03003222397652383,-0.003747348127572714,-0.0005266492636550879,0.17191077058154905,100.5208,100.373,0.14,6.196499824523926
2015-04-30,0.017765448390472116,0.03220861774321193,-0.02290880519148164,-0.010097695823596098,0.032212520646693,0.0675339137315506,-0.005481821329407666,-0.02793594574147651,-0.010180553033248607,-0.013062143139456417,0.19611419635173163,100.5208,100.373,0.11,6.190199851989746
2015-05-01,-0.008082204826229678,0.03439719928080187,-0.006703766742857553,-0.0005957792119204441,0.01546956855773507,0.06318626907618907,0.00737238275476404,-0.016856034373092577,0.01086377656345583,-0.004448633400754076,0.2013079675951228,100.5437,100.2628,0.18,6.190999984741211
2015-05-04,-0.0037263121927280096,0.03347446072957627,0.010418125460372352,-0.013807172463289774,-0.0025616727405355366,0.052662253915379376,0.0018869939463304064,-0.013420157573905023,0.00293643314776304,0.0026377129877435124,0.20111768783507133,100.5437,100.2628,0.24,6.190999984741211
2015-05-05,0.024638826175228168,0.056885760350820824,0.005378082159257502,-0.017281959900846466,0.005457050445795142,0.05595868340223498,-0.003672488282644437,-0.010040865831448365,-0.011908003358530372,-0.012035694808132824,0.19868522088851517,100.5437,100.2628,0.25,6.198400020599365
2015-05-06,0.00873653906536731,0.03933229661210991,-0.002433315523068025,-0.016249679837777364,-0.0025543382928745473,0.04802312861681313,-0.010567571965959921,-0.010462504876917578,-0.004465681140931821,-0.012754027821491931,0.19402142409926837,100.5437,100.2628,0.34,6.195199966430664
2015-05-07,-0.03320571525929772,-0.011638867037659928,-0.006659125353704276,0.0,-0.0022189195070720924,0.013591688463048035,0.0051921228499773875,0.00021143930246747544,0.0037667104694749654,0.0011932356812316414,0.18920037273828877,100.5437,100.2628,0.3,6.189000129699707
2015-05-08,0.00760589774102538,0.00404923552959513,0.005650406070160763,0.012354172813018316,0.0017073167631203034,-0.00017056333156673098,0.0017950288929284852,-0.005365914559368079,0.013368147987361745,0.003697607105137557,0.18863669336801048,100.5437,100.2628,0.28,6.197999954223633
2015-05-11,-0.0023600717355192202,0.005415475986803919,-0.004974106783250498,-0.003038059430604534,-0.004616568060317849,-0.0022254586513490437,0.002318243579497725,-0.00493466492620076,-0.005102556456082041,-0.0043413824987075245,0.19051579484610628,100.5437,100.2628,0.4,6.197999954223633
2015-05-12,0.025001302205416742,0.005777952016992494,0.007913186088978286,-0.0005029555008837505,0.011247559677595165,0.003565050580450979,-0.0050649401790288096,-0.006327116822585133,-0.0029539964393672236,0.004612624420455624,0.1904856585327023,100.5437,100.2628,0.4,6.19920015335083
2015-05-13,-0.004123717183861508,-0.007082304232236325,0.02140276540104402,0.023333125423228296,-0.00016946487808233712,0.005949923995243189,-0.009673166314418502,-0.005432711171043714,-0.0003050012906520294,0.008773304270735416,0.18756452763608436,100.5437,100.2628,0.41,6.19890022277832
2015-05-14,-0.010300787647772758,0.015822623379288636,0.005728798596138063,0.035721049373070635,-0.0013568348085515325,0.006812008693763749,-0.0027810706935671448,-0.013405904714588246,0.010721604261759943,0.015728198063020393,0.188439755039259,100.5437,100.2628,0.36,6.1946001052856445
2015-05-15,-0.00317809821551851,0.005038627422744746,8.158275327208031e-05,0.030152226056181952,0.00101773802574745,0.006122429956390896,-0.002359263514737364,-0.017560197122254095,0.0007681188278665374,0.003128168903525186,0.1785199860354891,100.5437,100.2628,0.31,6.1915998458862305
2015-05-18,-0.004365324659889147,0.003033374498374819,0.0018750657940209692,0.03700139863345342,-0.006463643919892181,0.004275354096816564,0.011210313753564627,-0.008668126948187194,0.003043312472570392,0.011274037832177619,0.18100480408289615,100.5437,100.2628,0.37,6.196100234985352
2015-05-19,-0.03719688415672451,-0.05916481186376643,-0.017168880909600226,0.011919331634874908,-0.023656474280761897,-0.030628679861540498,0.011400885727947951,0.007797698958789567,-0.0006435815978420578,0.013584452673702785,0.1906919971735631,100.5437,100.2628,0.42,6.194300174713135
2015-05-20,0.029596125268901652,-0.02544496941100327,0.001655766550627824,-0.00782766721554129,-0.003500787877709799,-0.03396000286116796,0.0018875877167490174,0.019358452989957087,-0.0009309494507938609,0.012958504513560953,0.18569171931598571,100.5437,100.2628,0.38,6.196700096130371
2015-05-21,0.0290747575653878,0.013930575802157286,-0.003729337524911891,-0.017285803336591243,0.0068152354218427025,-0.025787932630773724,-0.0019925004014611503,0.02014702328206308,0.002335145908745062,0.004572046160546073,0.17708637387131695,100.5437,100.2628,0.35,6.193699836730957
2015-05-22,-0.0166061600797498,0.0005025139379259969,-8.301206705230157e-05,-0.017450398156915625,-0.013147754759667452,-0.039953425416188626,0.007842357161639057,0.030348643958439503,-0.002236385149483766,0.0015675421831957692,0.18399242061678053,100.5437,100.2628,0.34,6.186800003051758
2015-05-26,-0.028706895944639044,-0.0238390573468239,-0.014300973526948368,-0.03362643747788496,0.007033607909310513,-0.02645617358698593,0.013346645596760354,0.03248497580163523,-0.01033520490750206,-0.011810975196876683,0.1737294167183818,100.5437,100.2628,0.32,6.191999912261963
2015-05-27,-0.009001280626780073,0.004356546183120535,-0.0010955517266060255,-0.017553108294890762,-0.013228839348825794,-0.01602853865504983,0.0007191626419711383,0.021803252715658417,0.009120918929109934,-0.0020464746699246916,0.17955412214740685,100.5437,100.2628,0.34,6.193900108337402
2015-05-28,0.00295168172752458,-0.022287897358256537,0.001853371357715794,-0.017355503487802793,-0.008201152060280936,-0.020728902837620966,-0.0041165182934301825,0.015799146705479217,-0.00126756391748728,-0.0023830891366181106,0.18207348522436528,100.5437,100.2628,0.33,6.191299915313721
2015-05-29,0.04442159281320812,-0.006941062110436214,0.0010936268834482732,-0.012532539079442628,-0.012066767242782328,-0.039610905502246,-0.0006189143696921917,0.017172732737248175,-0.0063385151840975595,-0.011056750229460732,0.18583745144386798,100.5437,100.2628,0.32,6.191199779510498
2015-06-01,-0.0016597260925559354,0.00800537187675765,-0.000925243412143395,-0.013374770424533722,-0.006726719216816557,-0.0331898699593951,0.004940779170796716,0.014271154746405834,0.002057343499147102,-0.006763021580829864,0.14326302256567533,100.4682,100.1406,0.39,6.188300132751465
2015-06-02,0.017454709017374448,0.05416697683877114,0.004868987707044248,0.005795190809458894,0.006182947669045147,-0.03404053019966047,-0.016043433549540076,-0.015118924399894595,-0.001009105165347357,0.002563078161324839,0.1317671109568247,100.4682,100.1406,0.44,6.189499855041504
2015-06-03,-0.02680059434295501,0.036367663122596205,-0.007903206348653491,-0.001012463812588571,-0.0027230418686310376,-0.023534732719465712,-0.003868021360291074,-0.019706108402156808,0.0021166294697554378,-0.004441211298029657,0.13176299630309854,100.4682,100.1406,0.55,6.188199996948242
2015-06-04,-0.027883469116188664,0.005532512278882962,-0.008306478391888028,-0.011172313562192393,-0.012806558818981295,-0.02814013947816607,-0.00010477280913079312,-0.01569436291785742,-0.00866056221510103,-0.011834209595643408,0.13233296100838518,100.4682,100.1406,0.5,6.18779993057251
2015-06-05,0.0192954173501656,-0.01959366318415956,-0.006061379691723268,-0.018327320137363934,0.002390720146859704,-0.013682652088524039,0.008864828236255562,-0.006210620311909665,-0.001437215232732214,-0.0069329096442780624,0.1340093632928962,100.4682,100.1406,0.55,6.191100120544434
2015-06-08,-0.016884543263818053,-0.03481848035542168,0.004613337822188868,-0.012788738903031671,-0.0022066222940734237,-0.009162555165780906,-0.010542287540516782,-0.021693687023223163,-0.006495560338305673,-0.015485813481730837,0.13401090569074836,100.4682,100.1406,0.54,6.193399906158447
2015-06-09,0.03382128277877072,-0.018451906594025402,0.003488706075129855,-0.014169020534946064,0.008980136568704,-0.006365366266122052,-0.0013650958383770728,-0.0070153493120601595,0.000418265519003036,-0.014058442797380444,0.13984469907477717,100.4682,100.1406,0.56,6.1956000328063965
2015-06-10,0.021223152732161132,0.02957184048109074,0.007446870892936275,0.0011810567066437017,0.011248354033135177,0.007606029635644163,-0.0054788530678120395,-0.008626181019581125,0.011970491752514079,-0.004204580514621803,0.14835974224895682,100.4682,100.1406,0.63,6.195700168609619
2015-06-11,-0.01080206646371007,0.04665324313356933,-0.0052408836542428006,0.004246651444288929,-0.028732886925181167,-0.00832029847055571,0.003480484687949925,-0.005040923522500407,0.001737116756528323,0.006193098457007551,0.16551982271761326,100.4682,100.1406,0.56,6.195799827575684
2015-06-12,-0.013418595714560055,0.013939230068843678,-0.0009326965120806108,0.009375334623931586,0.0024107588964905613,-0.008300259720924852,-0.00010531335613261916,-0.014011065114888588,-0.007018874653102358,0.0006114390366374067,0.1665786031819051,100.4682,100.1406,0.55,6.196599960327148
2015-06-15,-0.007365259749669839,0.02345851358299189,0.005498934994764504,0.010260931796507222,-0.015116519631154568,-0.021210157058005996,-0.0016862019290728725,-0.005154979503444679,-0.004633289621772008,0.0024737097531710717,0.17036911284802816,100.4682,100.1406,0.51,6.198299884796143
2015-06-16,0.007532059319889761,-0.0028307098758890703,-0.004057870754626158,0.002714354966751209,-0.012297962114706906,-0.0424882557414169,0.0020020284211872408,-0.0017878552438803652,0.005673730515754372,0.007729174749922407,0.1708040334715093,100.4682,100.1406,0.44,6.198999881744385
2015-06-17,-0.0008341488850076573,-0.02488801149305786,-0.003479129092530009,-0.008211645018715075,-0.0013334547650708517,-0.05507006453962293,-0.007395669598904142,-0.003704671774972468,0.0019776843950722878,-0.0022636326075193836,0.17136859742479962,100.4682,100.1406,0.42,6.198599815368652
2015-06-18,0.008806281031160879,-0.005279663998186912,0.021111827743485634,0.01814106637901336,0.0020946702184864163,-0.02424250739595535,-0.002760988594258329,-0.009946145057180722,0.009854000054009049,0.005853250689961342,0.15935358761479718,100.4682,100.1406,0.46,6.1996002197265625
2015-06-19,-0.013993234210886385,-0.005854302494513242,0.0,0.01907376289109397,-0.013983554038766388,-0.0406368203312123,0.0005314986899502827,-0.00930933301109782,-0.005317615237949269,0.0075545101051144314,0.1629988339593942,100.4682,100.1406,0.4,6.19789981842041
2015-06-22,0.0011736055381250665,0.002684562793281664,-0.014925691467098545,-0.0013508635707690786,-0.0015443819479018517,-0.02706468264795958,0.0025475599755928613,-0.005075571106432086,0.006076367981542319,0.018264167708428758,0.1581592274768719,100.4682,100.1406,0.47,6.19950008392334
2015-06-23,0.0220407966433811,0.017193300116773003,-0.0063562231970246685,-0.003649216013167589,0.01761822773169075,0.0028515071984380747,0.01159370555414263,0.004516106026523303,0.0006356664251931932,0.01322610361786758,0.17323592977770724,100.4682,100.1406,0.5,6.19950008392334
2015-06-24,-0.012203282562252227,0.005824166439528433,-0.0030653768027377737,-0.0032354637233753536,0.0047344268996004635,0.00891938886310939,-0.0017829798290875942,0.010128795796339851,-0.007380465718305196,0.003867953504490096,0.1716542053806149,100.4682,100.1406,0.48,6.196800231933594
2015-06-25,-0.009502441912057513,-0.012484556503689959,-0.0009385057618116477,-0.025285797228672635,-0.0003779916631843072,0.006446726981438666,-0.0007350978870448444,0.012154686503553336,-0.0029780041565965476,-0.0089640507061155,0.16829789553068406,100.4682,100.1406,0.49,6.1971001625061035
2015-06-26,-0.0011732121307170829,0.0003354655764793435,0.0011943563947358626,-0.024091440833936772,-0.00018900435455782016,0.020241276665647234,0.002937154885258586,0.014560342698861639,-0.00039015574492218263,-0.004036591213088414,0.16744895990419176,100.4682,100.1406,0.57,6.199399948120117
2015-06-29,-0.02204224889054629,-0.022880388852192013,0.0047631080335994724,-0.004402641333238755,-0.0024604936331158456,0.01932516498043324,-0.007148146672760092,0.004864636050508686,-0.021086969508611553,-0.031199928703242286,0.163868968709328,100.4682,100.1406,0.46,6.198999881744385
2015-06-30,0.019355432088022262,-0.02556575340755085,-0.005957464428335335,-0.004003882564549421,-0.005701218880976966,-0.003994281632234475,0.007357579467432984,0.0006285099637990399,0.002654962352467649,-0.02918063277596783,0.16354510562840302,100.4682,100.1406,0.48,6.198800086975098
2015-07-01,-0.04312275321431258,-0.056485224059611205,-0.0021362964757827285,-0.003074802237594376,0.00456355435896294,-0.004165154172871999,0.008550622632451876,0.01096211242533851,0.006912096434636972,-0.014888070623025662,0.16260692241477245,100.3227,99.98473,0.54,6.190999984741211
2015-07-02,-0.0005268027070233217,-0.047509584854577014,-0.005145808953403552,-0.007282105429186281,-0.0003794791409374998,-0.004166641650625191,-0.002078755037570268,0.009618455274813087,-0.00030807018954703835,-0.012218136655976153,0.16270793312272974,100.3227,99.98473,0.49,6.191500186920166
2015-07-06,-0.0804380365958739,-0.12677440931973383,0.008476461823922143,0.0,-0.0353489411134138,-0.03932657840948117,0.0019749753084470356,0.008656275698001537,-0.0038692326988973846,-0.015697213609951355,0.19667530138240572,100.3227,99.98473,0.43,6.195700168609619
2015-07-07,-0.00381455635301009,-0.10854671678219763,-0.01763258994680683,-0.022395697980406304,-0.036848385260154215,-0.07371447003651954,0.005901551297379015,0.021705973668140643,0.006062560593869115,0.011452316492529313,0.2273835190249901,100.3227,99.98473,0.4,6.19920015335083
2015-07-08,-0.01307963026633363,-0.14098177913655352,0.009414090400743369,-0.0070241431513276,0.021393338241913695,-0.04661991291362888,-0.006005421031357372,0.008342973169350287,-0.016792964912141883,-0.00799561077208022,0.2450395423441145,100.3227,99.98473,0.39,6.199999809265137
2015-07-09,0.02164208283872293,-0.07621694308351801,-0.0037032714567715175,-0.008591118132316389,0.02133630478472459,-0.02984716248786723,0.0033177810868902924,0.0031101316237887033,0.0022596476448200065,-0.012648059561897185,0.25666652470171175,100.3227,99.98473,0.47,6.198999881744385
2015-07-10,-0.0007580951965908689,-0.07644823557308555,-0.0011223283049073274,-0.004567637483820164,-0.004898627360518826,-0.034366310707448555,-0.006021631908907921,-0.0008327452475489494,0.012262986385008112,-7.700298734203415e-05,0.2511853687345842,100.3227,99.98473,0.55,6.198800086975098
2015-07-13,-0.010291703246157802,-0.00630190222336946,-0.002161789164397021,-0.015205888472139328,0.00392080107251902,0.004903431478484266,0.008606013338265939,0.005798292782269954,0.011005268507354948,0.014797498218910299,0.23575161756514768,100.3227,99.98473,0.58,6.1992998123168945
2015-07-14,0.015963853634389125,0.013476507764029755,-0.0016460063008070236,0.0007806951738604795,-0.004313699895167056,0.037438116843471425,-0.002273915405680782,-0.0023771739207898435,0.004443273236500289,0.013178210861541473,0.23513831872625793,100.3227,99.98473,0.56,6.198400020599365
2015-07-15,-0.031213660039325575,-0.004657522008962189,-0.00530329228715587,-0.01393668751403876,-0.005517325228243886,0.010527453373313844,0.005057531266076332,0.00868577837664386,-0.0007352563007367863,0.02923591947294657,0.23112816738302966,100.3227,99.98473,0.52,6.19890022277832
2015-07-16,-0.009773338182318625,-0.036072943030003746,-0.0029680531118785325,-0.013201469169145774,0.00039516631575897687,-0.01041368509565177,0.005441836995216498,0.010809834284970066,0.007982733444475087,0.03495900527260165,0.2284171252273176,100.3227,99.98473,0.52,6.19920015335083
2015-07-17,-0.0003929363098409411,-0.03570778414325382,-0.010546766320175038,-0.022625907184413485,-0.010722973577088957,-0.0162380313122219,0.0020457959658912728,0.01887726215976926,0.0011055716244507963,0.023801590512044335,0.23050545289461286,100.3227,99.98473,0.51,6.19950008392334
2015-07-20,-0.014647883772951786,-0.0400639646700478,-0.02242675870016253,-0.042890876720178994,-0.008218927765657802,-0.028377760150398723,0.0017356497233276258,0.012006898544830946,0.000770936624001628,0.013567258628691015,0.23085199810705445,100.3227,99.98473,0.56,6.19950008392334
2015-07-21,0.004178676461672026,-0.0518491418427649,-0.002986226185726082,-0.04423109660509805,-0.0026201791930785534,-0.02668423944831022,-0.007166256570040552,0.007114557380471176,-0.004270796242723307,0.004853189149467418,0.22717591627603062,100.3227,99.98473,0.53,6.19980001449585
2015-07-22,-0.02350689840676079,-0.044142380210200116,-0.0109350458429196,-0.04986285016086178,-0.018741638220461376,-0.03990855244052771,0.0027701925337897393,0.004827218648184584,-0.002390565020189861,0.0031978804300143437,0.2342963337921119,100.3227,99.98473,0.53,6.1996002197265625
2015-07-23,-0.015157968805435296,-0.04952701083331679,0.0023794058603039403,-0.04451539118867931,-0.01909960681957712,-0.05940332557586381,-0.004930122193560926,-0.005544740540592841,-0.005692210211379667,-0.01047706322584041,0.22808503604705702,100.3227,99.98473,0.49,6.199399948120117
2015-07-24,-0.006418934407471433,-0.05555300893094728,-0.007707896950271298,-0.04167652181877557,-0.001678183123117294,-0.050358535121892145,0.0012347718878027436,-0.00635576461868137,-0.01076102069666085,-0.022343655546952057,0.22580660152614787,100.3227,99.98473,0.51,6.19950008392334
2015-07-27,-0.015702196576083516,-0.05660732173407901,0.009990481826287478,-0.00925928129232556,-0.013102426737394035,-0.05524203409362838,-0.007639119134343453,-0.01573053347635245,-0.00579175506506413,-0.028906347236017815,0.2268077011783764,100.3227,99.98473,0.5,6.1996002197265625
2015-07-28,0.012373024770665708,-0.048412973425085326,-0.00018237063843162815,-0.006455425745031107,0.02208988824816205,-0.030531966652387776,0.0027939858580934285,-0.005770291048218468,0.01231007380188931,-0.012325477191405199,0.2458713114753319,100.3227,99.98473,0.51,6.19950008392334
2015-07-29,0.016741144721566847,-0.008164930296757689,-0.0032892653285676587,0.0011903547693208338,0.002078519105968679,-0.009711809325957721,0.0021678120888717345,-0.0063726714931364725,0.007292142927383338,-0.0026427692438319994,0.24686257930442937,100.3227,99.98473,0.52,6.199399948120117
2015-07-30,-0.005549299082011849,0.0014437394266657577,-0.003942902550703842,-0.005131953641686948,-0.011065980616736693,-0.001678183123117294,0.005962742031149659,0.004520192731574113,2.836690402219233e-05,0.00307780787156986,0.24792894705418525,100.3227,99.98473,0.51,6.198999881744385
2015-07-31,-0.029278576835034542,-0.02141590300089735,0.005954306837122836,0.008530250145707186,-0.0058959693860489715,-0.0058959693860489715,-0.0019493651247080024,0.001336055719063367,-0.002274103801051197,0.011564724767179513,0.24569088010846166,100.3227,99.98473,0.46,6.199699878692627
2015-08-03,-0.042264407545803184,-0.04797811397061702,-0.005035948817229574,-0.006496180497809867,-0.008483605612561895,-0.0012771482612168317,0.0012316035305293127,0.010206778383936133,-0.0027606939449054124,0.01459578588733823,0.24532986397395146,100.3227,99.98473,0.46,6.19980001449585
2015-08-04,0.012540116160906667,-0.04781102258037606,0.001192538806868093,-0.005121271052510146,0.00742705731347193,-0.01593997919590695,0.0045031541200915015,0.011915946645934206,-0.0022522391669328456,3.347291851607537e-05,0.22351793536462258,100.3227,99.98473,0.52,6.199699878692627
2015-08-05,-0.012982911631692406,-0.07753507893363532,-0.00459475190306069,-0.006426757627003177,-0.005086947844634149,-0.023105446146509778,0.0003062818890686714,0.010054416446131142,0.003109838185491043,-0.00414883182337622,0.1879853679670731,100.3227,99.98473,0.58,6.1996002197265625
2015-08-06,-0.010912070663406492,-0.08289785051502996,0.004136225578012187,0.001652370501712852,-0.0021271550453062504,-0.014166620575079336,-0.0013279255520002309,0.0027637488629812523,-0.007783195922561603,-0.011960394649960016,0.16776523418947673,100.3227,99.98473,0.56,6.199699878692627
2015-08-07,-0.01784755216451428,-0.0714668258445097,0.0035709643265038338,-0.00073097200890615,-0.002772154709512198,-0.011042805898542563,-0.0027637488629812523,0.0019493651247080024,-0.0028790228563382314,-0.01256531370524705,0.14246518108902834,100.3227,99.98473,0.52,6.199699878692627
2015-08-10,0.02454249439144185,-0.0046599239072646625,0.009188961461124023,0.013493938269447447,0.027797108197042397,0.02523790791106173,-0.004108406497550732,-0.003390644903372042,0.01272683563202559,0.002922215871683953,0.180438408447299,100.3227,99.98473,0.55,6.199699878692627
2015-08-11,-0.04271429043050512,-0.05991433049867645,0.0030744436249161566,0.015375843087495511,-0.02801065384532364,-0.01019980324773384,0.0013370765721241185,-0.006556722451339425,-0.00960306468018235,-0.004428609641565551,0.19875288196199387,100.3227,99.98473,0.49,6.199699878692627
2015-08-12,0.005093722596817507,-0.041837696270166536,0.013986220544715877,0.03395681553527208,0.008295279484987983,0.003182424081888291,-0.010643332330368516,-0.017506336670776612,0.0009496036382143913,-0.006588844188842202,0.2033872972348614,100.3227,99.98473,0.52,6.314899921417236
2015-08-13,-0.025021759282517486,-0.05594738488927753,-0.0066997439646439005,0.02312084599261599,0.0021159025869935677,0.007425481714188109,0.0019718216436501734,-0.014206589475126208,-0.0012760258683810477,-8.167413466164675e-05,0.20418578613530722,100.3227,99.98473,0.57,6.376999855041504
2015-08-14,0.0063732178242936754,-0.031726614900469574,-0.0025127239178521776,0.01703715774825998,-0.0006342705630065781,0.009563365860693729,0.0012434231077653735,-0.010199417504379582,0.00390433227435949,0.006701680996036075,0.20398775946344644,100.3227,99.98473,0.58,6.388899803161621
2015-08-17,-0.01493452140959528,-0.0712036307015067,0.005108638645219266,0.012956834932355221,-0.013414488675496883,-0.03164823101184555,0.002585450540881773,-0.0035055604659470774,0.005197891709402214,-0.0008272629265873022,0.20543644272590766,100.3227,99.98473,0.58,6.381800174713135
2015-08-18,0.01775404708833328,-0.010735293182668304,-0.0013418618399914095,0.008540529467447655,-0.01533675174827287,-0.01897432891479478,0.0015480835453596242,-0.0032945534927115716,-0.002628982935632962,0.006146818817962085,0.20899427933546968,100.3227,99.98473,0.62,6.384699821472168
2015-08-19,-0.04364153889848987,-0.059470554677975684,0.009798760247176297,0.004353069169908075,-0.006113529607987167,-0.03338313800776993,-0.005273259755354864,0.0020755190823020797,-0.008289136409596942,-0.0030919212298492482,0.20911149597406806,100.3227,99.98473,0.55,6.383800029754639
2015-08-20,0.008298806678227688,-0.02614998871723051,0.021832461299938544,0.03288527443449052,0.017369069876730703,-0.018129970718032795,-0.007387777088806224,-0.007284079650154318,-0.021325960454146475,-0.023141855815614676,0.2141578692652962,100.3227,99.98473,0.53,6.385799884796143
2015-08-21,-0.016914207023049688,-0.04943741356457387,0.005707855724575772,0.04110585407691847,-0.006911488788341247,-0.024407188943367464,-0.009654793856307187,-0.018182296614226878,-0.03236924252187823,-0.05941543061185239,0.2060281059061526,100.3227,99.98473,0.52,6.379000186920166
2015-08-24,-0.056184530289637546,-0.09068742244461614,-0.005360973645283984,0.03063624178641522,-0.01660871595937896,-0.027601416227249542,-0.016158577122983964,-0.036926324278092615,-0.04021144434651891,-0.10482476666777352,0.21249597839893156,100.3227,99.98473,0.52,6.378900051116943
2015-08-25,0.027596842292510804,-0.08084462724043862,-0.01326609907875298,0.01871200454765365,0.023520204747720208,0.011255540268743536,0.012989974442434438,-0.0254844333810178,-0.013614249742656348,-0.1158100334747969,0.22645905697531923,100.3227,99.98473,0.59,6.394400119781494
2015-08-26,-0.018226737428427953,-0.055429825770376695,-0.012020629120604198,-0.003107384820126846,-0.03148490435665463,-0.014115834479923928,0.00601172198245159,-0.014199451643211347,0.038291299434532355,-0.0692295976306676,0.23483393675467112,100.3227,99.98473,0.65,6.402900218963623
2015-08-27,0.0976626403603218,0.03393400791171741,-0.0019581236090830956,-0.026897969729148485,0.03620905153615228,0.004724147179497651,0.005348469974767234,-0.001463204579637889,0.024007254489689878,-0.023896382686831252,0.2712741384564214,100.3227,99.98473,0.6,6.401000022888184
2015-08-28,0.060624616544020515,0.11147283147878762,0.009487946300354544,-0.023117879153369714,0.005341240850646023,0.01697687681848492,0.005215951704626853,0.013407540981296151,0.0006085511568763025,0.009081410991923278,0.269924434103006,100.3227,99.98473,0.58,6.395299911499023
2015-08-31,0.08435414516057671,0.25201150692900187,-0.0013246789876699694,-0.0190815844957557,-0.003628933772918841,0.02995665900494504,-0.0016661845377452522,0.027899933566534862,-0.008427078663983956,0.04086577667445823,0.2694889961766539,100.3227,99.98473,0.58,6.378499984741211
2015-09-01,-0.08016129725552856,0.1442533673809625,0.006254679083375514,0.00043919366637279467,-0.015300395050552695,-0.008863940793327862,-0.00522467244856184,0.009685286675538585,-0.030022649842428528,0.02445737657468605,0.2730141282058539,100.0086,99.63147,0.6,6.366399765014648
2015-09-02,0.018329122208800896,0.18080922701819135,-0.00545963957878115,0.007000183208195843,0.013159476041054052,0.03578043960438082,0.003973289263555557,0.007646853956642552,0.018127671423214586,0.004293748563368283,0.2759294768276659,100.0086,99.63147,0.64,6.354499816894531
2015-09-03,0.010752791776261983,0.09389937843413154,-0.007800809896323813,0.0011574969209551256,0.024138440506091596,0.023709828574320135,0.006034161198041232,0.00833254517991655,0.0011641156994190993,-0.018549390226902496,0.2883017321424992,100.0086,99.63147,0.64,6.345900058746338
2015-09-04,-0.01508650960101221,0.018188252289098816,-0.0027625341162806905,-0.011092983495680109,-0.029941777783681345,-0.011573190060007232,-0.0018687744082450664,0.001247819067044631,-0.015448308754276496,-0.034606250138055294,0.30726776394188665,100.0086,99.63147,0.62,6.345900058746338
2015-09-08,-0.0023915787658754795,-0.06855747163735337,-0.00017844816814349684,-0.009946752676153636,0.05003143439239055,0.04208717810530216,-0.0036438133326432975,-0.0007298097278534144,0.024773637197038845,-0.0014055342770324941,0.35349280258698457,100.0086,99.63147,0.67,6.355899810791016
2015-09-09,-0.03974320575659629,-0.0281393801384211,-0.01637764802791075,-0.0325790797874399,0.0016390853437213693,0.05902665849957622,0.0013549940394694815,0.005849856760177907,-0.013995035769085007,0.014622079796311027,0.3407621675799693,100.0086,99.63147,0.65,6.3572001457214355
2015-09-10,0.03930775052521396,-0.007160751822008038,0.006601325224117716,-0.020518114984541036,0.004900906408431549,0.05076808886695372,-0.005745072972556109,-0.003868505475933759,0.005264075444936012,0.0017584838180324525,0.32452372116191147,100.0086,99.63147,0.64,6.367800235748291
2015-09-11,-0.028494409562573875,-0.046407953160843896,-0.005422516675857025,-0.01813982176407425,0.0030509261809733568,0.02968057454183548,-0.002832382076127793,-0.012735048750102784,0.004477006444986387,0.00507137456359974,0.3238014068286888,100.0086,99.63147,0.61,6.367199897766113
2015-09-14,-0.014216668655591125,-0.04553811221542281,0.0037988027454547435,-0.011578484902338815,-0.019688847480722083,0.03993350484479474,0.0006300940958787749,-0.010236180245978943,-0.0040980412230444685,0.016421642094831768,0.3324028574451176,100.0086,99.63147,0.62,6.364999771118164
2015-09-15,0.013319988143144723,-0.029826545306402608,-0.004433305016104505,-0.015833341750299823,0.009072257580236553,-0.001025671967359254,0.0037724094743074588,-0.0028199574390281867,0.012749687631433027,0.0043976925292259494,0.33351268813541723,100.0086,99.63147,0.72,6.357900142669678
2015-09-16,0.05582441938028504,0.06574107983047872,0.014761656297426207,0.015305962575037135,0.010413497068107236,0.0077487397570266126,-0.00198924258257982,-0.006164194061077488,0.008667740715376127,0.027060469013687083,0.33035008962527446,100.0086,99.63147,0.73,6.360000133514404
2015-09-17,-0.005316333454726152,0.02111699585053861,-0.0016989964683835623,0.007005640882535857,0.0,0.0028478333485950635,-0.00915935351741659,-0.00957847460593797,-0.0025643444425602624,0.01923204912619081,0.3240920143679906,100.0086,99.63147,0.63,6.360899925231934
2015-09-18,-0.048491726955710135,0.001119678457402351,0.01844507958106245,0.030873237139455334,-0.026552905060382104,-0.026755997892760397,0.003273299502549065,-0.003472793027261112,-0.01629623095438415,-0.0015411882731797277,0.3389605233750753,100.0086,99.63147,0.58,6.355999946594238
2015-09-21,0.043789832924713945,0.05912618003770742,-0.004402965995981667,0.022671468398018924,0.0006255411604668693,-0.006441609251571445,0.010799567916796704,0.006696680793656817,0.004555392033672945,0.0071122449835376855,0.33452769743957406,100.0086,99.63147,0.66,6.354300022125244
2015-09-22,-0.018376875481746602,0.027429316412816096,-0.007174182201744372,0.019930591212379056,-0.038895582351700986,-0.054409449183508984,0.004058905435726068,0.0069831767550754265,-0.012394930019378414,-0.018032372667273755,0.3619154598505955,100.0086,99.63147,0.63,6.359099864959717
2015-09-23,-0.029899298823344633,-0.05829440179081358,0.005849503214074403,0.011018438129027253,-0.0006503593927374984,-0.06547330564435372,-0.002183510991144111,0.0067889083465111355,-0.002050744229593171,-0.028750857612243053,0.35687480292595625,100.0086,99.63147,0.64,6.366000175476074
2015-09-24,0.00962084405113206,-0.043357224284955365,0.01942834628959389,0.032145780887004705,0.002815380583226834,-0.06265792506112688,-0.0008330921243224765,0.01511516973960525,-0.0033686518713071933,-0.029555165040989984,0.34731608214499293,100.0086,99.63147,0.64,6.373700141906738
2015-09-25,0.01743783089266726,0.02257233356342203,-0.0067832668675036345,0.006917434438438619,-0.008906301564478136,-0.04501132156522292,0.002912711799161194,0.014754582036217379,-0.00046590180122052516,-0.013724835887826359,0.33009131634690336,100.0086,99.63147,0.71,6.373300075531006
2015-09-28,-0.02818339077817189,-0.049400890139463804,-0.01229163851155679,-0.0009712380771365048,-0.01561331268438737,-0.06125017541007716,-0.002496078981692129,0.0014589351377285453,-0.026001211162808957,-0.04428143908430826,0.3082363318353697,100.0086,99.63147,0.71,6.364099979400635
2015-09-29,0.017845649552449494,-0.013178365105267709,-0.004338039176050579,0.0018649049485572888,-0.0011087958584284907,-0.02346338891680466,-0.0014589351377285453,-0.004058905435726068,0.0012320939129821795,-0.030654415151947667,0.30720940064891195,100.0086,99.63147,0.66,6.358799934387207
2015-09-30,-0.003100077551887459,0.013620856166189466,-0.010345205714490824,-0.014329803980007938,0.04001403915618129,0.017201009632114128,0.004785684223074682,0.002910289778492725,0.018895898603564554,-0.009707772318789942,0.3396482489803463,100.0086,99.63147,0.65,6.353600025177002
2015-10-01,-0.007792502239062582,-0.0037924901240051767,-0.001166120109355795,-0.03492427037895762,-0.016333957733924542,-0.0019483286850372483,-0.001661951477935908,0.0020814304248792936,0.0019719386783378923,-0.004367181769144857,0.3402590704349126,99.88792,99.48756,0.59,6.347099781036377
2015-10-02,0.01772308716139559,-0.003507233855276848,0.020344525396983393,-0.007796478114470595,0.009488997280657108,0.016446970160097996,-0.0037496200826128145,-0.004580901456894715,0.01421379301640524,0.010312513048480909,0.3387185533679759,99.88792,99.48756,0.51,6.346099853515625
2015-10-05,0.01568653978056389,0.04036269670345893,0.0008790436760319764,0.005374204073118172,0.013007939506267552,0.04506822235075292,0.002917567722751535,0.0008327452475489494,0.018124593518502152,0.05443831772979202,0.3307964696169179,99.88792,99.48756,0.56,6.346099853515625
2015-10-06,0.047904517743583064,0.0704215648945925,0.007615313750683583,0.017327556999852334,-0.00042378790625829943,0.04575323030292311,-0.006786073198685294,-0.004494392813407799,-0.003594689344143198,0.04961153447266664,0.3131408519068198,99.88792,99.48756,0.53,6.346099853515625
2015-10-07,-0.014947286901606738,0.058574355544873224,0.0019165012618254096,0.029589263976168567,0.005284886089396701,0.011024077236138519,0.00041894549962506744,-0.008861131536857414,0.008003519857552988,0.038719155726655075,0.2580210379444496,99.88792,99.48756,0.53,6.346099853515625
2015-10-08,0.03332268213082612,0.09968953991476193,-0.0037494475801524985,0.027005936505371864,-0.010384805474034975,0.016973229496028086,-0.0018865984577356443,-0.00908577851665715,0.00877978014455838,0.04552699719287556,0.2596364936053451,99.88792,99.48756,0.54,6.346099853515625
2015-10-09,0.004037977628147615,0.08600443038151395,0.010082743094216085,0.016744154202604555,0.0293892573106731,0.03687348952604408,-0.0053647858495953216,-0.010700944283639657,0.0007248485605151345,0.032038052736985456,0.2807199353724069,99.88792,99.48756,0.58,6.343500137329102
2015-10-13,-0.00938570530271532,-0.03929487494047024,0.000772321131433884,0.016432090908310215,-0.011640171219211792,0.013682995862770109,-0.0008438207494778638,-0.007359900152886567,-0.0068488236901274036,0.011933989349832252,0.274976894827878,99.88792,99.48756,0.54,6.313000202178955
2015-10-14,-0.00042873436727974834,-0.024776322406143247,0.012191571448331828,0.026707161094816634,0.011846789151910175,0.020244898925283583,-0.008797574578778722,-0.016576420231290356,-0.004727430911938946,-0.0007969614196596808,0.27635152055079876,99.88792,99.48756,0.5,6.332300186157227
2015-10-15,-0.005590174098760059,-0.06368917863572943,0.006587902904208853,0.037044511579177986,0.0024762875719400723,0.03310599197125863,0.004673427882244674,-0.010016393891310038,0.014743551351354967,0.005166809787136906,0.27382568390129625,99.88792,99.48756,0.54,6.337699890136719
2015-10-16,0.018795881386134194,-0.04893127487774285,-0.003626441948680892,0.02333532653628101,-0.007862673523832853,-0.004145938863247323,0.001799779911472399,-0.0028518281302423176,0.004560061373696911,0.009002022600318682,0.27492780726733773,99.88792,99.48756,0.56,6.33620023727417
2015-10-19,-0.029417021136746158,-0.02602575351936709,-0.008740287853461481,0.007185065681832192,-0.014858512973390803,-0.0200382809925852,0.004432705611112198,0.0012645180765726849,0.00027050894387325997,0.007997867066858788,0.26403692846853244,99.88792,99.48756,0.59,6.342599868774414
2015-10-20,-0.007436608149951507,-0.024076656366603277,0.003997752165893154,0.010410496716291462,-0.0008437433475184664,-0.009241853120891874,-0.00115906036648461,0.0009492784595659387,-0.0014221010558941316,0.01342458970109206,0.2640064138239625,99.88792,99.48756,0.6,6.350100040435791
2015-10-21,-0.007713503239096475,-0.031361425238420004,-0.008867746141183908,-0.010648820873224274,-0.002323795184629218,-0.023412437457431268,0.0021064207475669505,0.011853273785911611,-0.005842448911133502,0.012309571701897504,0.22458110133406292,99.88792,99.48756,0.59,6.338399887084961
2015-10-22,0.003974399171454923,-0.021796851968205022,-0.0008568246783458022,-0.01809354845577893,0.008634335717079167,-0.017254389312292173,0.013480462148423022,0.02066030805208996,0.016490847012593512,0.01405686736313605,0.2259359078850603,99.88792,99.48756,0.57,6.339300155639648
2015-10-23,-0.017337678075345142,-0.05793041142968436,-0.002832678595479088,-0.017299785102577125,-0.014574182380485134,-0.023965898168944455,0.007548801390532489,0.02640932953115005,0.010969953969042656,0.020466759958481795,0.23269102742488665,99.88792,99.48756,0.58,6.3480000495910645
2015-10-26,-0.01399885009532209,-0.04251224038826029,0.003175517490032753,-0.005383979759082891,0.0027621417657159864,-0.006345243429837666,-0.0021657213037995504,0.0198109026162383,-0.0019149330010996835,0.01828131801350885,0.23006917746000516,99.88792,99.48756,0.59,6.339099884033203
2015-10-27,-0.017894461807464346,-0.05297009404577313,-0.00017135244509436376,-0.009553084370070408,0.0006363897618475445,-0.004865110320471655,0.0005161072587629434,0.021486070241485855,-0.0025573858650878023,0.01714603320431518,0.22172394093400058,99.88792,99.48756,0.57,6.343200206756592
2015-10-28,0.06149565445710836,0.016239063650431707,0.008788764836116236,0.008103426607229736,-0.0014854049077643872,-0.004026720043606824,0.008937294131095008,0.028316943625013913,0.011770488488143549,0.03475897060359223,0.2217965637014387,99.88792,99.48756,0.63,6.343200206756592
2015-10-29,0.002608756839993287,0.01487342131897007,-0.025729617395093385,-0.016769366109517847,-0.016702758194271916,-0.029363813954957907,-0.005126638996808985,0.009709842479781905,-0.0004498753806609912,0.017818248210337728,0.18327214558910257,99.88792,99.48756,0.67,6.349299907684326
2015-10-30,0.011441004896024953,0.043652104290340166,-0.004980961312634591,-0.01891764882667335,-0.0008641579636213814,-0.015653789538094154,-0.003398055458496252,-0.001237014369246836,-0.004821481688424889,0.002026812552870183,0.17416030823168513,99.88792,99.48756,0.63,6.346700191497803
2015-11-02,-0.009705689586471333,0.04794526479919092,-0.005005895536445593,-0.027099061853151696,0.0008641579636213814,-0.01755177334018876,-0.00020627855808363904,0.0007224283764690753,0.011803876338814412,0.01574562189278428,0.17084773650538,99.88792,99.48756,0.65,6.30810022354126
2015-11-03,0.037435296755023106,0.10327502336167838,-0.01920067667017289,-0.04612838607823022,0.004954186517789783,-0.01323397658424652,0.002370070172573513,0.002576391290279645,0.0027243529250675635,0.021027360682939644,0.165133358385926,99.88792,99.48756,0.65,6.327400207519531
2015-11-04,-0.0335417095960624,0.008237659308507617,-0.0069347342721268745,-0.06185188518647333,-0.003228210464800818,-0.014976782141282952,0.008097971408763449,0.0017370685679480857,-0.003551666939647369,0.0057052052551487265,0.165366150814322,99.88792,99.48756,0.68,6.326099872589111
2015-11-05,-0.024476722958939323,-0.018847820490424994,-0.0018996573289280505,-0.038021925120308,-0.02886707567528235,-0.027141099622293385,-0.00010204203252595079,0.00676166553223112,-0.0011327897564985534,0.005022290879311164,0.19000494424645467,99.88792,99.48756,0.71,6.325900077819824
2015-11-06,-0.02033816511107256,-0.050626990497522506,-0.015328811851509805,-0.04836977565918321,-0.005339316012164308,-0.03161625767083631,0.012379672896564387,0.02253939388729176,-0.00034768178002320127,0.009496090787712852,0.18813821299571987,99.88792,99.48756,0.75,6.33620023727417
2015-11-09,-0.009528247775463239,-0.05044954868651441,0.0002758435578282814,-0.04308803656490934,-0.0051436463400902355,-0.03762406197454793,-0.0018169006592954062,0.02092877178607999,-0.009871290656502829,-0.012179076207604389,0.14908032936439508,99.88792,99.48756,0.76,6.343100070953369
2015-11-10,0.007720296298707741,-0.08016454914282978,0.0002756553127856165,-0.023611704581950832,-0.006072199030166425,-0.04865044752250414,0.0031270268272329815,0.02168572844073946,0.0015094551534495793,-0.013393973979222373,0.1481860400054451,99.88792,99.48756,0.77,6.352200031280518
2015-11-12,-0.027871438048288066,-0.079397652420512,-0.0036018532070940523,-0.02160067033842683,-0.01982064895550195,-0.03637581033792292,-0.0036426287741040397,0.007223176734483694,-0.01408916333663246,-0.026031987941277812,0.1452131235384363,99.88792,99.48756,0.78,6.357500076293945
2015-11-13,-0.024488999298726277,-0.08354848660816572,0.0,-0.006271858486917026,-0.0013815433286241685,-0.03241803765438278,0.003440565415225194,-0.0017159307468554985,-0.011270640432154977,-0.03695494659340959,0.1432700667204875,99.88792,99.48756,0.76,6.359300136566162
2015-11-16,0.024249489863344742,-0.049770748969357737,0.0026795140483333313,-0.003868187996411976,-0.024254941122975993,-0.05152933243726854,0.0045356584025562086,0.004636628314996116,0.014793302794234187,-0.012290353142672572,0.15749644387170958,99.88792,99.48756,0.76,6.363800048828125
2015-11-17,-0.025969266964595672,-0.08346031223266115,-0.013938156030504523,-0.018081999339702115,-0.005919301121044551,-0.051376434528146664,0.0019088247349365872,0.003418426222699722,-0.0013402770182464607,-0.015140085314368612,0.15423676714281812,99.88792,99.48756,0.72,6.361199855804443
2015-11-18,0.0019651647899840974,-0.052115049658281176,9.365862579890916e-05,-0.014766836563466335,-0.01314703474623613,-0.0645234692743828,0.00020076548224245983,0.00644318526085641,0.016033229877171706,0.0041264518843719955,0.1552757737532757,99.88792,99.48756,0.71,6.368599891662598
2015-11-19,-0.005166676079709109,-0.02941028768970222,0.008570903001564822,-0.00259408035480746,-0.0007221710252252045,-0.04542499134410605,-0.006645248619735256,0.003440565415225194,-0.001123740328979217,0.01709187489202524,0.1558841165708343,99.88792,99.48756,0.68,6.374899864196777
2015-11-20,-0.003706949143293503,-0.008628237534269445,-0.0014853099349743104,-0.00407939028978177,-0.010894691476327711,-0.05493813949180959,0.005842097983605576,0.005842097983605576,0.0038029552801495115,0.03216547060432973,0.14692990539361497,99.88792,99.48756,0.66,6.373000144958496
2015-11-23,0.03311723683299572,0.00023950943538153524,-0.008958603455464065,-0.015717507793579166,-0.016939098697535626,-0.047622297066369224,0.0023073025610971243,0.003613742142146492,-0.0012356238416844079,0.016136543968411132,0.14866289605971886,99.88792,99.48756,0.64,6.375
2015-11-24,0.026472804397806637,0.052681580797783845,0.007005773045099417,0.0052264212820247735,0.01669565924162386,-0.02500733670370081,-0.002709119902856827,-0.001004202495646922,0.0012212499449608671,0.01869807093161846,0.16713597249866982,99.88792,99.48756,0.62,6.379300117492676
2015-11-25,0.003957681430403426,0.05467409743820317,-0.003543503093865752,0.0015892595623601125,-0.004392307898489878,-0.01625260985595456,0.002709119902856827,0.001504151924967445,-0.00012914061496704932,0.0025357004394797045,0.1653079280722857,99.88792,99.48756,0.62,6.379799842834473
2015-11-27,-0.031389050866049484,0.0284517226518628,-0.013448313986904381,-0.02042995742610909,0.0029303090570875767,-0.012600129773641777,0.0022019185319805956,0.010351319076683296,0.0005934415594808229,0.004252882327939744,0.16778361394525698,99.88792,99.48756,0.62,6.3796000480651855
2015-11-30,-0.0014394810104261246,0.030719190784730177,0.009048221633438658,-0.009896425857696123,-0.0029303090570875767,-0.0046357473544016425,0.0014985919160670491,0.006007813009144769,-0.004651800139618523,-0.00420187309182829,0.16405887295808608,99.88792,99.48756,0.62,6.385000228881836
2015-12-01,0.004790355226217624,0.002392309177952079,-0.001878287468333184,-0.002816109870565242,0.010703014184396564,0.023006365527530548,-0.0037005104480476447,0.0,0.010623938946739742,0.00765768969659586,0.17319573686011347,99.68193,99.25968,0.58,6.388199806213379
2015-12-02,-0.0467134668709992,-0.07079396209085376,-0.009065310104538149,-0.018887193020202808,-0.018313247584370917,-0.012002541298464231,0.001901945727163401,0.004611065630020228,-0.01105659263944947,-0.004620152887814477,0.17718392105523925,99.68193,99.25968,0.62,6.388800144195557
2015-12-03,0.028143136029437965,-0.04660850749181922,0.007089211925615402,-0.008254478000721654,0.013219262345140259,0.005609028945165906,-0.023987741028872023,-0.02208579530170862,-0.014477826444149855,-0.018968838716997283,0.18589175379998307,99.68193,99.25968,0.72,6.388800144195557
2015-12-04,-0.027392226369540307,-0.04261168299531004,0.02124770023791367,0.026441536224096396,0.008716707979375071,0.0113954278674534,0.007450110725840453,-0.016837603107848764,0.020317856363851305,0.0007555760873731998,0.1925382430447891,99.68193,99.25968,0.68,6.387499809265137
2015-12-07,-0.05979620848982137,-0.10096841047470528,-0.007496888732961615,0.009896425857696123,-0.014325736924540977,0.0,0.003147103603788004,-0.01518909142012781,-0.007014043960397842,-0.0016066677334061197,0.1760182165983424,99.68193,99.25968,0.67,6.39109992980957
2015-12-08,-0.0037254754272808555,-0.10948424112820376,-9.288389706618716e-05,0.01168182942896312,0.0017104388100550594,-0.008992575374341505,-0.0019276872676616819,-0.013416268239741846,-0.00651105262559426,-0.01874165930574012,0.1773517545890855,99.68193,99.25968,0.68,6.398200035095215
2015-12-09,-0.009374609507215581,-0.07214538376442015,0.0012070448032925896,0.02195418433679386,0.005842200349855942,0.015162872559885354,-0.011439229512356874,-0.026757443479262122,-0.0077690863656929565,-0.015454153031983608,0.18074321244140584,99.68193,99.25968,0.69,6.407199859619141
2015-12-10,-0.010822658012053399,-0.11111117780591151,-0.004184690258079549,0.010680282153098908,0.0024242990980936074,0.0043679093128387025,0.006042355057687132,0.003272652607297033,0.002248856578594527,0.0012725299907607734,0.18177664241888755,99.68193,99.25968,0.73,6.418000221252441
2015-12-11,-0.03150300395221928,-0.11522195538859048,0.003534932823407111,-0.0070324852614076505,0.02060939555755581,0.01626059689101944,-0.003785005209645753,-0.007962463328189173,-0.019613867755815306,-0.03865919412890584,0.19972648034576024,99.68193,99.25968,0.67,6.427800178527832
2015-12-14,0.019185975372408404,-0.03623977152636071,-0.011393542545885538,-0.010929139074331573,-0.0018993112910974386,0.02868702252446298,0.0003074117929457998,-0.010802155139031377,0.004744288064068236,-0.02690086210443976,0.18940106612203966,99.68193,99.25968,0.78,6.445300102233887
2015-12-15,0.028239647477774188,-0.004274648621305666,-0.0016919789508067495,-0.012528234128072135,-0.02551280164133718,0.0014637820730707407,0.006332395254310619,-0.002542072617059077,0.010562580105914599,-0.009827229372930901,0.20680012039145446,99.68193,99.25968,0.8,6.448999881744385
2015-12-16,-0.05023693971384713,-0.04513697882793721,0.014106427960112633,0.000371149028747908,0.004863817911082702,0.0004853996342975009,-0.0035697775380505448,0.005327379357247253,0.014410635650770942,0.012352492643532997,0.19264932353797667,99.68193,99.25968,0.84,6.451000213623047
2015-12-17,-0.01617744050218617,-0.05049176131806998,-0.02555564718998582,-0.020999807903158363,-0.012941323386905457,-0.014880222850701563,0.01420328128413395,0.013488305583694071,-0.015154776635876388,-0.005051140570937918,0.1962728625067984,99.68193,99.25968,0.77,6.4633002281188965
2015-12-18,-0.00631463693393286,-0.025303394299783566,0.014549054313300225,-0.009985686413265249,0.0331148300769446,-0.0023747883313127716,-0.005758461265532588,0.011514849527807236,-0.017957495007106417,-0.003394767822229028,0.22534963787972476,99.68193,99.25968,0.73,6.473700046539307
2015-12-21,0.0002879555527228739,-0.044201414119469096,0.014617897667185353,0.016025753799805642,0.012287500373422966,0.011812023333207633,-0.002434550488318976,0.00877288724654246,0.007748306727155985,-0.0003907491591412793,0.22888866391573268,99.68193,99.25968,0.75,6.471499919891357
2015-12-22,0.03950845914748591,-0.032932602449757375,-0.006584134088143401,0.011133598662468991,-0.015144665285743875,0.022180159688800938,-0.0022369223777696234,0.00020356961446221788,0.008778095591568835,-0.0021752336734870426,0.2321657192080545,99.68193,99.25968,0.78,6.470799922943115
2015-12-23,0.03694066470081525,0.054245001964905004,-0.005036876826984837,-0.00800970612462848,0.006890910698366892,0.024207252476085128,0.0010173820907120046,0.004790729243224767,0.012341596527553733,-0.0042442727967042515,0.2234964860479293,99.68193,99.25968,0.76,6.468800067901611
2015-12-24,0.015873309106974265,0.08629575157406544,0.007267270264383008,0.024813211329740348,0.0,0.037148575862990585,-0.0036674142726820236,-0.013079966313591207,-0.0015999154038626173,0.00931058843530952,0.21717220708163626,99.68193,99.25968,0.73,6.467800140380859
2015-12-28,-0.0344446573848578,0.058165731123140496,-0.006239207578959238,0.004024949437480885,-0.021542277085897066,-0.017508531299851082,-0.000612610407324965,-0.007934115455383584,-0.0021809364563063482,0.025087146986109587,0.23057472201267784,99.68193,99.25968,0.74,6.467299938201904
2015-12-29,0.028389629010435513,0.08626740458085314,0.006517713948165138,-0.0040752342815393305,0.027915472327327162,-0.0018805593459468861,0.001836550952476479,-0.0036630140145881285,0.01057366417302319,0.027912504431976792,0.24935898273831564,99.68193,99.25968,0.79,6.478700160980225
2015-12-30,-0.034111014992277866,0.012647930441089361,-0.016280322728812635,-0.013771422922208565,0.005631213232197174,0.018895319171994163,0.0017314071970293554,0.0003053155602108504,-0.007243398783778332,0.011891010056629625,0.2491197078678971,99.68193,99.25968,0.77,6.474800109863281
2015-12-31,0.011950235778599883,-0.012342498481126007,0.00018871273389731158,-0.008545833361326416,-0.0053959638417987454,0.006608444631828525,0.0036566889045479556,0.0029446223740468014,-0.009456485041468454,-0.009907071512392562,0.2483615361331199,99.68193,99.25968,0.73,6.481200218200684
2016-01-04,-0.0075881826678951825,-0.035803990255995455,0.01386172479955139,-0.0019513788261580345,-0.02621697750820018,-0.019608532876371654,0.002430436570199035,0.00904247321692786,-0.015422041797806152,-0.023729197906336097,0.257580273893042,99.68193,99.25968,0.69,6.483699798583984
2016-01-05,-0.021724960183111097,-0.02308429305424875,0.0030648260146568518,0.007352654767458056,0.008656041655663915,0.010589785865189327,0.005346245324649779,0.015001328948902604,0.002010204139359928,-0.01953805731066982,0.2553198353392439,99.68193,99.25968,0.69,6.525400161743164
2016-01-06,-0.05720747353700073,-0.108681395601685,0.012440836582072734,0.013275777401365652,-0.003837920563060093,-0.021163607025197928,-0.0022157448754454023,0.010949033120980722,-0.013202163002625333,-0.043313884486318344,0.254082987663768,99.68193,99.25968,0.65,6.512499809265137
2016-01-07,-0.02082171431779445,-0.09539209492720158,0.014366429062977915,0.0439225291931562,-0.031740857707852954,-0.058535677965248056,-0.009726511098624435,-0.0005088851746730683,-0.02398581651934517,-0.06005630222188518,0.27303846420743333,99.68193,99.25968,0.66,6.5467000007629395
2016-01-08,-0.003311778123908482,-0.11065410882970994,-0.008977527848297306,0.03475628861096158,0.0004959957962147321,-0.05264371832723458,0.0032526933673855396,-0.0009128807118354842,-0.01089753744584776,-0.06149735462626449,0.2729368714251421,99.68193,99.25968,0.65,6.582900047302246
2016-01-11,-0.05421801697291384,-0.1572839431347286,-0.0011849327360060613,0.019709631075404133,-0.02459964667153558,-0.05102638749056998,0.0019263192177705335,-0.0014169980642639857,0.0008529082958226297,-0.04522240453263571,0.28384330348801773,99.68193,99.25968,0.72,6.58650016784668
2016-01-12,-0.031368758154530774,-0.16692774110614828,-0.009990481826287478,0.0066543232344598024,-0.007397060754029572,-0.06707948990026347,0.0024279006181631146,-0.00433534277075065,0.007772514117774243,-0.03946009455422139,0.28387155856092733,99.68193,99.25968,0.69,6.559500217437744
2016-01-13,0.0013131652618674217,-0.10840710230728012,0.0017486769311840789,-0.004037836416428853,-0.0012808701821441781,-0.06452243951934755,-0.0004042538227757575,-0.002523851718081005,-0.02528237507790898,-0.05154030662950504,0.27110808202235587,99.68193,99.25968,0.65,6.5625
2016-01-14,0.023347403468672034,-0.06423798452081364,-0.012584579364649962,-0.03098884484405673,0.010455250081508938,-0.02232633172998566,0.0016159586935051706,0.008818618074048601,0.0165580609343845,-0.010996429175775368,0.27548348073129436,99.68193,99.25968,0.67,6.565400123596191
2016-01-15,-0.058743401502064696,-0.11966960789896985,0.01625599239180886,-0.005755324603950562,-0.01611081129166747,-0.03893313881786786,-0.0013127722806576259,0.004253152426005435,-0.021835772698162614,-0.021934664428090223,0.26766377708834294,99.68193,99.25968,0.67,6.5802001953125
2016-01-19,-0.03317515727376952,-0.09862674819982553,-0.0014669256944550568,-0.006037317562399558,0.017378428264449797,0.003044936118117514,0.0003030945187072476,0.0026299277269421495,0.0005316801874286625,-0.02225589253648419,0.2754934060688648,99.68193,99.25968,0.68,6.568900108337402
2016-01-20,-0.0694698415407915,-0.13672783158608626,0.015657990517612852,0.019611154781500773,-0.008907066387970786,0.0015349304841763,0.0010096777619503783,0.0012117048707294131,-0.011762766025898763,-0.041791172680157196,0.2738362333820217,99.68193,99.25968,0.69,6.568600177764893
2016-01-21,0.1063770000563049,-0.031663996791648774,-0.007252320951077529,0.010610156899239165,0.018739500044884783,0.02155530071120526,-0.0003027885990425361,0.0013131700944626346,0.005181988635948542,-0.011326808966299673,0.2545411257475086,99.68193,99.25968,0.74,6.568399906158447
2016-01-22,0.0862490836403742,0.031237683380053394,-0.0017302053011150065,0.02146453096277412,0.0027558373770555367,0.01385588800675186,0.005135208820697734,0.004832420221655198,0.020080726882213185,-0.007804143018470988,0.24963070998891274,99.68193,99.25968,0.72,6.570000171661377
2016-01-25,-0.05918882369902656,0.03079226118309153,0.008169238859200512,0.013377777430165771,-0.0015022641845553464,0.028464435113863984,-0.0021112870070583156,0.004033905495254508,-0.015761545172821023,-0.001729915493129397,0.24571906425957354,99.68193,99.25968,0.69,6.5690999031066895
2016-01-26,0.03593202845560439,0.09989944691246544,0.013914673700545777,0.028759376825166605,0.01910962850604725,0.030195635355461437,0.0,0.003730810976547261,0.014045237830368151,0.011783642149810092,0.2549875780171684,99.68193,99.25968,0.65,6.569399833679199
2016-01-27,0.026668199202938947,0.19603748765619589,-0.005004904333480553,0.0080964819740732,0.014156958281058896,0.05325966002449112,-0.004640370270829308,-0.0019192370562324257,-0.01092292230052827,0.012623485875180585,0.26088113546402336,99.68193,99.25968,0.62,6.572500228881836
2016-01-28,0.02808493432298409,0.11774542192287507,-0.0004480889181390779,0.01490071400701165,-0.0068093351645990285,0.027710824815007307,-0.00395116650416405,-0.005567614961353939,0.005513350717590626,0.012954847956822668,0.25115036088371223,99.68193,99.25968,0.58,6.567800045013428
2016-01-29,0.011968955279057614,0.04346529356155848,0.000716889661638298,0.017347808969764955,0.007293913587395506,0.032248901025347276,0.011104479731482542,0.000401655949430868,0.02445865099455702,0.017332772069166502,0.2312193592354899,99.68193,99.25968,0.53,6.565199851989746
2016-02-01,-0.06133123788768957,0.04132287937289547,0.010248273760733895,0.019426843871298338,-0.006074522066791821,0.027676643143110802,-0.0061427171498973365,-0.003629774193408153,-0.00044333484554215374,0.03265098239644537,0.2302964015480457,99.51984,99.11652,0.57,6.566100120544434
2016-02-02,-0.05660052614472422,-0.05120967522743314,-0.0005320819267531363,0.004980088243999425,0.00024367673804304157,0.008810691375106594,-0.0013139664458172717,-0.004943740639225425,-0.018920968718231457,-0.0003152241521542365,0.23005990972949114,99.51984,99.11652,0.51,6.568399906158447
2016-02-03,0.0772584734078432,-0.0006194010225288871,0.012342569977745299,0.022327562555225278,0.019305600232920606,0.013959333326968304,-0.016109665291144104,-0.01641303565954022,0.004979620021574149,0.015587318169948183,0.22280566088879286,99.51984,99.11652,0.5,6.569799900054932
2016-02-04,-0.01750043046610239,-0.04620476581161537,0.014180868884579034,0.03695652035794339,0.01706203148919816,0.03783069998076549,-0.008464126561459118,-0.02092599571683529,0.0015255682925232605,0.011599535744880818,0.2285163069263377,99.51984,99.11652,0.51,6.566999912261963
2016-02-05,-0.0265148879479451,-0.08468860903861808,0.00017281959106441036,0.0364124502873695,-0.013007118860991373,0.017529667532378612,0.0057881046203611675,-0.026242370827956663,-0.01865415827635175,-0.03151327352602795,0.23306985098662786,99.51984,99.11652,0.53,6.554800033569336
2016-02-08,-0.03962218040815513,-0.06297955155908364,0.034048349299905745,0.06021252582654135,-0.005729346563579041,0.017874843035591392,-0.0047520656378550186,-0.024851719315914345,-0.014255057923056924,-0.04532499660354272,0.20331328463171383,99.51984,99.11652,0.52,6.563899993896484
2016-02-09,-0.06075093382020125,-0.06712995923456067,0.0006675513608165318,0.06141215911411102,-0.024231838017548024,-0.006600671719999673,-0.005191041573626265,-0.028728794443723338,-0.0006638406467605051,-0.02706786853207177,0.22230732940682058,99.51984,99.11652,0.53,6.563899993896484
2016-02-10,-0.01769317719393504,-0.1620816098363389,-0.0033425285262591586,0.04572706061010656,-0.0066445302431650255,-0.032550802196085304,-0.001875394444581957,-0.01449452359716119,-0.0001889681307609692,-0.03223645668440689,0.2047554915210916,99.51984,99.11652,0.5,6.563899993896484
2016-02-11,-0.046225213344471605,-0.19080639271470812,0.04356709112536539,0.07511328285089292,-0.010424590128722211,-0.060037423814005675,-0.003447397891270576,-0.00947779492697265,-0.012377447329256164,-0.04613947230618631,0.2066489907639124,99.51984,99.11652,0.45,6.563899993896484
2016-02-12,0.11621332959636455,-0.048078175170398474,-0.00707686815854025,0.06786359510128825,0.011411685479804201,-0.0356186194732101,0.004385574496247102,-0.010880325051086714,0.019330015207046358,-0.008155298822788204,0.20936736391792463,99.51984,99.11652,0.49,6.563899993896484
2016-02-16,-0.01368009051820085,-0.022136085280444195,-0.025501955096164153,0.008313290705218357,0.010795038353435982,-0.019094234556195078,0.00923003038612702,0.0031017709728953236,0.01638173774168461,0.02248149684195333,0.20954693248987832,99.51984,99.11652,0.53,6.486199855804443
2016-02-17,0.05428464698387536,0.09289949552363241,0.002645682545197481,0.010291421889599306,0.012127171431150163,0.01726477489250311,-0.0008262091716693121,0.007466603374852276,0.016346110625641508,0.03949144811435534,0.20173989269316928,99.51984,99.11652,0.53,6.506899833679199
2016-02-18,0.0035813357440037663,0.11417400846157122,0.012309362957954484,0.02594331337381295,-0.0012060398688893414,0.022703265266778794,0.001651657591112965,0.010993655410547198,-0.004676632123934432,0.03500378412118188,0.19544830438908292,99.51984,99.11652,0.51,6.5183000564575195
2016-02-19,-0.03741542437516987,0.12298379743087295,0.0035009592673835854,-0.014122818484168853,0.0019290811045445944,0.0350569365000456,-0.003616624788389977,0.010824428513427797,-2.603328180228459e-05,0.04735519816863576,0.19117176381308212,99.51984,99.11652,0.5,6.508800029754639
2016-02-22,0.060227629172061814,0.06699809700657022,-0.017132288543675323,-0.024178238869303925,0.017906604891442024,0.04155185591168342,0.00804209712714421,0.014480951144324905,0.014350731099076697,0.0423759140606661,0.19031793039785103,99.51984,99.11652,0.46,6.512400150299072
2016-02-23,0.012312745754476495,0.09299093327924757,0.010527318680876085,0.011851034907736313,-0.004030763404551663,0.026726054153695777,0.0010264406443880603,0.006277361402585946,-0.012532577570788739,0.013461598748192749,0.19177710012881094,99.51984,99.11652,0.42,6.5117998123168945
2016-02-24,0.008747343382602413,0.04745362967797462,0.013328033410348716,0.02253338577288755,-0.004524368481207963,0.010074514241337651,-0.00020523517267445612,0.006898335401580802,0.004429960034632252,0.0015454481571834933,0.19284678913524675,99.51984,99.11652,0.39,6.517099857330322
2016-02-25,0.02821401962065684,0.07208631355462769,-0.00040373049094011293,0.009820292323992952,-0.01442331290787402,-0.0031427587976470273,-0.0017458096238538445,0.0035008681866139923,0.011284366730450301,0.017506447011568227,0.19103189003801446,99.51984,99.11652,0.32,6.521699905395508
2016-02-26,-0.008807981689107791,0.10069375624068977,-0.014971721758396228,-0.008652388701786862,0.02534200746523063,0.02027016756303901,0.008800717871238817,0.015918210846242786,-0.001871865329564848,0.015660614963805664,0.20440584880768223,99.51984,99.11652,0.35,6.523499965667725
2016-02-29,0.029161881242121268,0.06962800831074922,0.011492953798612149,0.01997285364050061,0.004945237529379032,0.007308800200976018,0.0006110975786759454,0.008487211297774522,-0.008154131091571593,-0.006844247226842626,0.20261202302027873,99.51984,99.11652,0.32,6.530399799346924
2016-03-01,0.019076191417757737,0.07639145397403047,-0.0029218229364778026,0.006523712023146722,0.006089017174697675,0.017428580780225356,0.0014244954727420378,0.0088852661261285,0.023588385401619227,0.02927671574556534,0.20224396996779284,99.4901,99.09755,0.35,6.544000148773193
2016-03-02,0.0075296711487431445,0.0751737817401712,0.008739981710060185,0.0019356603228581903,0.01667091783222774,0.03862386709366106,-0.0014244954727420378,0.007666005826060918,0.004085949861101668,0.028932705572034756,0.20645329347421898,99.4901,99.09755,0.33,6.542099952697754
2016-03-03,-0.002600034779269844,0.044359727340244515,0.013048052901100782,0.015387443714899085,0.012323273522313882,0.06537045352384896,-0.0065379678554471354,0.0028738475944676267,0.0034926343203167676,0.021140973161901222,0.20876809343727168,99.4901,99.09755,0.3,6.540999889373779
2016-03-04,0.03830794735231757,0.09147565638166988,0.009892060054906615,0.04025122552820193,0.02971951516306892,0.06974796122168725,-0.002360099208623012,-0.008286969485394202,0.003300439865942195,0.026313278357408265,0.22148602304149653,99.4901,99.09755,0.37,6.521500110626221
2016-03-07,0.05365695989094954,0.11597073503049815,-0.005290031133051265,0.023468240596538514,0.004174465923356574,0.06897718961566479,-0.002777602203211771,-0.011675669267281918,0.0008846228008634327,0.03535203224984329,0.21628136676945492,99.4901,99.09755,0.43,6.4980998039245605
2016-03-08,-0.03763889176059099,0.05925565185214943,-0.0008711643665364477,0.02551889916647987,-0.027563442462698373,0.03532472997826874,0.0014412128346794617,-0.011658951905344495,-0.011303756056006087,0.00045989079221797624,0.23516058309166415,99.4901,99.09755,0.37,6.506800174713135
2016-03-09,0.04787652881110782,0.0996025095145141,-0.0043673393804049,0.012411578076014784,0.005170347754923088,0.023824159900964093,-0.00041157440742090046,-0.010646030840023357,0.005039672782814364,0.0014136137139306726,0.23331860082648895,99.4901,99.09755,0.39,6.494699954986572
2016-03-10,-0.01182204118342689,0.09038050311035706,0.012180823359887682,0.011544348534801685,-0.005621171725582852,0.005879714653067358,-0.011384913762470639,-0.01549297674704686,0.00015579279712252259,-0.0019232278092635724,0.2139283864583812,99.4901,99.09755,0.45,6.502999782562256
2016-03-11,0.017291493077611797,0.06936404883565128,-0.010511061395113153,-0.008858772915218083,0.009425629227365673,-0.01441417128263589,0.0010403504395712915,-0.012092527098852557,0.016262545588850763,0.011038877913644995,0.21106979072101614,99.4901,99.09755,0.44,6.498600006103516
2016-03-14,-0.034887250792377866,-0.019180161847676125,-0.011425897862329393,-0.01499463964449621,-0.0006703741347716674,-0.01925901134076413,0.00466834786828052,-0.004646577027360266,-0.001261768616611647,0.008892486496169916,0.20483283942264136,99.4901,99.09755,0.45,6.485300064086914
2016-03-15,-0.022851923334439306,-0.004393193421524444,-0.011314166048867591,-0.025437641326827354,-0.002685785879813718,0.0056186452421205235,0.00010343603461659967,-0.005984353827423128,-0.0018386309343174645,0.018357611617858538,0.20529975504831988,99.4901,99.09755,0.47,6.489999771118164
2016-03-16,0.056699649189048795,0.00442992695641653,-0.0008943982001952122,-0.021964700146617666,0.00022407340212649007,0.0006723708893239255,-0.007687528787050368,-0.013260308207052596,0.00558472788177955,0.018902666716823724,0.20452305344940863,99.4901,99.09755,0.36,6.504499912261963
2016-03-17,0.04424829824759824,0.06050026638744166,0.02823184571645765,-0.0059136777900477,0.025441091054755005,0.03173463366966178,-0.011854292966294366,-0.013729687410876323,0.006573583068596456,0.025320456988297657,0.216014897415961,99.4901,99.09755,0.34,6.51200008392334
2016-03-18,-0.019086519688886305,0.024122253620943557,-0.008497808326042744,-0.0039004247209772913,-0.00415893195092043,0.01815007249137568,0.002424198578914627,-0.012345839271532988,0.004395967251025645,0.01345387865047254,0.2172701761249348,99.4901,99.09755,0.27,6.465000152587891
2016-03-21,0.011846420322660478,0.0708559247359819,-0.008007729856973178,-0.00048225671562107664,0.004377328263609148,0.023197774889756495,0.0031532825548099552,-0.013860904585003553,0.0009850919042930784,0.015700739171377265,0.21706258446377888,99.4901,99.09755,0.28,6.461599826812744
2016-03-22,0.03786098475022026,0.13156883282064147,0.003531225454106668,0.014363134787353182,-0.002186321190162932,0.02369723957940728,0.0037708288710973648,-0.010193511748522788,-0.0008777728967723775,0.016661597208922352,0.21274423056934824,99.4901,99.09755,0.31,6.474599838256836
2016-03-23,-0.04087225253974536,0.033996931091847316,-0.019823458291527984,-0.00456592530397959,-0.023921363201676593,-0.0004481970243958022,0.0041732091481661016,0.0016672261866936822,-0.00640650953066757,0.004670359796475232,0.23214394033901825,99.4901,99.09755,0.3,6.480100154876709
2016-03-24,-0.008328170054751283,-0.018579537210502206,-0.0018812543119599567,-0.034679025332397195,-0.002693623206397988,-0.028582911285548795,0.0009365351300836267,0.014458054283071675,-0.0003781417793762287,-0.0022813650514974526,0.23150497442455653,99.4901,99.09755,0.34,6.496300220489502
2016-03-28,-0.0017755159053409741,-0.0012685334269568749,-0.0012288536097644354,-0.027410070616118887,0.0076130956815601,-0.016810883653068265,-0.002082434596107241,0.009951421108049807,0.0005451068880724108,-0.006132225414450687,0.2232178753560235,99.4901,99.09755,0.33,6.526500225067139
2016-03-29,-0.02858442679176898,-0.04169938054138633,0.012787754117695727,-0.006614586641449982,-0.014831729765520607,-0.03601994168219802,-0.008163297602676423,-0.0013651590494365706,0.008778012054237117,0.001660694735493351,0.21792542920245772,99.4901,99.09755,0.2,6.500999927520752
2016-03-30,0.0010444104428257717,-0.07851595484878082,-0.007065979589434335,-0.017211791684990985,-0.009782752334626443,-0.04361637282666153,-0.003368501334810148,-0.008504489255344083,0.004340879993566027,0.006879347625831755,0.22135613843095114,99.4901,99.09755,0.18,6.504899978637695
2016-03-31,0.0005217964585777501,-0.037121905850457715,0.005932264628275341,0.00854393123481234,-0.0025180639188135956,-0.022213073543798534,-0.0026394990741804847,-0.01531719747769067,-0.0020418423596204605,0.011244014796878865,0.22101326439089322,99.4901,99.09755,0.16,6.455100059509277
2016-04-01,-0.04126764759545454,-0.07006138339116097,-0.009770473814591618,0.0006547117321806795,-0.009441610643178833,-0.02896106098057938,0.0003171757210314041,-0.015936556886742892,0.0063109590665995086,0.017933115642854602,0.21596079528588497,99.49239,99.09838,0.17,6.439000129699707
2016-04-04,-0.030075383845459047,-0.09836125133127904,-0.003442304239960947,-0.0015587388980158323,-0.010700265747548565,-0.047274422409688044,-0.00116322762031551,-0.015017349910951161,-0.003213480045854311,0.01417452870892788,0.21363528717481894,99.49239,99.09838,0.14,6.468599796295166
2016-04-05,0.005307977996896085,-0.06446884654261398,0.008502360171509515,-0.0058441328442020435,-0.001404175741833158,-0.033846868386000595,0.0012688498855224495,-0.005585202422752289,-0.01019629841179448,-0.004799781757103716,0.18113736774761507,99.49239,99.09838,0.14,6.468599796295166
2016-04-06,0.05052678754169104,-0.014986469443748707,-0.004814587092324629,-0.003592740347092338,0.0025728364678776483,-0.021491279583496503,-0.002115698988963466,-0.004332400076905607,0.010452797932012814,0.001312136181343071,0.1804282546997006,99.49239,99.09838,0.17,6.467299938201904
2016-04-07,-0.013065155569010223,-0.02857342147133668,0.011144176377580806,0.0016191714022131265,-0.031319277436090975,-0.05029249310077388,0.0005293849129879291,-0.0011635160897371932,-0.01204807397000529,-0.00869409542904176,0.18720813783516352,99.49239,99.09838,0.12,6.470900058746338
2016-04-08,0.0639345497836552,0.07662877590777306,0.005083360244175772,0.016473005460980517,0.005767785980853146,-0.035083096476741904,-0.0025435101844371033,-0.004024201995205701,0.0027827026046169934,-0.012222351891024275,0.18755565995928425,99.49239,99.09838,0.14,6.453000068664551
2016-04-11,0.015984340698414368,0.12268850045164648,0.011363719796072758,0.03127902949701422,0.0009581286878732609,-0.023424702041320078,-0.003082003858608573,-0.0059429782334987635,-0.0027435458896043485,-0.011752417734774312,0.18785559986019923,99.49239,99.09838,0.17,6.4558000564575195
2016-04-12,0.04386981372958543,0.16125033618433582,0.0021462376732568345,0.02492290699876154,0.02669342757366966,0.004672901274182739,0.0001064566702257963,-0.007105371448795417,0.009615753881390354,0.008059634558410522,0.21026487468949803,99.49239,99.09838,0.22,6.44950008392334
2016-04-13,-0.009770120956466233,0.10095342768617854,-0.01005512838417566,0.01968236570691051,0.010434894984410858,0.01253495979071595,0.008267124900344314,0.003277452440512363,0.00999006976855732,0.0075969063949550275,0.2146444109526686,99.49239,99.09838,0.21,6.455599784851074
2016-04-14,-0.006245476144559614,0.10777310711062915,-0.017639464077110922,-0.009101274747781218,0.0016134541809471603,0.045467691407754085,0.0016874467474332633,0.004435514274957697,0.0001729124301323992,0.019817892795092718,0.21486244814257002,99.49239,99.09838,0.24,6.468400001525879
2016-04-15,-0.02785421662855958,0.015984340698414368,0.006590460098726325,-0.007594174893230665,-0.008790273397907278,0.03090963202899366,-0.0021097537281900003,0.0048692707312048,-0.0009847695761457942,0.01605042061432993,0.21632192031096506,99.49239,99.09838,0.2,6.472599983215332
2016-04-18,-0.014474967868620237,-0.014474967868620237,0.00040539994060484474,-0.018552494748698578,0.0055607575940641585,0.03551226093518456,-0.00221998177997218,0.005731292809841193,0.006519725613798322,0.0253136921177326,0.19474827925281826,99.49239,99.09838,0.21,6.46560001373291
2016-04-19,0.032157186893782885,-0.02618759470442278,0.015603971877910183,-0.005094760544045229,0.026899280440803475,0.035718113802318374,-0.005411956792199746,0.00021287934741565095,0.0030797379028664196,0.018777676139208666,0.2198639025434054,99.49239,99.09838,0.19,6.465199947357178
2016-04-20,0.037036826199345896,0.02061935245138935,0.00015956521921189903,0.00511993305934233,0.008510713299445083,0.0337939321173526,0.005411956792199746,-0.002642288760728917,0.0007612550492348547,0.009548861419886201,0.22164293869013119,99.49239,99.09838,0.23,6.4481000900268555
2016-04-21,0.012819176321586134,0.0396840049175351,-0.003357009989702675,0.019402387146750577,0.004450381188692565,0.036630859125098,0.0011634737415056051,-0.003166261766656575,-0.005207562857292736,0.004168386132461066,0.22238583100802536,99.49239,99.09838,0.24,6.4608001708984375
2016-04-22,0.012656922802686488,0.08019514434878117,-0.01638657099171681,-0.003574643943692557,0.007520477556472449,0.05294161007947773,0.005481821329407666,0.004425313290941091,4.785857954114903e-05,0.005201014288148009,0.20713624533134614,99.49239,99.09838,0.25,6.47189998626709
2016-04-25,-0.025241589413345977,0.06942852280405543,0.00826724869407336,0.004287204809775957,-0.004638309307274713,0.04274254317813886,-0.0029480586737911096,0.003697236397122161,-0.0018136896207625597,-0.003132400946412872,0.207660169728464,99.49239,99.09838,0.26,6.491000175476074
2016-04-26,0.03230556709949184,0.06957690300976438,0.002660052989487127,-0.008656714078647099,-0.0044375444472086745,0.01140571829012671,-0.002850924783213138,0.006258268406108769,0.001871000174236137,-0.004341138675043155,0.20681585510273,99.49239,99.09838,0.27,6.482999801635742
2016-04-27,0.028870772703619707,0.06141084951403819,0.005619345503985684,-0.0031969337938733133,-0.012530983266227591,-0.009635978275545964,-0.0019051689298583696,-0.0010588573159493464,0.0016479941117468755,-0.003454399612531134,0.20486040178723075,99.49239,99.09838,0.19,6.483500003814697
2016-04-28,0.015324225962781046,0.0639158991552331,0.012963993663771767,0.013124069859601128,0.0017997523695608697,-0.01228660709467766,-0.006696780257849255,-0.008919111315304207,-0.009273636061561064,-0.007520472816799462,0.2016108603403542,99.49239,99.09838,0.12,6.485000133514404
2016-04-29,-0.0023926191729946034,0.04886635717955201,0.018554532081355823,0.04806517293267376,0.02420462482909691,0.0043975401779468015,-0.007278990506801364,-0.021679923151513236,-0.005075949230557875,-0.012644280626898485,0.21673782083134238,99.49239,99.09838,0.12,6.46589994430542
2016-05-02,-0.02513912822582487,0.04896881836707312,0.004257137284213286,0.04405506152281369,-0.007708511867815071,0.0013273376174064433,-0.004846324491099452,-0.02357818896882158,0.007779606697244645,-0.0030509843088912803,0.2156572258026696,99.49239,99.09838,0.2,6.464099884033203
2016-05-03,-0.025558266667856433,-0.008895015400275152,-0.003094301340337502,0.03830070719298906,-0.021001635657654116,-0.015236753593038999,0.0033411163106302766,-0.017386147874978164,-0.008714499388395858,-0.013636483871523275,0.22609978653457843,99.49239,99.09838,0.17,6.464099884033203
2016-05-04,0.002973746969305413,-0.034792041134589446,-0.013572675083322494,0.01910868660568088,-0.014326504228015402,-0.01703227455482681,0.0025789597383125695,-0.012902019206807225,-0.0059545827054732214,-0.021239060688743372,0.2326528867632156,99.49239,99.09838,0.16,6.481800079345703
2016-05-05,0.012258971341243097,-0.037857295756127396,-0.001493319222276135,0.0046513737196329785,-0.014767256832992182,-0.03359928375737986,0.006418490980999891,0.00021325203204192178,-0.0002390366927933485,-0.012204461319975657,0.23890143394501706,99.49239,99.09838,0.13,6.484799861907959
2016-05-06,0.007642207442061899,-0.027822469141070894,0.01676910143887511,0.0028659430771522665,0.0,-0.05780390858647677,0.0011722771249749186,0.008664519663818204,0.00316961055355236,-0.003958901535865422,0.20962381608316705,99.49239,99.09838,0.18,6.493500232696533
2016-05-09,-0.027697598983188687,-0.03038093989843471,-0.021341477420802057,-0.022732671627863077,-0.022092522537191073,-0.07218791925585277,0.0027653935403071372,0.016276237695224793,0.0007532133076093572,-0.01098529492550071,0.22453893854158521,99.49239,99.09838,0.18,6.490200042724609
2016-05-10,0.027697598983188687,0.02287492575261041,-0.001344100753353672,-0.020982471040879247,-0.006676313479715756,-0.05786259707791441,0.0014858778772293135,0.01442099926182383,0.012406365236037331,0.010135569698932478,0.22585246877370005,99.49239,99.09838,0.15,6.506899833679199
2016-05-11,0.034550685102904044,0.05445186388620904,0.008430186756369196,0.0010203907988124428,0.005249430543130429,-0.03828666230676858,-0.0049970995397510265,0.006844939983760234,-0.009607522877868035,0.006482629526537664,0.20523431551281793,99.49239,99.09838,0.14,6.508299827575684
2016-05-12,0.010115252913625472,0.052308145458591415,-0.0033792532582230805,-0.0008655432371345029,-0.01341664408107568,-0.03693604955485208,0.003404979842018818,0.003831428844779161,-0.00016947926796451185,0.006552186951366501,0.20514061284930227,99.49239,99.09838,0.15,6.48199987411499
2016-05-13,-0.010547975942030607,0.03411796207449891,0.001258733184715588,-0.016375911491294026,0.0009643652913069456,-0.035971684263545134,0.004980155678039111,0.0076393073978433534,-0.008514434161752682,-0.005131857763938541,0.20500393579452925,99.49239,99.09838,0.13,6.506800174713135
2016-05-16,0.032154417740395846,0.09396997879808344,0.0011786431028752986,0.00614420903238333,0.0076812820948937155,-0.006197879631460346,-0.000422887367152569,0.004451026490383647,0.009748976389612807,0.0038639053180649086,0.20622223404165974,99.49239,99.09838,0.15,6.521999835968018
2016-05-17,0.012287984182705713,0.07856036399760047,0.0021963664184188048,0.009684676204155807,0.0004780910919555126,0.0009565249402109233,-0.00021147041931612875,0.002753678193838205,-0.009455863552163102,-0.017998323470135524,0.20481696395843607,99.49239,99.09838,0.15,6.521299839019775
2016-05-18,-0.0024871048381416294,0.041522574056554795,-0.0019608619136297634,-0.0007063724658431525,-0.005031736539377829,-0.009324642142297335,0.005589834368914026,0.013340612102503258,0.00020515768640194665,-0.008185642905865542,0.17675880913482028,99.49239,99.09838,0.26,6.518599987030029
2016-05-19,-0.000622704322601475,0.030784616820327848,-0.01542813208282734,-0.012755251290447411,-0.008927596787590475,-0.00483559484881213,0.002206221217861959,0.012141853478346398,-0.003713594522721131,-0.011729758160622161,0.17255880616658564,99.49239,99.09838,0.29,6.528800010681152
2016-05-20,-0.008549730905473396,0.03278286185688506,-0.001436150231157285,-0.015450134706320284,-0.0021836292773780297,-0.007983589417497106,0.00020982836621108447,0.007371526166518372,0.006001459222805039,0.0027861352239355597,0.16999489553281838,99.49239,99.09838,0.29,6.5370001792907715
2016-05-23,0.0068872613837123176,0.0075157055002015305,-0.0010385851367962218,-0.017667362945991805,-0.0004859892975273006,-0.01615086080991812,-0.0008396578773552932,0.006954755656315648,-0.002087636568101736,-0.009050477733778983,0.16518771270879476,99.49239,99.09838,0.3,6.5366997718811035
2016-05-24,0.011168618608886405,0.006396339926382222,-0.017903664652126672,-0.03776739401653728,0.0058154195125557084,-0.010813532389317926,0.0035639066281181186,0.010730132703749895,0.013588637533989534,0.013994023352373652,0.16912688932364164,99.49239,99.09838,0.31,6.5457000732421875
2016-05-25,0.01914913755126868,0.02803258231579253,-0.004403876274423624,-0.04021040837733114,0.017008458735086607,0.01122666288514651,-0.00230464404136832,0.002835654293467549,0.0069505296515837145,0.02073939531755542,0.18432024818353232,99.49239,99.09838,0.29,6.5472002029418945
2016-05-26,-0.0016155461978084595,0.027039740440585547,-0.0027828013113238015,-0.027565077605827604,0.0007122836849937642,0.02086654335773075,-0.0018895691990818975,-0.0012601361234763075,-0.0002104660499284705,0.02424252379034808,0.18150656446376257,99.49239,99.09838,0.25,6.544099807739258
2016-05-27,-0.0030360859086706604,0.03255338543738828,-0.00517682794215979,-0.03130575531683011,0.0035541663642580934,0.026604338999366872,0.0036708676560932574,0.0022009031664058654,0.004277694939439414,0.022518759506982455,0.182132085941606,99.49239,99.09838,0.27,6.546999931335449
2016-05-31,-0.004673448640616584,0.02099267541305938,0.000823519736724343,-0.029443650443309544,-0.007835725964940532,0.01925460233195364,0.0038660802999528343,0.006906641343713993,-0.0010057686205895422,0.02360062745449465,0.1548835967369859,99.49239,99.09838,0.3,6.573299884796143
2016-06-01,-0.0018346790494905285,0.007989377754682447,-0.002390098246246808,-0.01393008403742968,-0.011990596853946545,0.0014485859654513877,-0.004494392813407799,-0.001151658097811925,0.001134398653926283,0.011146388574431398,0.1568895491403875,99.59071,99.10524,0.31,6.57289981842041
2016-06-02,0.0032593195105614647,-0.007900440286024768,-0.0017342990864133156,-0.011260506849419372,-0.0014485859654513877,-0.017008458735086607,0.0010469949221372232,0.002199980865693618,0.002820696166986103,0.007016555089833787,0.14457402140221534,99.59071,99.10524,0.27,6.565100193023682
2016-06-03,-0.011248697265243912,-0.01753359135346022,0.02473690478824775,0.01625919925015218,0.02032834296511421,0.002607600545033839,-0.016140429602271134,-0.012050879537495618,-0.0029160622366948274,0.00431095890306743,0.1600561057710302,99.59071,99.10524,0.19,6.57450008392334
2016-06-06,0.02176873105772037,0.0072712256129308095,0.00362217169757173,0.025058198889883698,0.0023646803795721594,0.001418114560347905,-0.0013834648426671592,-0.017105212036256034,0.004885328519363519,0.004918592482991535,0.15311551527318482,99.59071,99.10524,0.19,6.554800033569336
2016-06-07,0.013393543318857226,0.02533821757240462,-0.00016066787650093062,0.024074011276658425,-0.03167250405720079,-0.022418663531912353,-0.0007457486477022712,-0.02171704098391114,0.0012886156291971318,0.007212976732778209,0.18675270387464601,99.59071,99.10524,0.15,6.553800106048584
2016-06-08,0.017128067719734297,0.044300964341629445,0.012299511303835331,0.038763620826740564,0.005591302478916704,-0.004836764199049104,-0.0025611527766722375,-0.019783800947175578,0.0033041019719552978,0.009382680050807224,0.1739031916449951,99.59071,99.10524,0.12,6.561500072479248
2016-06-09,-0.01316451201543778,0.0278771328156302,0.008221312981124385,0.048719232894278264,-0.01096905007007054,-0.014357228303668257,0.0054345293359459035,-0.015396266533366898,-0.0017192355978936646,0.004842748285927456,0.1763038658837855,99.59071,99.10524,0.12,6.552499771118164
2016-06-10,-0.029912933117592466,0.009212896963281647,0.002516177827683208,0.026498505933713723,-0.004175302949982362,-0.03886087421876483,0.0052994295522044155,0.006043592621108651,-0.009217532410166207,-0.0014587218875439234,0.1750095657009893,99.59071,99.10524,0.12,6.552000045776367
2016-06-13,-0.0038795071674950776,-0.0164353412619338,0.008601194468236706,0.0314775287043787,0.01271711174109491,-0.028508442857242078,-0.0024342047903953556,0.004992852673380455,-0.008148298789709685,-0.014492349196617127,0.17619067389652654,99.59071,99.10524,0.15,6.552000045776367
2016-06-14,-0.008010710983164415,-0.03783959556395544,0.0009338142093948676,0.0325720107902745,-0.006338282083084512,-0.0031742208831258,0.005916525970813602,0.011655127291896328,-0.0018005050719720472,-0.017581469897786306,0.17731288442803492,99.59071,99.10524,0.17,6.575699806213379
2016-06-15,-0.009948338149886382,-0.06491600143357612,0.0001556142495848789,0.020428113736024045,0.023683942325096186,0.014918418963053681,-0.0033765959408622592,0.010839684127706306,-0.0018424090638102797,-0.022727980933551883,0.19466598745681707,99.59071,99.10524,0.13,6.58650016784668
2016-06-16,-0.038213082512219554,-0.0899645719303579,0.007978605910286873,0.020185406665186534,-0.020997488299785316,0.004889980733338906,-0.000422887367152569,0.0049822674246078336,0.0031280931110462262,-0.017880652224611993,0.20784924361290774,99.59071,99.10524,0.15,6.571800231933594
2016-06-17,0.03758804280097605,-0.022463596011789377,-0.0027814092101872134,0.014887819627316112,0.0012187971008823517,0.01028408078420362,-0.003813974457803404,-0.004131136585399986,-0.003263284144609635,-0.01192640395905542,0.20743599202252969,99.59071,99.10524,0.2,6.581999778747559
2016-06-20,0.028558682765036814,0.009974593920742514,-0.0019361090268663617,0.004350516132213045,0.019778691198902965,0.017345660242011673,-0.006389101438827538,-0.008086033233832168,0.005791382778423504,0.002013277609077768,0.21666425693314734,99.59071,99.10524,0.24,6.578400135040283
2016-06-21,-0.010588583383082106,0.007396721520824823,-0.015231694595499334,-0.011814992672681157,0.01092647592769902,0.034610418252795205,0.004370267987714449,-0.009632291216931321,0.0027083906042095762,0.006522173285259392,0.21921130772192712,99.59071,99.10524,0.28,6.5671000480651855
2016-06-22,0.0057155206683630055,0.02306058033907421,-0.0019696677630474113,-0.013940274685313447,0.008937055746030986,0.019863531673730006,-0.003195863226925333,-0.009451558502994395,-0.0016529289965756533,0.006711653352494018,0.22065702630044645,99.59071,99.10524,0.25,6.5802998542785645
2016-06-23,0.019750733230720297,0.08102439608201406,-0.005377246041874173,-0.027296126637474494,0.013026523438639526,0.05388754341215485,-0.0020293992695972207,-0.011058070405439047,0.013275567071954875,0.016859127313402666,0.22371481232748855,99.59071,99.10524,0.24,6.567500114440918
2016-06-24,-0.050547869476514684,-0.007111516195476675,0.045568126625119554,0.021053409197832273,-0.024091952876711287,0.02857679343456121,0.02032029080443909,0.013076194856803447,-0.036580792805582796,-0.016458381347570494,0.2342944662148828,99.59071,99.10524,0.15,6.567299842834473
2016-06-27,-0.027882992724788114,-0.0635531916853016,0.0018921481520379757,0.02488166637673661,0.00684202416040558,0.015640126396063825,0.011354921516308458,0.030820217811939443,-0.018262246511702607,-0.040512010637696605,0.23543658925527128,99.59071,99.10524,0.12,6.611800193786621
2016-06-28,0.032281347059601284,-0.02068326124261821,-0.005459071134537474,0.03465428983769847,0.020249818125051222,0.024963468593416027,-0.003008466547852251,0.023441483276372743,0.017614121604087707,-0.025606279637818474,0.24511497254037282,99.59071,99.10524,0.09,6.641600131988525
2016-06-29,0.04154905621536642,0.015150274304385203,0.006517130786710901,0.04314108838745678,0.0062019148178696915,0.022228327665254732,-0.0049995246864034115,0.021637821816894665,0.016889242971254603,-0.007064107669988218,0.24337977686921938,99.59071,99.10524,0.1,6.6381001472473145
2016-06-30,-0.03156761848203793,-0.03616807740837302,-0.004163045711472968,0.04435528871785799,0.005025098711021747,0.014226902937636954,0.0038560076357541107,0.027523228722245996,0.01347386314946597,-0.006865811592477122,0.23821444095514743,99.59071,99.10524,0.09,6.626800060272217
2016-07-01,0.013563706168404188,0.02794349823654585,0.013784954775413638,0.012572116868152072,0.009298148507592585,0.047617004321940826,-0.005109744278249728,0.002093193639557178,0.0019467062930313972,0.03166168750613707,0.23875109801751257,99.69473,99.12328,0.03,6.6381001472473145
2016-07-05,-0.05001572152448208,0.005810769436851881,0.014630295802076532,0.02531026451819063,-0.015239670401061889,0.025535309760473357,0.005421727845625668,-0.003840000031125612,-0.006871028985598215,0.04305290503224146,0.2384586543086501,99.69473,99.12328,-0.03,6.655300140380859
2016-07-06,0.017654437936308387,-0.008816139686441016,0.006247034498574777,0.03701637015130288,-0.013847427255415323,-0.008561935619993188,-0.0011444688633730493,-0.0019760023466464105,0.005338687058276115,0.03077747048642987,0.24429557138392427,99.69473,99.12328,-0.05,6.6697001457214355
2016-07-07,-0.04948618845563768,-0.09985138435744512,-0.0035229752607088827,0.026976264103883096,-0.013570654846500774,-0.028334505284363654,0.0028068449564306874,0.0058303672961876885,-0.0008719578867335542,0.013016269628441712,0.22093747182587237,99.69473,99.12328,-0.03,6.683000087738037
2016-07-08,0.005963583881545276,-0.06232018199386191,-0.0025766569730398814,0.028562652842316183,-0.0018863238608861632,-0.035245927856271564,-0.00031146528348635627,0.0016628943769472215,0.015138186565992306,0.014680593044968049,0.22076735530221503,99.69473,99.12328,-0.06,6.67110013961792
2016-07-11,-0.01441749580516749,-0.09030138396743359,-0.001180097201669561,0.013597600865232984,0.013363265159917148,-0.031180811203947,0.0027997803244836916,0.009572418979680641,0.003402819311999039,0.01613670606393569,0.21985177887774737,99.69473,99.12328,0.01,6.678100109100342
2016-07-12,0.0445683406770101,0.00428267823405859,-0.015544565429065571,-0.01657726036590912,0.02937333280396437,0.013432192001079257,-0.0013470521904190846,0.002803638943635889,0.006984842307344863,0.02999257735687877,0.23717704268069217,99.69473,99.12328,0.07,6.683899879455566
2016-07-13,-0.04479174190061119,-0.05816350160286099,0.006202186015081601,-0.016622108849402295,0.0121376860431055,0.03941730529960008,-0.0022838296703646677,0.0016642781366442705,0.0001347586749824714,0.024788648973585126,0.23691804779992856,99.69473,99.12328,0.03,6.678599834442139
2016-07-14,0.02056912730762095,0.01189181416039764,-0.008303129784920316,-0.021402263373613728,0.0013395943415211997,0.054327554487622054,-0.0014560521285584827,-0.0025986189483448996,0.0052454228016962645,0.030906029662014944,0.23417182602529543,99.69473,99.12328,0.08,6.676300048828125
2016-07-15,0.0058932933768982565,0.011821523655750621,-0.0036120505371028955,-0.022437656937676742,-0.004696398841907423,0.051517479506600794,0.005190502575005418,0.0029033489101468746,-0.000929379059870783,0.014838464036151855,0.22514150234821295,99.69473,99.12328,0.11,6.673600196838379
2016-07-18,-0.015572177056076608,0.010666842404841503,0.0014313343033443005,-0.01982622543266288,0.0015679182426291405,0.039722132589312786,-0.00020714789888920393,-0.00010357931322602099,0.0023794618218691,0.013815106546021916,0.20770752776577364,99.69473,99.12328,0.1,6.67609977722168
2016-07-19,-0.01312734685257988,-0.047028845124748475,0.0023308973728486393,-0.0019507626307486703,0.01223457151225471,0.022583371297603128,0.005061789554781093,0.006305262431974157,-0.0014362045004157054,0.0053940597382613475,0.2092861696972086,99.69473,99.12328,0.12,6.704599857330322
2016-07-20,0.0064738947021329984,0.004236791477995716,-0.009583857031749687,-0.01773680567757996,-0.00420950586660418,0.006236179387893448,0.001544339009477369,0.010133431111816193,0.004261208315764264,0.00952050937904314,0.20381606434150396,99.69473,99.12328,0.13,6.695400238037109
2016-07-21,-0.004236791477995716,-0.02056912730762095,0.008832542195506221,-0.000601133697153422,0.0017746004574752394,0.006671185503847488,-0.0020597015663250673,0.009529781674049609,-0.003619069856525492,0.0006560167208213841,0.20205847619786554,99.69473,99.12328,0.05,6.676599979400635
2016-07-22,-0.01259295665518012,-0.039055377339699326,-0.005577361821545779,-0.0025664449815963053,-0.00979966610312577,0.0015679182426291405,0.004833672369620956,0.009172951468665147,0.004543626789510036,0.006129022570202203,0.2055621212544143,99.69473,99.12328,0.06,6.6743998527526855
2016-07-25,-0.024279652640915028,-0.047762852924537746,-0.0028761196958368984,-0.006873898980777504,-0.008089881097571361,-0.008089881097571361,-0.0018484324753753612,0.00753166689217899,-0.0030160187399292937,0.0007335420084038091,0.20449305087156217,99.69473,99.12328,0.08,6.693900108337402
2016-07-26,-0.004880960324311179,-0.039516466396269045,0.001060532177999285,-0.008144264175626859,0.004053067721289438,-0.016271384888536633,-0.0013370765721241185,0.0011328007652737782,0.000322732160719319,0.0024924786695388335,0.18282780147682587,99.69473,99.12328,0.07,6.679299831390381
2016-07-27,-0.023574878767412155,-0.0695652398658142,0.004457397609610503,0.005896990465733332,-0.018141070396735515,-0.030202949418667968,-0.0011328007652737782,-0.001544339009477369,-0.0011992609468087778,-0.0029679905930342088,0.1953737258705509,99.69473,99.12328,0.03,6.6697001457214355
2016-07-28,-0.018782126944199007,-0.08411057533201749,0.004287548927691454,0.001351997197918564,0.009565159108684052,-0.022412390767459156,-0.003199395747577327,-0.002684033190729629,0.0016049204480923507,0.002255999711583634,0.18557063663920617,99.69473,99.12328,0.0,6.666800022125244
2016-07-29,0.011119261198588415,-0.060398357478248954,0.012456768592093326,0.01938612761155767,0.006551430845745387,-0.006061293818587998,-0.01258662380895359,-0.020104329369304175,0.0016299801176575812,-0.0006576469602688206,0.1857031269170644,99.69473,99.12328,-0.03,6.656099796295166
2016-08-01,-0.03772176606890998,-0.0738404709062439,0.001777532976074525,0.024039780283469092,-0.010867179224614443,-0.00883859194563108,0.0018824551384764021,-0.01637344175545241,-0.0012705941474910887,0.0010877776321693844,0.18927334046559854,99.82362,99.16942,0.05,6.642300128936768
2016-08-02,-0.013824602577302336,-0.08278411315923506,0.009573679254285317,0.032552927359755124,0.0045423608417843875,-0.008349298825136131,-0.006814531139105462,-0.021850896322433755,-0.006381940812667075,-0.00561689534121701,0.18704721893760523,99.82362,99.16942,0.11,6.641499996185303
2016-08-03,0.032863388236076485,-0.026345846155746422,-0.006101874347359093,0.021993655402785528,-0.004770005119112408,0.005021766452486975,0.0052460514061261065,-0.01547204415103387,0.003129042716071062,-0.0012885916783371698,0.17980424400139422,99.82362,99.16942,0.09,6.628699779510498
2016-08-04,0.026584418283591926,0.01902069907204451,0.0019890781304123806,0.019695184605506455,-0.010068768707680809,-0.014612161363877885,0.002090786648691889,-0.010181861754764654,0.00021254929948888446,-0.002680962826940636,0.17650009375572778,99.82362,99.16942,0.04,6.630799770355225
2016-08-05,-0.0031052471823209693,0.004796190691135127,-0.016622543470038664,-0.009384127456625535,-0.009706527682213584,-0.030870119891836856,0.004480343987717461,0.006885106041906397,0.008566697289380087,0.00425575434478187,0.1730946677495032,99.82362,99.16942,0.09,6.638700008392334
2016-08-08,0.028768813201730747,0.07128676996177585,-0.0022473602575390217,-0.013409020690239082,0.005096104427134263,-0.01490683624008815,0.0021807898995129804,0.007183440802942975,-0.0009075772915414504,0.0046187712007315085,0.17348013117547517,99.82362,99.16942,0.08,6.673699855804443
2016-08-09,-0.005828201538569111,0.07928317100050908,0.004190977197580992,-0.018791722746943407,-0.006723169586563493,-0.02617236666843603,-0.0022847784226369683,0.011713193519411469,0.00038971798655573764,0.011390429999954321,0.16936631173098574,99.82362,99.16942,0.06,6.660399913787842
2016-08-10,-0.02509604668270704,0.021323736081725553,0.003950401091376676,-0.008739447308207637,0.009722366948608063,-0.01167999460071556,-0.005525727183487206,0.0009414149297981567,-0.0028687970634884152,0.005392590220394844,0.1371149572061067,99.82362,99.16942,0.06,6.655200004577637
2016-08-11,0.04179017894483694,0.03652949674297057,-0.0013399203995287934,-0.012068445838148811,0.008943995745001043,0.007332769851966292,0.002193088259604181,0.0010437165407104487,0.004723415102444228,0.009903456023350188,0.13369817884707016,99.82362,99.16942,0.1,6.639200210571289
2016-08-12,0.022733417340920603,0.06236816126621214,-0.005003147538015007,-0.00044904990612515405,-0.022862091274865604,-0.005822793740685728,-0.0014615243055731142,-0.004898151752580127,-0.0007963633869145781,0.0005403953470555223,0.15315745749232448,99.82362,99.16942,0.07,6.625999927520752
2016-08-15,0.027708742745671255,0.06130809081015265,0.0033631060701884152,0.005161416421602283,0.005125788409267584,-0.005793109758552406,-0.0009407261524998489,-0.008019667804592956,0.0027890162945221064,0.004236988933119079,0.1548975940938691,99.82362,99.16942,0.1,6.644899845123291
2016-08-16,0.018198078475630375,0.08533437082435213,0.0075813883174769,0.008551827541498191,0.009483103367300738,0.010413163195311825,-0.008822621517095897,-0.014557510899051884,-0.005494142216478259,-0.001646871269914918,0.15937477316557666,99.82362,99.16942,0.13,6.63539981842041
2016-08-17,0.004498220678771148,0.11492863818583032,-0.005792418519633635,-0.0011909920695121201,-0.00925075120281249,-0.008559954956108728,-0.0007387441002437711,-0.00977052781580845,0.0018668460061554981,0.0030887717997289954,0.15359013095061075,99.82362,99.16942,0.09,6.624800205230713
2016-08-18,0.03010437362345586,0.10324283286444924,0.006310574643693556,0.006459502973710229,0.006946128824059761,-0.010557821877050011,-0.0059296821787553355,-0.017893298254167966,0.0021972016963829333,0.0005625583936677003,0.1567300717520882,99.82362,99.16942,0.06,6.633999824523926
2016-08-19,0.006202195442073677,0.08671161096560231,-0.008024955279562818,0.003437695232162419,-0.0002307436232376059,0.012073525774577987,0.0037101697657551114,-0.01272160418283974,-0.001441309568768645,-8.23877881863666e-05,0.1563019726520152,99.82362,99.16942,0.1,6.611999988555908
2016-08-22,-0.03076524369450029,0.02823762452543077,-0.002016410277178693,-0.0019418211152046894,-0.012307126401783552,-0.00535938903647315,0.00010574519293005125,-0.01167513283740984,-0.0005634818833231137,-0.0034348859660315867,0.1581239159642349,99.82362,99.16942,0.08,6.634399890899658
2016-08-23,0.022071295572775984,0.03211084162257638,0.00216557191257305,-0.00735763752010854,-0.011751061047061695,-0.026593553450835583,0.00021161824599502665,-0.0026408930743189174,0.0019498671783617638,0.0040091234288084365,0.1603793839803693,99.82362,99.16942,0.07,6.647500038146973
2016-08-24,-0.02804016386331698,-0.0004275429195117475,-0.012157711605415678,-0.013722930605890582,-0.018611863647595484,-0.035954665895618576,0.0026408930743189174,0.0007387441002437711,-0.005254055259671375,-0.003111777837018437,0.168232713213409,99.82362,99.16942,0.08,6.6407999992370605
2016-08-25,0.011902401079790348,-0.01862951546317726,-0.003252072314532839,-0.023285577564116977,-0.0002408593348914856,-0.04314165405456982,-0.00021106006322835213,0.0064573662157707545,-0.0013661603966461655,-0.006675139930047536,0.1595398586228091,99.82362,99.16942,0.09,6.658400058746338
2016-08-26,0.006528349070219264,-0.018303361835031673,0.0010599822517303181,-0.014200640032823841,-0.00024091736208731174,-0.04315182779341953,0.008406092024669576,0.011153288474685219,-0.0015800642387127084,-0.006813894599991599,0.1537471939044551,99.82362,99.16942,0.15,6.65939998626709
2016-08-29,-0.013950762188385646,-0.0014888803289170305,0.0010588598789471604,-0.011125369876697988,-0.00120557323701731,-0.032050274628653286,0.00010465222243993821,0.011152195504195106,0.005214428428674367,-0.0010359842879941183,0.15003247530495237,99.82362,99.16942,0.11,6.678899765014648
2016-08-30,-0.013500710395900395,-0.03706088629759341,-0.00850234632726199,-0.021793288116533027,-0.0016902018967326349,-0.021989415478324226,0.004905308679849618,0.015845885938049697,-0.0019555914071229807,-0.004941442873478863,0.14753576755638886,99.82362,99.16942,0.11,6.67519998550415
2016-08-31,-0.036247740403547724,-0.04526846283782415,-0.003666029312142882,-0.013301605823260232,0.00024161593128124714,-0.003135935899447495,-0.0003124528451419195,0.01289254001858886,-0.002378691105562325,-0.0020660787193698127,0.1455604466150069,99.82362,99.16942,0.11,6.6803998947143555
2016-09-01,-0.035059381832986514,-0.09223024575060101,0.004047141416004152,-0.006002392092723241,-0.000483290254929547,-0.0033783668194855565,-0.003860756303024182,0.00924284377879303,-4.138538941145242e-05,-0.0007413037121350996,0.14568050952006745,99.97346,99.25815,0.12,6.677599906921387
2016-09-02,0.029225797014757582,-0.0695327978060627,0.0075162823500365405,0.0004539080055829814,0.0014492857149409621,-0.0016881637424572826,0.0024016690811512476,0.0032384208352747024,0.004192241599034752,0.0050310021256123605,0.14394101052811553,99.97346,99.25815,0.13,6.6682000160217285
2016-09-06,0.008737665142461992,-0.04684437047521506,0.020438704235930416,0.019833752362566237,0.006016164054410189,0.0055335735489702165,-0.011117026664648755,-0.00798325805181399,0.002977242370004518,0.0027938160669425116,0.14405144064901323,99.97346,99.25815,0.06,6.675899982452393
2016-09-07,0.014834726945152088,-0.018508933134162575,-0.0037865995033081745,0.024549499186520052,0.004309235504980746,0.011533010950683598,0.001475386404726109,-0.0114131803269375,-0.00014639593829279818,0.004603011535772694,0.14361907759581657,99.97346,99.25815,0.03,6.674300193786621
2016-09-08,0.04554049267184057,0.06327929994122572,-0.0055947329752399355,0.022620795523423,0.0014323330492211905,0.012723728068623541,0.000736877717550044,-0.010363849764245536,-0.0022254881924705927,0.0047562144488644265,0.142721161758301,99.97346,99.25815,0.09,6.662600040435791
2016-09-09,-0.03722350308694722,0.061115178687265015,-0.005024625803116578,0.013549028304302269,-0.00358462961467787,0.009622388708875218,0.0032567929878570823,-0.003246300473364272,-0.024827742410836073,-0.020030142572560194,0.13722793589950028,99.97346,99.25815,0.17,6.662799835205078
2016-09-12,0.008896659279461261,0.040786040951968694,-0.006865083481867096,-0.0008323375276013678,0.00358462961467787,0.011757732608612126,-0.002520457859279901,-0.00816842741379542,0.014570387233434623,-0.009651996938160323,0.1331186054711349,99.97346,99.25815,0.17,6.679900169372559
2016-09-13,-0.030488146089111545,0.0015602297203951565,-0.0015151518050107171,-0.0227861935685425,-0.00023856078677797488,0.005503007767423962,0.005557596134175391,0.008506195385028725,-0.014941748278211264,-0.027570987586376106,0.10963345067103915,99.97346,99.25815,0.24,6.678699970245361
2016-09-14,-0.029839457199734465,-0.043113954424491396,0.0018935813270291035,-0.017106012738205223,0.024744992792440912,0.025938765054884128,-0.0031419739275007075,0.003888835052801909,-0.0005878493998130452,-0.028012441047896353,0.140260071706785,99.97346,99.25815,0.21,6.676400184631348
2016-09-15,0.007543709566197876,-0.08111073753013409,-0.006072124918748756,-0.017583404681714043,0.0018604417207795931,0.02636687372644253,-0.00041969274512787536,0.0027322645901239895,0.010058516449440447,-0.015728436405985313,0.1361382951460596,99.97346,99.25815,0.22,6.6732001304626465
2016-09-16,-0.020244562616756223,-0.0641317970599431,-0.005879412979798104,-0.01843819185839557,-0.00023235216448824758,0.029719151176632153,0.008568492217847279,0.008043963820114186,-0.0037794277955720545,0.005319878209278706,0.13231540530799768,99.97346,99.25815,0.19,6.671199798583984
2016-09-19,0.006255098906740031,-0.06677335743266433,0.005879412979798104,-0.005693695396730369,-0.0011626822699150052,0.024971839292039277,-0.002813279029263427,0.00775114265013066,-1.8603233825409404e-05,-0.009269112257981327,0.12990286078193353,99.97346,99.25815,0.2,6.6707000732421875
2016-09-20,0.003228026623571356,-0.033057184719981425,0.00015221618146821214,-0.00402632741025144,0.003020100298333328,0.02823050037715058,0.0018763719855376948,0.004069918501492964,0.0002990934842346249,0.005971729504464562,0.13044234453460812,99.97346,99.25815,0.2,6.666200160980225
2016-09-21,0.042809004432630804,0.039591276912383844,0.009997866634651409,0.004077957897370865,-0.004883141631380816,-0.0013976340466711479,-0.0037561916073123314,0.00345570082168134,0.010858000333636042,0.01741757923791365,0.12417515384274079,99.97346,99.25815,0.15,6.66949987411499
2016-09-22,0.021384178231518725,0.05343174557770469,0.010122682135452976,0.020272764951572597,0.01961979576172046,0.01636171999426972,-0.002197758335269029,0.0016776352315401866,0.006478751917641468,0.01383781470611467,0.1336092672935942,99.97346,99.25815,0.08,6.673600196838379
2016-09-23,-0.04053418702543876,0.033142121169022154,-0.0023902560464241773,0.023761921884946524,0.0022831582111090265,0.018877230369866993,0.0003143184296909851,-0.006576538556616107,-0.005753292959718159,0.011863949541968566,0.11155890816250023,99.97346,99.25815,0.05,6.66379976272583
2016-09-26,0.032078865331191864,0.05896588759347399,0.0018678328051375814,0.019750341710286,-0.0011409275042689737,0.018898985135513025,-0.0017821252950200872,-0.0055453848223727675,-0.008624850117916694,0.0032577026578772816,0.11189077951490388,99.97346,99.25815,0.05,6.657199859619141
2016-09-27,-0.02781641060874529,0.02792145036115734,-0.010354179302007438,0.009243946226810351,-0.013099155419950992,0.0027797294172287046,0.0013630920360867549,-0.0060586647718237074,0.006423495165297943,0.0093821043389406,0.12413782107169147,99.97346,99.25815,0.04,6.667699813842773
2016-09-28,0.051908755442561016,0.03702120137108755,-0.004914386241190449,-0.005668306649031507,0.008293125416876879,0.0159559964654864,-0.00010480574313120883,-0.002407278907642585,0.005282576603643285,0.0038066806089478433,0.12545437777499832,99.97346,99.25815,0.01,6.6697998046875
2016-09-29,0.016442246158876905,0.032079269298445734,0.0017416435276524922,-0.014049345256831991,0.0006879446425053226,-0.002975854653728738,0.0011520199174119838,0.0009424993450384278,-0.009365127730081468,-0.012037199038775093,0.12474660867177581,99.97346,99.25815,0.02,6.67519998550415
2016-09-30,0.008535491238255588,0.08114894756214008,-0.006375659049503213,-0.018034748259911026,0.009582509528933914,0.004323496664096149,-0.0008377155574166295,-0.00020953464206918682,0.007936392588027807,0.001652486508970874,0.12678602914912268,99.97346,99.25815,0.0,6.668700218200684
2016-10-03,0.011746650821482518,0.06081673305243074,-0.0032796038609319567,-0.023182184925980565,-0.008436876596100262,-0.0029724524277351394,0.0030333260736963297,0.00460591672664723,-0.0032660231815277996,0.007011313445359768,0.1323744211622088,99.97346,99.25815,0.0,6.6381001472473145
2016-10-04,-0.0024615960446765506,0.08617154761649948,-0.03316418589365622,-0.045992191517629344,-0.011515601839187095,-0.0013888988469712427,0.0038568113820236505,0.007099636072584126,-0.004967881786361872,-0.004380063506300047,0.14109680303960023,99.97346,99.25815,0.07,6.6732001304626465
2016-10-05,0.023143607049519677,0.05740639922345814,-0.0008691271779577292,-0.041946932454396624,-0.001158909530313501,-0.010840933794161622,0.00010397406340612037,0.007308415879121455,0.004287486231197235,-0.005375153878746097,0.1406858826688259,99.97346,99.25815,0.1,6.67080020904541
2016-10-06,0.012167234831145901,0.053131387895727133,-0.012246596274554378,-0.055935172256603494,-0.0037174286246536292,-0.015246307061320574,0.0054982907972549455,0.011654686758964417,0.00048144385260417977,0.004471417703939551,0.14149615941376495,99.97346,99.25815,0.11,6.672999858856201
2016-10-07,-0.012568689214708773,0.03202720744276277,-0.0007203941462403662,-0.05027990735334065,0.003949406447818049,-0.02087941014243644,-0.0014494983262780536,0.011042903990102992,-0.0032587874416138973,-0.006723762325702154,0.1418086617349043,99.97346,99.25815,0.1,6.673699855804443
2016-10-11,0.019483708183113624,0.03976426480439388,0.0032774924785767823,-0.04372281101383191,0.010149953700369196,-0.00229257984596698,0.012151321835568218,0.02016089975197488,-0.007929247380431548,-0.011386986524605902,0.14374868854019082,99.97346,99.25815,0.13,6.707699775695801
2016-10-12,-0.012082955818995877,0.03014290503007455,-0.00151753108679209,-0.01207615620696778,-0.0041397595557639555,0.00508326243745616,0.0027597940037891178,0.01906388237374035,0.00114593220639847,-0.00527317253184556,0.14516538612521093,99.97346,99.25815,0.15,6.723499774932861
2016-10-13,0.005167936850591026,0.012167234831145901,0.003112427756607694,-0.008094601272402357,-0.02544196111966679,-0.01919978915189713,-0.004603871066531262,0.014356037243802966,-0.0031040764122334252,-0.01266473517527622,0.1728856140164126,99.97346,99.25815,0.12,6.718800067901611
2016-10-14,-0.001785895011357841,-0.001785895011357841,-0.0015151108775768307,0.0026368841245751895,-0.00545224555040269,-0.02093460607764619,0.005114054483977171,0.013971800930525191,0.000201584159120749,-0.012944594868759651,0.14945686285887974,99.97346,99.25815,0.13,6.729300022125244
2016-10-17,-0.00817633150632302,0.0026064626970279114,0.001036928370576895,0.004394206641392451,-0.0019033784776307794,-0.026787391003095018,-0.0013271121957023624,0.014094187061100882,-0.003042618111839701,-0.012728425538985455,0.14911853465219319,99.97346,99.25815,0.09,6.730999946594238
2016-10-18,0.006984011036023308,-0.009893234450062405,0.005089088772621153,0.006205802935436822,-0.0007146593678967195,-0.037652004071360934,0.00010217208429796898,0.002045037309830633,0.00614150560569815,0.0013423274471442426,0.14908943016217796,99.97346,99.25815,0.09,6.731500148773193
2016-10-19,0.02571537452738859,0.027905095896322063,0.005615528957908289,0.0133388629801372,-0.0004768371748262723,-0.03398908169042325,-0.0003064696212593532,-0.001021226315217838,0.0021895721553502057,0.002385967396095978,0.14911046879675482,99.97346,99.25815,0.08,6.743000030517578
2016-10-20,-0.022935400776113113,-0.00019824173038207604,-0.0018157090665287257,0.00841072615700078,-0.00310436896638977,-0.011651489537146231,0.0045873666525739765,0.0081700114038874,-0.0013766711313802915,0.004113372676949112,0.14845170080598652,99.97346,99.25815,0.08,6.735400199890137
2016-10-21,0.008293850347010245,0.00988150362798601,0.00023705220583014608,0.010162889240407758,-0.0033541995316204165,-0.009553443518363958,0.0038574533660273858,0.006913410285937616,-8.414514015520069e-05,0.003827643377673162,0.14810129466297495,99.97346,99.25815,0.07,6.743000030517578
2016-10-24,-0.006510785943787845,0.011547049190521186,-0.0030855868275567744,0.006040374042274088,0.0019180954892966673,-0.005731969551436511,-0.0003039852081876404,0.007936537273452338,0.004738594647427874,0.011608856136940737,0.12776619921849755,99.97346,99.25815,0.11,6.766300201416016
2016-10-25,-0.011146639611159248,-0.00658360145666137,0.00781410055123466,0.008765385820887595,0.021327745651160024,0.016310435467620232,0.0005066422106692059,0.008341007399823575,-0.0038049574647063267,0.0016623930665362607,0.15113458491497056,99.97346,99.25815,0.07,6.776199817657471
2016-10-26,-0.015735623938841314,-0.048034599922891275,-0.005597819151719641,-0.002447962288740335,0.0032771423295759883,0.020064414972022493,-0.0009121254038113591,0.007735351617271569,-0.0017419279211878802,-0.002269107010001825,0.15197360921430206,99.97346,99.25815,0.08,6.780600070953369
2016-10-27,0.010920248200732452,-0.01417895094604571,0.002447962288740335,0.0018157090665287257,0.012079135913166006,0.03524791985157827,0.0026326679913006856,0.005780652955998278,-0.0029911959060084925,-0.003883631784630026,0.15197660208410627,99.97346,99.25815,0.13,6.769700050354004
2016-10-28,-0.02072824543940932,-0.043201046732465276,0.005976250792453008,0.007554907653151588,0.010565097208809937,0.04916721659200862,-0.005475585789588955,-0.003552386199618063,-0.003113140139625159,-0.0069126267840999844,0.15371597600946704,99.97346,99.25815,0.13,6.784800052642822
2016-10-31,-0.038514599650000925,-0.07520486043867836,-0.0031409527196926135,0.007499541761015749,0.005468267939105376,0.05271738904181733,0.0010162447668013996,-0.0022321562246290227,-0.00012228388419810443,-0.011773505315725963,0.154796812955667,99.97346,99.25815,0.11,6.783400058746338
2016-11-01,-0.0040629253770112506,-0.06812114620453036,0.011650332541121244,0.011335773750902334,0.010847532214003364,0.04223717560466067,-0.007647246274355979,-0.010386044709654207,-0.006810019108735688,-0.014778566959755324,0.15579865613115434,100.2618,99.53194,0.11,6.774600028991699
2016-11-02,-0.02891187228284231,-0.08129739454853135,0.01573379968826938,0.03266739259089135,0.000674139873121038,0.03963417314820572,-0.003075301498133065,-0.012549220803975913,-0.00654688445345375,-0.019583523492021193,0.15238475383902023,100.2618,99.53194,0.11,6.766300201416016
2016-11-03,-0.015111405449442117,-0.10732904819870592,-0.0036031111066421317,0.026616319195508886,0.008276459841739525,0.03583149707677924,-0.002467084489093274,-0.017648973284369873,-0.004433213022609017,-0.021025540608621718,0.1473786238475608,100.2618,99.53194,0.14,6.747099876403809
2016-11-04,-0.013298971066256104,-0.0998997738255527,0.0009212200167434403,0.021561288419799318,0.007324412623070153,0.032590812491039456,-0.0009267772452430378,-0.013100164740023956,-0.00166752027169359,-0.01957992074069015,0.14811679259052746,100.2618,99.53194,0.11,6.766200065612793
2016-11-07,0.018435767268137226,-0.042949406907414556,-0.019368438629986606,0.005333802509505325,0.019924048801327032,0.04704659335326111,0.007287680086058401,-0.006828729420766955,0.021980199729465077,0.002522562872973033,0.15837249733712155,100.2618,99.53194,0.12,6.755499839782715
2016-11-08,0.0020028971568839538,-0.03688358437351935,-0.003840600616411116,-0.010157130648027035,0.030949003850788137,0.06714806499004589,0.0008178474316453688,0.001636364285234393,0.003764878397158,0.013097460378866721,0.1849596469204493,100.2618,99.53194,0.15,6.774099826812744
2016-11-09,0.006426635205601716,-0.001545076885075325,-0.0006284751409726397,-0.026519405477269054,0.03307459854861461,0.09954852366553946,0.006518656080078067,0.011230321863445525,0.011016119879656117,0.030660464711976587,0.2089950171738357,100.2618,99.53194,0.25,6.784800052642822
2016-11-10,-0.013566328564366792,0.0,-0.005594731629116723,-0.028511025999743644,0.036142448801963156,0.1274145126257631,0.0029398461457486036,0.016637252498287403,0.0019488457160949935,0.0370425234506806,0.23042087812963652,100.2618,99.53194,0.27,6.77869987487793
2016-11-14,-0.030463827907250884,-0.01716485684099478,-0.035633359108182106,-0.06506560512466919,-0.012233735225993358,0.10785636477669958,0.013273193204409672,0.030837222947940113,-0.0015144378049809504,0.03719560591739324,0.21014471964931808,100.2618,99.53194,0.4,6.805099964141846
2016-11-15,0.055888022788520786,0.02028739867938878,0.0022902421952748497,-0.043406924299407734,-0.00657307239945204,0.0813592435759205,0.0007988201107336224,0.024348362972615334,0.007452955022089647,0.022668361210017807,0.21110358444218488,100.2618,99.53194,0.41,6.845699787139893
2016-11-16,-0.005252839297690937,0.01303166222481389,-0.0004902963078956546,-0.04005661999089227,-0.014898676723967719,0.03551156300116465,0.002193432723969657,0.025723948264939622,-0.0015835165223760939,0.017319966290483713,0.22342786310274582,100.2618,99.53194,0.39,6.858099937438965
2016-11-17,-0.003297102215364056,0.003307924803848117,-0.005656004540798953,-0.045084149390718586,0.009086398206376689,0.011523362658926728,0.004768968007709873,0.023974260192571428,0.004665469361198049,0.010969315772025645,0.22137893085194643,100.2618,99.53194,0.42,6.7891998291015625
2016-11-18,0.005926929154901117,0.022801182523116026,-0.006597962080038933,-0.046087379841640796,-0.00949213062860832,-0.03411121677164475,0.003166748784376061,0.024201162831198886,-0.002389651365549028,0.0066308186903816235,0.22789156236187133,100.2618,99.53194,0.44,6.8765997886657715
2016-11-21,0.03863977238614247,0.09190478281650938,0.0009097850981474309,-0.00954423563531126,0.019492252111118047,-0.0023852294345333425,-0.0015820831048882766,0.009345886521900937,0.007433702070874126,0.0155789585662367,0.22786158293362097,100.2618,99.53194,0.42,6.892499923706055
2016-11-22,0.011306592356688405,0.047323352384677,0.0011567583114064917,-0.010677719519179618,0.011869564078653472,0.01605740704357217,-9.898694682775044e-05,0.008448079464339564,0.002163091103593473,0.010289094647740527,0.22373227905659301,100.2618,99.53194,0.41,6.888899803161621
2016-11-23,-0.0014584791913829775,0.05111771249098496,-0.018249766641106113,-0.028437189852390077,0.02466860176682717,0.05562468553436706,0.006510785943787845,0.012765432684157751,0.0008076981569082875,0.012680309327024908,0.2278844257308991,100.2618,99.53194,0.44,6.8892998695373535
2016-11-25,-0.04042238686211741,0.013992427844231603,-0.00920888926738428,-0.0319900745789754,0.023137807730432947,0.06967609505842332,-0.0020670226350150145,0.005929442041432864,0.0039067456134240786,0.011921585579250937,0.22904494934958894,100.2618,99.53194,0.47,6.9182000160217285
2016-11-28,0.021903397076683984,0.02996889576601447,0.010469552569007945,-0.014922559929928525,-0.004133072386311443,0.07503515330072019,-0.0015777148816082942,0.0011849783754485088,-0.005268389254735162,0.009042847690064804,0.23344677172780184,100.2618,99.53194,0.47,6.9217000007629395
2016-11-29,-0.04008774791553149,-0.04875862453565949,-0.0022702983658282605,-0.018102643393904216,-0.02323466591040102,0.032308235279201125,-0.003955325256033149,-0.0011882637756963632,0.0013344023532617655,0.0029435479724524427,0.2605316598041494,100.2618,99.53194,0.44,6.906300067901611
2016-11-30,0.08899921200355898,0.028933995111211086,-0.014499745325127655,-0.03375914703043836,0.01016015120809477,0.030598822408642423,0.0056315882074358115,0.004542311378567199,-0.002656930555156478,-0.0018764736862975084,0.2604972616975713,100.2618,99.53194,0.43,6.897299766540527
2016-12-01,0.03224165333645734,0.0626341276390514,-0.0033366367884370973,-0.018846017177769347,0.003807349135056093,0.009737569776871347,-0.004542311378567199,-0.006510785943787845,-0.003521722966763896,-0.006205894809969692,0.2608119388441327,100.3698,99.68017,0.48,6.8907999992370605
2016-12-02,0.012069426670480166,0.11512594117164898,0.007002548829521338,-0.0026345790808637304,-0.006289926822314995,-0.019690164775876595,-0.0026758281237908577,-0.007119591432563688,0.0003969277200850385,-0.009715712703308732,0.26559548171222985,100.3698,99.68017,0.49,6.876500129699707
2016-12-05,0.002126232734035227,0.09534877682900023,-0.0009365081756955718,-0.014040639825567247,0.027905235691934815,0.012348143302369663,-0.006271458172667721,-0.011813334723623115,0.005804426926743211,0.0013571034781696412,0.27316111633196405,100.3698,99.68017,0.45,6.885499954223633
2016-12-06,-0.016744951224909155,0.11869157351962256,-0.005466382317694141,-0.017236723777433127,-0.006342106879171139,0.029240702333599544,0.0034889979959116246,-0.004369011471678341,0.003405084468874442,0.0034277855937823176,0.2782935871889169,100.3698,99.68017,0.44,6.870999813079834
2016-12-07,-0.023039744820531727,0.006652616695531854,0.0063178085079114155,0.0035808300556059436,-0.013185290780129866,0.005895260345374909,-0.0025906202736498685,-0.012591219952764021,0.01307735874472371,0.019162074893662506,0.2880979308032305,100.3698,99.68017,0.42,6.872000217437744
2016-12-08,0.021271047254543873,-0.0043179893863816154,-0.004435311828759225,0.0024821550152838157,-0.006467665103193299,-0.004379753892874483,0.00834576453804381,0.000296855963846987,0.0021570150168708224,0.024840812877297225,0.28806203134884273,100.3698,99.68017,0.45,6.870500087738037
2016-12-09,0.012898358347101624,-0.003489057709760157,-0.008930184786370532,-0.013450578600608054,0.00836191684626253,0.010272089775703042,0.004934869879702042,0.007907553967339886,0.005921418532969902,0.03036530369018209,0.27375194513798656,100.3698,99.68017,0.51,6.869900226593018
2016-12-12,0.02549743816590677,0.019882147722111387,0.00353005277921703,-0.008984017645695452,-0.011037236518671945,-0.02867038243490372,-0.006023823222139235,0.008155188917868372,-0.001138082290599307,0.02342279447283957,0.2589874821975427,100.3698,99.68017,0.51,6.906700134277344
2016-12-13,0.0028352293680153906,0.03946232831503593,-0.005861622654292908,-0.00937925798229422,-0.007683472873913244,-0.030011748429645824,0.0006931006323753763,0.005359291554332124,0.006518483201237046,0.026536193205202174,0.23108755096472725,100.3698,99.68017,0.53,6.896900177001953
2016-12-14,-0.0373048182296305,0.02519725490593716,0.003969028209747982,-0.011728038280457653,0.0026959268007120674,-0.01413053084880389,0.009555322927210952,0.017505234755192944,-0.00815029546185908,0.005308538998619383,0.22620881160542974,100.3698,99.68017,0.6,6.89169979095459
2016-12-15,-0.002746703439530762,0.0011795042118625254,-0.029271233629700077,-0.036563960081398506,-0.0015396264045082209,-0.009202492150118813,0.01101748841147554,0.020176958628624675,0.003875707687553742,0.007027231669302303,0.22460708066749333,100.3698,99.68017,0.7,6.903800010681152
2016-12-16,0.01945586603775551,0.007737011902516411,0.0066281005113921765,-0.021005674783635797,-0.01357393227403203,-0.031138341270413372,-0.0017468978650549971,0.013495190883867636,-0.0017521567509799496,-0.0006463436146475487,0.2234130685102273,100.3698,99.68017,0.74,6.934299945831299
2016-12-19,0.004229912191052065,-0.013530514072338296,0.004569786544949217,-0.01996594101790361,-0.02550809259851461,-0.04560919735025604,0.0018438788744221668,0.021362892980429038,0.0019731727152114686,0.002464911391163227,0.24070616444335355,100.3698,99.68017,0.68,6.9583001136779785
2016-12-20,0.0021083019205665465,-0.01425744151978714,-0.007922576650851276,-0.022026895014461978,0.0012009692996378662,-0.036724755176704926,0.0014532921770875618,0.022123084525141223,0.0036309124011522087,-0.0004226594089216107,0.23813318915608842,100.3698,99.68017,0.67,6.953000068664551
2016-12-21,0.004965673557269401,0.02801305026711276,-0.0003535971206103383,-0.0263495203448203,-0.0032058274391152386,-0.04262650941653223,-0.0026174633300231065,0.009950298267907165,-0.0024603857246772165,0.005267250328260253,0.22832010792177054,100.3698,99.68017,0.64,6.94980001449585
2016-12-22,0.00872537921499772,0.03948513292164124,-0.0020354241577118515,0.0008862891271679274,0.0012033780383460257,-0.039883504973677986,0.000679246032694536,-0.00038794411087383907,-0.001864711222396842,-0.0004731685816903308,0.22404788845108273,100.3698,99.68017,0.6,6.941400051116943
2016-12-23,0.0013211230385792305,0.021350389922464963,0.0027424934122031175,-0.0029993179720211316,-0.008858457740607673,-0.03516803044025363,-0.0007762659511820758,0.0005826878029990823,0.00125093253507913,0.002529920704368749,0.2051276476802586,100.3698,99.68017,0.58,6.940400123596191
2016-12-27,0.016461296729720853,0.03358177446113375,0.004759416916297887,-0.0028096876006724614,0.014255762474498002,0.0045958246327589825,9.701991848753977e-05,-0.0011641711529355447,0.0022458489045487084,0.0028025968937059886,0.19309238642044535,100.3698,99.68017,0.58,6.944699764251709
2016-12-28,0.0029640600269980055,0.03443753256756521,0.0018447543496460383,0.006957643399824853,-0.005196898367980873,-0.0018020430348597571,0.0023269885872050367,-0.00029047474281806984,-0.008391640709771053,-0.009219956217217273,0.19321123450987265,100.3698,99.68017,0.56,6.942500114440918
2016-12-29,-0.005378866916438518,0.02409299209385729,0.014809922780900209,0.0221211633013354,-0.006433393351007899,-0.005029608946752417,-0.005632741164338206,-0.0033057525771331697,-0.00029334773186828755,-0.007052918224408344,0.17928009341019882,100.3698,99.68017,0.55,6.958099842071533
2016-12-30,-0.0009303049564768351,0.014437307922382736,-0.005549809897020808,0.018606777562026444,0.007434918645107036,0.0012019316600085928,-0.002828313349366063,-0.0068133119591937685,-0.0046478346968550355,-0.009836041698866538,0.17715293834963486,100.3698,99.68017,0.5,6.945300102233887
2017-01-03,-0.026215539003824784,-0.013099354120021278,0.009002851929303723,0.02486713607912705,-0.0066285254457144616,0.0034318639549018037,0.007976693081634068,0.0019396470736223748,0.008450766753157701,-0.0026362074807879665,0.17630076141352022,100.3698,99.68017,0.47,6.943999767303467
2017-01-04,0.017615693496550122,-0.01194495735319201,0.0029257608917383493,0.023033480054567512,0.02664709270306931,0.01582319418347311,-0.0049536514880665905,-0.0031110243329317555,0.005705963770549438,0.0008239073852127632,0.2029952983638975,100.3698,99.68017,0.47,6.959799766540527
2017-01-05,0.00934411612221231,-0.005564901257977706,0.013569572279167552,0.034758297984089026,-0.007287118120810732,0.013732974430643252,-0.011556296879835948,-0.01699430979997274,-0.0007709676024818535,0.008444580492501963,0.17385429012208067,100.3698,99.68017,0.42,6.925099849700928
2017-01-06,0.004269210325257511,0.0040831759837183235,-0.006633743360060507,0.01331463184312831,0.003354753611092942,0.023521121392744093,0.00687157494264401,-0.004489993692990524,0.0035107891805798985,0.012248717404950149,0.17468666006516434,100.3698,99.68017,0.46,6.887899875640869
2017-01-09,-0.03832470113612052,-0.03331122019592536,0.009849765856593251,0.02871420759674237,-0.003157119946076037,0.01292908280156102,-0.002841059107758781,-0.004502739451383242,-0.0035549054715602324,0.013341646630244952,0.1703211533119813,100.3698,99.68017,0.43,6.917500019073486
2017-01-10,-0.022184202295564948,-0.029279883487665526,0.0005912499106308644,0.02030260557806951,0.02863735969843162,0.0481949679457071,0.0007845624615150371,-0.011694870071502272,0.0,0.004890879877087251,0.19955205348180297,100.3698,99.68017,0.43,6.936699867248535
2017-01-11,0.02774991895793555,-0.0191456580262801,0.009580731125188535,0.026957575811519696,-0.0009606375303525816,0.02058723771228521,-0.0022572594686698366,-0.008998478052105519,0.002825642389102434,0.0020105584956402467,0.19705028579662545,100.3698,99.68017,0.39,6.921199798583984
2017-01-12,0.014440652491582995,-0.014049121656909414,0.0027563590874688515,0.016144362619820996,0.02261808009492372,0.05049243592801966,-0.004233751324671076,-0.0016759324969406464,-0.0021471123937297776,0.0006344137043923226,0.20902582313178011,100.3698,99.68017,0.38,6.936100006103516
2017-01-13,-0.012146655440662624,-0.030464987422829548,-0.0030072493432919956,0.019770856636589507,0.007489261976446837,0.05462694429337356,-0.0016787459625122736,-0.01022625340209693,0.0018481313951461686,-0.0010282440810414073,0.20781850816694436,100.3698,99.68017,0.41,6.894899845123291
2017-01-17,0.0020982480173614704,0.009957961730652443,0.013874646895224885,0.02379573767522114,-0.024165846746775244,0.03361821749267435,-0.008436340692115074,-0.015821534986453223,-0.0029719144562179167,-0.0004452530656990916,0.2260355175843604,100.3698,99.68017,0.36,6.890999794006348
2017-01-18,-0.027039068902061647,0.005103095124155743,-0.0005776842959903661,0.02262680346859991,-0.003253849501053563,0.0017270082931891695,0.005962439086563798,-0.010643658361404462,0.0017622004698090166,0.001316947404109925,0.2262892851815652,100.3698,99.68017,0.42,6.844600200653076
2017-01-19,0.005661256675447923,-0.016985567158331882,-0.008622907336826913,0.004423165006584462,-0.0024954444773297446,0.00019220134621200646,0.002177368424656656,-0.0062090304680779695,-0.0036158376243191626,-0.005124532609311672,0.2209723564869224,100.3698,99.68017,0.43,6.8379998207092285
2017-01-20,0.02023383927821154,-0.011192380371703337,0.002827229814809762,0.004494035733925372,0.005940447959510098,-0.016485430789201616,-0.004061659586943378,-0.006036938730350272,0.0033605840613004645,0.00038316384571857043,0.1997236548099517,100.3698,99.68017,0.44,6.861299991607666
2017-01-23,0.006275609391375614,0.007229884460334901,0.008845550963396676,0.016346836040614043,0.008560805523206927,-0.015413887242441526,-0.005773975197738146,-0.010132167965576144,-0.002693749646070387,-0.004158717195497985,0.20086304844545863,100.3698,99.68017,0.39,6.875500202178955
2017-01-24,0.008118619197241994,0.013250255640215425,-0.0038757736862713443,-0.0014035845408821856,0.02284747686053079,0.03159943636486451,0.0018951161223963453,0.0001992888489352751,0.006543140528962432,0.005356337789682364,0.2113827074582493,100.3698,99.68017,0.41,6.843999862670898
2017-01-25,-0.008118619197241994,0.03217070534503508,-0.010799240583716951,-0.011625140828608771,0.0007403640601050254,0.035593649926023097,-0.0031939312430582234,-0.008957081480686746,0.007994052795968543,0.01158819011584189,0.21146143077720705,100.3698,99.68017,0.45,6.848999977111816
2017-01-26,0.019337855786455194,0.04584730445604235,-0.006536011761648197,-0.009538245253430055,-0.013598129087372013,0.024490965315980828,0.0034928280712227533,-0.007641621834120649,-0.0007356549352630637,0.014468372804897989,0.21563644646558466,100.3698,99.68017,0.43,6.873600006103516
2017-01-27,-0.011407335064125501,0.014206130113705306,-0.0011776788275987826,-0.0135431538958386,0.005237639170859287,0.023788156527330018,0.0014932214097118646,-0.002086740837465406,-0.0008668394897410892,0.010240949253856435,0.2122514776730496,100.3698,99.68017,0.41,6.878399848937988
2017-01-30,-0.010207973418019822,-0.0022774526956901298,0.004283360803183811,-0.018105344056051464,-0.012201006530067282,0.0030263444740558088,-0.0009952078307149392,0.0026920265295578005,-0.006027673496096675,0.006907025403830147,0.21705796559678195,100.3698,99.68017,0.42,6.882999897003174
2017-01-31,0.003414273062730011,-0.006981798830202113,0.012823912008577132,-0.0014056583612029883,0.027567356554541567,0.007746224168066584,-0.009202807349373288,-0.008405896942211832,-0.0008903016080328285,-0.0005264167331651137,0.23033436366662752,100.3698,99.68017,0.4,6.88070011138916
2017-02-01,0.0200587786429125,0.02119559900995238,-0.0024852966654380637,0.006908285557075899,-0.006266131937548658,0.0007397281704129011,0.0013055211738466355,-0.0039064445253069735,0.0002983189881167192,-0.008222150541016937,0.23296768955648678,100.5041,99.87598,0.43,6.878699779510498
2017-02-02,-0.006330316174046224,-0.004472572950549036,0.00916488760006029,0.022609184918784386,-0.009846800221316454,0.00449105703646846,0.002105360311699833,-0.005293912284829894,0.0005701468386902775,-0.006916348767063596,0.23503897973484655,100.5041,99.87598,0.43,6.880899906158447
2017-02-03,0.005401911396289094,0.012336673509865559,0.0014783584034638864,0.025265222149847055,-0.025911631509745292,-0.02665821364413612,0.00020032317650287013,-0.006586810518038888,0.007238496854554022,0.001188987577231515,0.2406614673821245,100.5041,99.87598,0.44,6.880000114440918
2017-02-06,-0.015350423251867529,0.007194223676017852,0.00939357530120244,0.030375436647865683,0.013701456665639822,-0.0007557504484290156,0.00040044964239438485,-0.005191153044929564,-0.00211759751370888,0.00509906355961931,0.24238244899114345,100.5041,99.87598,0.4,6.872200012207031
2017-02-07,-0.01597296140004989,-0.012193010786762049,0.003408777957932152,0.020960302597220704,-0.0073983141736960745,-0.03572142117666666,0.003497015743254117,0.007508670047697841,0.00022680346384529315,0.006216168631497432,0.24455328982286711,100.5041,99.87598,0.4,6.86359977722168
2017-02-08,0.0032533180808669293,-0.02899847134880762,0.0027510532075201155,0.026196652470178883,0.01305234541406397,-0.016402943825054028,0.00019942797488248232,0.006402576848733688,0.0006930821486097472,0.00661093179199046,0.24699524481166332,100.5041,99.87598,0.38,6.884500026702881
2017-02-09,0.01253101353480135,-0.010137141639960046,-0.002022081854818225,0.015009683015300368,-0.0047094548989807805,-0.011265598502718355,0.003682906128902097,0.007980122665935951,0.005736063735960251,0.011776848689260433,0.22868814172400254,100.5041,99.87598,0.41,6.872499942779541
2017-02-10,0.016096185163517074,0.0005571321272679342,-0.0005668768500655119,0.01296444776177097,0.042150446577029266,0.0567964795840562,0.0014892186665944607,0.009269018156027542,0.0035597068220090122,0.008098058656715423,0.2695934749485472,100.5041,99.87598,0.4,6.868599891662598
2017-02-13,-0.017417807080094327,-0.0015102517009588645,-0.008134093816161148,-0.004563221355592617,0.00523605151870532,0.0483310744371217,0.0015860038120418807,0.010454572325675038,0.0052321335840117555,0.015447789754436059,0.26009933959829756,100.5041,99.87598,0.43,6.895199775695801
2017-02-14,0.0050881190530209786,0.019550828752112004,-0.00040844667481820807,-0.008380445988342977,-0.016523313954613483,0.03920607465620429,0.0028683162619644875,0.009825872844385408,0.003999327195672642,0.019220313486263407,0.2669621244495908,100.5041,99.87598,0.46,6.879499912261963
2017-02-15,-0.0016931647620426205,0.014604345909202454,0.006352787968514129,-0.004778711227348964,0.0018291991322942902,0.027982928374434612,-0.0006915941066916176,0.008934850762811308,0.0049798886657344,0.02350712000338806,0.25092831359382184,100.5041,99.87598,0.45,6.866799831390381
2017-02-16,0.004696167119217609,0.006769499493618714,0.006716090294516697,0.003959460921985958,-0.007336782876943837,0.025355600396471556,-0.007340553283461837,-0.0020886086495526257,-0.0008644916015505544,0.016906564665877255,0.25242555576036985,100.5041,99.87598,0.43,6.8684000968933105
2017-02-17,0.0007493614949192207,-0.00857732417497914,-0.0019373790671677327,0.002588958704883737,-0.0038735426852496424,-0.020668388865807352,0.005064755931961429,0.0014869286158143424,0.0016771493272376148,0.015024007171105858,0.2527750289363686,100.5041,99.87598,0.41,6.85260009765625
2017-02-21,0.012283791710730796,0.021124274615845984,-8.078508906983473e-05,0.01064226743197505,0.014676543187542301,-0.011227897196970371,0.004151901960475435,0.0040528267642478966,0.006029850020069283,0.015821723607163385,0.25633553169845297,100.5041,99.87598,0.4,6.8780999183654785
2017-02-22,-0.008732079897311618,0.007304075665513388,-0.004454350349380576,0.006596363757412682,-0.004746270704336197,0.0005491460533069148,-0.0003946809584931543,0.0007898295437902547,-0.0010827861468039046,0.010739610264686839,0.2563737913175996,100.5041,99.87598,0.38,6.882599830627441
2017-02-23,0.015920377036634292,0.0249176174641903,0.014664634347995253,0.014908210136893807,-0.03349155909911328,-0.03477161217810065,-0.0027670614803367855,-0.0012856378298549132,0.00041889897125901854,0.006178620570211457,0.2715143809693923,100.5041,99.87598,0.35,6.873700141906738
2017-02-24,-0.00848398807204287,0.011737462272929822,0.005344891913360961,0.013537011755738071,0.014091409541794442,-0.013343419759362374,0.0003956988896351987,0.006450614343242123,0.0014922502320313669,0.008535362403793378,0.27650678631341236,100.5041,99.87598,0.31,6.865499973297119
2017-02-27,0.001110654651108156,0.012098755429118757,0.00039772501044499364,0.015872115833350797,0.002794574021612428,-0.006675303052500303,0.0003956178154167489,0.0017814762266974427,0.0010174652677337193,0.007875678344289483,0.2724477534355761,100.5041,99.87598,0.35,6.900700092315674
2017-02-28,-0.000740346441942652,-0.0009253827235546908,-0.0038247447646631016,0.01212815615775753,0.006120763316175615,-0.01523108292386699,-9.883319499692789e-05,-0.00246925892877492,-0.002581706115194926,-0.000735877790974726,0.2726631389810539,100.5041,99.87598,0.34,6.870100021362305
2017-03-01,-0.0033382169394648997,0.004468480234292027,-0.002958188183111332,0.013624318324026774,0.008286591206091098,-0.002198221013439694,0.006505651606983243,0.004431073636701477,0.013581211083725009,0.013928119439554187,0.2699327248965107,100.5407,99.91281,0.43,6.866399765014648
2017-03-02,-0.022924739244218895,-0.03437663604656116,-0.013705470631345307,-0.014745786655313786,-0.017388499584457873,0.01390483850121571,0.004118038741818708,0.01131617385885697,-0.005877116972104801,0.007632103496190368,0.25975278481548025,100.5407,99.91281,0.48,6.882199764251709
2017-03-03,0.013592831602779132,-0.012299816371739158,-0.0052087888179785935,-0.02529946738665334,0.002795094728784475,0.002608523688205744,-0.006478829373290473,0.004441645595931298,0.0005037503685345612,0.006643603632693562,0.25922011226359465,100.5407,99.91281,0.45,6.887599945068359
2017-03-06,-0.002440648258365652,-0.015851119281212966,-0.0008163265759453253,-0.02651351897304366,-0.016510750076191294,-0.01669680040959798,0.0009843339112611815,0.005030361691775731,-0.0032826227635656124,0.0023435156013942304,0.2633052244678432,100.5407,99.91281,0.48,6.896200180053711
2017-03-07,-0.001128481842625817,-0.01623925468189613,-0.007706239569881035,-0.030395013778261593,-0.01275598725615057,-0.03557355098192416,0.0016711546921497344,0.006800349578922393,-0.002917625902089327,0.0020075958144998296,0.2510456056498778,100.5407,99.91281,0.49,6.896699905395508
2017-03-08,-0.055322569401998756,-0.06822360714442999,-0.005446436678803401,-0.03288326227395366,-0.006728824354565233,-0.050588966542580494,0.0025505422864595673,0.002845240258398718,-0.0022868279640642086,-0.013860443233289388,0.24693835776008138,100.5407,99.91281,0.56,6.902299880981445
2017-03-09,-0.020089064989438743,-0.06538793288964984,-0.005060341400330515,-0.02423813304293887,-0.008523908501904431,-0.04172437546002705,-0.0021577217343535793,-0.0034305202177735694,0.0007995756127661124,-0.007183750648418474,0.24733785324150864,100.5407,99.91281,0.6,6.911900043487549
2017-03-10,-0.016160668722542404,-0.09514143321497137,-0.0014149003729180265,-0.020444244597878303,0.006399710245160506,-0.03811975994365102,-0.00590842170453687,-0.0028601125490199664,0.00326333970585857,-0.0044241613110944655,0.24361207164504928,100.5407,99.91281,0.57,6.910200119018555
2017-03-13,-0.0018577804829509326,-0.09455856543955665,0.0014149003729180265,-0.01821301764901495,0.01153192574698847,-0.010077084120471258,0.0012830999656028297,-0.002561346494678318,0.0003665656191698119,-0.0007749729283590412,0.2472539304674381,100.5407,99.91281,0.61,6.856599807739258
2017-03-14,-0.014149222438759157,-0.10757930603568999,-0.000415921471574876,-0.010922699550708792,0.002862389779794916,0.005541292915474227,0.0031514670948107337,-0.001081034092017319,-0.003384748980891139,-0.0012420960071608533,0.19329121649526504,100.5407,99.91281,0.61,6.913000106811523
2017-03-15,0.023608455511189952,-0.028648281122501285,-0.0014987919775935055,-0.006975054849498896,0.008160163750165594,0.020430281020205054,-0.00948435393494318,-0.013115930313420066,0.008339879124686256,0.009384611081589611,0.19501226341427794,100.5407,99.91281,0.5,6.9145002365112305
2017-03-16,-0.002253880877583825,-0.010813097010646366,0.02175971840450508,0.019845004955336698,0.0075315669198225965,0.03648575644193208,-0.004676405055228372,-0.01563461363429486,-0.0016280347991832755,0.006957000669640223,0.1906630438858234,100.5407,99.91281,0.51,6.913599967956543
2017-03-17,0.0006151703192536218,0.005962742031149659,0.0026870095249433845,0.02394691485319811,0.00523861901809497,0.035324665214866546,0.00029921133729793326,-0.009426980592460055,-0.0013151792642318583,0.002378481699549795,0.1916986367056334,100.5407,99.91281,0.49,6.896699905395508
2017-03-20,-0.011546469694798223,-0.0037259471806976308,0.003085109794670693,0.025617124274950775,-0.008997311932231411,0.014795427535646666,0.0010961149687158667,-0.009613965589347018,-0.002011916080379983,0.0,0.19247567600000426,100.5407,99.91281,0.47,6.904099941253662
2017-03-21,-0.01841829075923984,-0.007995015501178315,0.010081950338284962,0.03611499608481061,-0.01728275531792789,-0.0053497175620761395,-0.005993486124947545,-0.018758918809105296,-0.012485594590102345,-0.009100845609211206,0.20037714128900982,100.5407,99.91281,0.45,6.906000137329102
2017-03-22,0.014678408960316247,-0.01692506205205202,0.0025647791657270602,0.04017856722813118,0.004587196198233334,-0.0089226851140084,-0.0013032961372596574,-0.010577861011421774,0.0018881028474631023,-0.015552621886434359,0.19288834305771033,100.5407,99.91281,0.43,6.884900093078613
2017-03-23,-0.00710260238055449,-0.021773783555022685,-0.001922942939821759,0.01649590588380434,0.005514857795464123,-0.010939394238366873,0.0008022646847809511,-0.005099191271412451,-0.001060832144830215,-0.014985419232081298,0.19444495871999076,100.5407,99.91281,0.46,6.882999897003174
2017-03-24,0.005644427072358571,-0.016744526801917736,0.0010419837987623026,0.014850880157623259,-0.004942889550106355,-0.021120902806568198,-0.0013040262965349214,-0.006702428905245306,-0.0008443522139387483,-0.014514592181788188,0.15722496247128934,100.5407,99.91281,0.42,6.885799884796143
2017-03-27,-0.005015719534077423,-0.010213776641196937,0.005751791949558438,0.017517562312511004,0.0005715504585651621,-0.011552040415771625,-0.004627765754706026,-0.012426309628667198,-0.0010201075858455866,-0.013522783687253792,0.14830747161260638,100.5407,99.91281,0.41,6.853499889373779
2017-03-28,0.013319643325593322,0.021524157443636227,-7.96396089333129e-05,0.007355972365292729,0.016622940791168994,0.02235365569332526,0.005430432924563355,-0.0010023905791562981,0.007225308829624133,0.0061881197324726855,0.1600241305343892,100.5407,99.91281,0.45,6.872099876403809
2017-03-29,0.023294870719051897,0.030140619202371877,-0.0015147484528919009,0.003276444746673768,0.00037466415191311775,0.018141123647005042,0.0029042223292909952,0.0032051278873943545,0.0010847362038299835,0.005384753088839567,0.1583351113530622,100.5407,99.91281,0.41,6.878300189971924
2017-03-30,0.016823953387371304,0.05406717497029767,-0.006724348370036104,-0.0015249606835405771,-0.0018744576829223814,0.010751808168618537,0.0040916543748128475,0.006494517577426251,0.002930810911704995,0.009376396145374777,0.1550252547572701,100.5407,99.91281,0.46,6.887700080871582
2017-03-31,0.004952957278578918,0.05337570517651802,0.0018457243799128165,-0.0007212201023900633,-0.006965989186889954,0.008728708531834939,-0.0005977803261272285,0.007200763547833944,-0.0022575939382667443,0.00796315442104678,0.14510229590854676,100.5407,99.91281,0.43,6.888999938964844
2017-04-03,-0.007139990568794552,0.05125143414180089,0.0028021313424808625,-0.0036708807094676388,-0.018688577082036084,-0.010531419008766307,0.0018916073337518213,0.013720136636291791,-0.0016434753080130093,0.007339786698879358,0.1573548413759621,100.5407,99.91281,0.39,6.880199909210205
2017-04-04,0.015602115585680476,0.05353390640188804,0.0033521869446824226,-0.00023905415585190326,0.0032669811744472366,-0.023887378625488065,0.0,0.008289703711728436,0.0005593660746612272,0.0006738439439164523,0.14842337011578158,100.5407,99.91281,0.4,6.883900165557861
2017-04-05,0.002348851074494007,0.03258788675733015,-0.00767878952414236,-0.006403095227102362,0.02631978919260569,0.002057746415204509,0.0001988726333577162,0.0055843540157951566,-0.0030595368115227117,-0.003470429071436243,0.1686790575447784,100.5407,99.91281,0.37,6.885200023651123
2017-04-06,0.010695274042342717,0.026459207412301566,0.003926778512338913,0.004248031655272655,-0.007503310942514996,-0.0035711068443881056,0.0010932825487621756,0.0025859821897444846,0.0019276502937355389,-0.004473589689405699,0.16915780534232805,100.5407,99.91281,0.39,6.893899917602539
2017-04-07,0.01039072082665804,0.03189697096038069,0.003194125405133086,0.005596432680492924,-0.0039618783602439755,-0.0005669960177421274,0.005053289327308086,0.008237051843179799,-0.0008274724629453445,-0.0030434682140842995,0.16658833829481917,100.5407,99.91281,0.44,6.897799968719482
2017-04-10,0.01595172686204771,0.05498868839122295,-0.0025545421499373333,0.0002397591880747285,-0.016390678741832865,0.001730902322461092,-0.0015826280704374085,0.004762816438990569,0.0006874501357838625,-0.0007125427702874276,0.17633976467210338,100.5407,99.91281,0.44,6.905700206756592
2017-04-11,0.006010530580521589,0.045397103386064064,0.015938153002180933,0.012825725245573238,0.0015360788519861446,0.0,-0.003073393240195621,0.0016894231987949482,-0.001434908291958692,-0.002706817136907347,0.17164365839346438,100.5407,99.91281,0.41,6.903299808502197
2017-04-12,-0.00544552861413683,0.03760272369743323,0.003220185508955531,0.02372470027867113,-0.024078847969358996,-0.05039863716196469,0.0006948205705743504,0.0021853711360115824,-0.003767037418986874,-0.003414317744371509,0.18999520812322535,100.5407,99.91281,0.38,6.8907999992370605
2017-04-13,0.0013171456268947779,0.028224595281985287,0.008277397941952813,0.02807531970828503,0.009973705333383487,-0.032921620886066205,-0.0021853711360115824,-0.0010932825487621756,-0.006838020289804625,-0.012179988327911673,0.19125364741691073,100.5407,99.91281,0.32,6.890900135040283
2017-04-17,-0.010016123991877901,0.007817750463449347,0.0027181315485904634,0.027599325851742407,0.009875212069695993,-0.019084530456126236,-0.0025888146096981757,-0.008735386485768437,0.008576465691107593,-0.002776050173858735,0.1927969402650282,100.5407,99.91281,0.38,6.890999794006348
2017-04-18,-0.004568857658892256,-0.01270283405749062,0.0017821296255693397,0.03193599762724908,-0.0257625426087712,-0.02845639432306457,-0.008008081229641917,-0.015160839644972945,-0.002907602845833246,-0.0063711031554758435,0.20883911215506695,100.5407,99.91281,0.33,6.868599891662598
2017-04-19,-0.038312926032158856,-0.057026290670171065,-0.00800589317895728,0.007991951446110868,0.0017777435840313771,-0.02821472959101934,0.0024091345354380067,-0.009678311869339318,-0.0017178253968683777,-0.006654020260385529,0.20811386970168205,100.5407,99.91281,0.36,6.881899833679199
2017-04-20,-0.0033759970599045452,-0.05495675911593878,0.0003901221057365234,0.00516188804289186,0.0029559321832876018,-0.0011799494383727405,0.00040097149896034523,-0.009972160940953323,0.0075288503629735715,0.004641867521574916,0.20138121354196964,100.5407,99.91281,0.39,6.886000156402588
2017-04-21,-0.013014530072831043,-0.0692884348156646,0.0042813282190623525,0.0011658183200013994,-0.0017724918004585755,-0.012926146572214803,0.002002449362529468,-0.005784340442412272,-0.0030396881071155235,0.008440199704264018,0.20025011165612813,100.5407,99.91281,0.4,6.881700038909912
2017-04-24,-0.007890772266113899,-0.0671630830899006,-0.009051228501958164,-0.010603541730547228,0.006679773454980942,-0.016121585186929854,-0.008941708448073626,-0.012137234280787723,0.01078173658811199,0.010645470601268414,0.2008099311940932,100.5407,99.91281,0.41,6.792099952697754
2017-04-25,0.006680899998967149,-0.055913325432041194,-0.008027172357524037,-0.020412843713640605,0.011099356616780076,0.02074031403862142,-0.0027284807839960123,-0.006857633835141819,0.006072214211751081,0.01962528765885274,0.20501320629539202,100.5407,99.91281,0.44,6.882500171661377
2017-04-26,0.0012098722671467499,-0.01639052713273559,-0.002769317802299831,-0.015176268336983156,0.0034796334251741,0.022442203879764144,0.0014157085033383865,-0.007851059867241439,-0.00048582147568687617,0.020857291580034243,0.20549799722347706,100.5407,99.91281,0.42,6.881700038909912
2017-04-27,-0.013186066095957294,-0.026200596168788337,0.0012669062050330027,-0.014299484237686677,-0.004254563135783762,0.01523170856069278,0.0012119042689828774,-0.007040127097218907,0.0005527670002987151,0.013881208217359386,0.19592781043767118,100.5407,99.91281,0.39,6.892099857330322
2017-04-28,0.007324561722331424,-0.00586150437362587,0.0018974031177032558,-0.016683409339045774,0.006374984087458402,0.023379184448609758,-0.00030281914689123113,-0.009345395606639606,-0.001914979471489886,0.015005916852985024,0.19778928788393432,100.5407,99.91281,0.37,6.896900177001953
2017-05-01,-0.009982799997383385,-0.007953532104895356,-0.010161178666199255,-0.017793359503286865,0.020395322536152838,0.037094733529781654,0.0009081824811314476,0.000504495322565468,0.0017307918268940625,0.005954972091767097,0.2115796476097,100.607,99.93206,0.41,6.912099838256836
2017-05-02,-0.024457183897740098,-0.0390916160016026,0.0014351196373922903,-0.008331067508370538,-0.009478779942253213,0.016516596970748365,-0.001615142996955754,0.0016178331096057263,0.0011883435858113245,0.00107110146582734,0.2127576076191019,100.607,99.93206,0.41,6.89300012588501
2017-05-03,0.0033514871794144696,-0.03695000108933488,-0.0069558155103681685,-0.012517565216438875,-0.03567652803604826,-0.022639564490473996,0.002320962994624587,0.0025230876008919267,-0.001272169395827305,0.000284753545686911,0.2378300005205168,100.607,99.93206,0.46,6.893499851226807
2017-05-04,-0.04929215577402335,-0.07305609076740094,-0.01609483100560194,-0.029879302427073817,-0.012313918608670149,-0.030698919963360383,-0.00454612032613344,-0.003234936994224391,0.000581933287869596,0.00031391983325779194,0.24025694399454037,100.607,99.93206,0.5,6.896699905395508
2017-05-05,0.015260831382551743,-0.06511982110718062,-0.001386979488867901,-0.033163685033644974,0.006970026552958308,-0.030103877497860476,-0.0011144381712764329,-0.004046556018609593,0.004080359407478085,0.006309258712225763,0.22008365320680207,100.607,99.93206,0.5,6.895400047302246
2017-05-08,0.004533177347698203,-0.05060384376209903,0.0004081465956584651,-0.022594359771787254,-0.013586590262331333,-0.06408579029634465,0.005055622419179784,0.00010088391943874342,3.744527190807645e-05,0.0046159121572397765,0.2226939333995699,100.607,99.93206,0.53,6.884699821472168
2017-05-09,-0.011916493062846811,-0.038063152927205746,-0.009017932534638007,-0.03304741194381755,0.0018088286171379364,-0.0527981817369535,0.004427850816283829,0.006143877732678327,-0.001025774556793202,0.00240179401463525,0.22332531995057545,100.607,99.93206,0.56,6.9045000076293945
2017-05-10,0.031115067063336,-0.010299573043284216,0.0024675122566781837,-0.0236240841767712,-0.0012055540869307935,-0.01832720778783603,0.0008029894365035872,0.004625904174557327,0.001129962717449473,0.004803926127912028,0.21787500705099672,100.607,99.93206,0.56,6.907100200653076
2017-05-11,0.010508713369627554,0.04950129610036669,0.0044261566880958725,-0.0031030964830733865,0.005613462695671645,-0.00039982648349423666,-0.0005017353924667844,0.008670289108223983,-0.0021651513741067774,0.002056841465935655,0.21919859641432798,100.607,99.93206,0.51,6.9029998779296875
2017-05-12,0.00020901685716090412,0.03444948157497585,0.002858428292429771,0.0011423112982242856,0.0067742680151321455,-0.0005955850213203995,-0.0037210556484259527,0.006063671631074463,-0.0014795353407937029,-0.0035030532823361327,0.20560244486351692,100.607,99.93206,0.49,6.90369987487793
2017-05-15,0.020892234420862188,0.050808538648139834,0.001955373350477352,0.0026895380530431723,0.00593947707703224,0.018930482318043174,-0.0034315367908890337,-0.0024234875789943544,0.004765142303014613,0.0012246437487704043,0.20347968442636197,100.607,99.93206,0.52,6.902100086212158
2017-05-16,-0.003897013033205443,0.0588280186777812,0.005195680203700093,0.016903150791381272,0.004529843265411948,0.021651496966317185,-0.008121078380017188,-0.014972416775295372,-0.0006871330369859763,0.00156328526857763,0.20081051491199842,100.607,99.93206,0.51,6.894000053405762
2017-05-17,0.008390509663040113,0.036103461277485316,0.018054652911816405,0.03249029144651949,-0.0007863548305099277,0.02207069622273805,-0.007057794813467133,-0.022833201025266092,-0.018345468171115265,-0.017912145619987108,0.1794008019400777,100.607,99.93206,0.44,6.888599872589111
2017-05-18,0.005689891077338416,0.03128463898519618,-0.0046230346493647545,0.023441100109058866,-0.006312915977174427,0.010144317549891979,0.0047107009308362535,-0.017620764701963054,0.00368003862721622,-0.01206695561866411,0.18071908250911925,100.607,99.93206,0.43,6.88129997253418
2017-05-19,0.01966362220928941,0.050739244337324685,0.0007985945473087952,0.02138126636393789,0.018626122766315034,0.021996172301074868,-0.007486018983891896,-0.021385728037428997,0.00674470320820042,-0.0038427170696699875,0.19189928894013347,100.607,99.93206,0.41,6.889100074768066
2017-05-22,0.007916085385821336,0.03776309530228383,0.006365900634421884,0.02579179364788242,0.005810632380831793,0.02186732760487442,-0.0017513852379655859,-0.01970557648450555,0.005146863296008775,-0.0034609960766758263,0.1925077941264013,100.607,99.93206,0.43,6.853899955749512
2017-05-23,0.014481694826383062,0.05614180316187234,-0.004690847276664023,0.015905266167518306,0.0005792565737318123,0.017916740913194285,0.003807909852149294,-0.007776588252339067,0.001836185172380489,-0.0009376778673093611,0.19138683019863129,100.607,99.93206,0.46,6.884399890899658
2017-05-24,-0.0021394661159539474,0.04561182738287828,-0.0019145062835237425,-0.004063893027821841,-0.004837021034335587,0.013866074709368625,-0.001130588664771004,-0.001849382103642938,0.0024860338045762376,0.01989382410838214,0.1883990027837401,100.607,99.93206,0.45,6.891200065612793
2017-05-25,-0.04908224358060442,-0.009160307275064561,0.002711128616023295,0.0032702702375662085,0.00541585028165803,0.025594840968201082,0.00010285501927231877,-0.006457228015206873,0.004432112041977909,0.02064589752314383,0.1889776555150853,100.607,99.93206,0.45,6.889999866485596
2017-05-26,0.018237541025644344,-0.010586388458709628,0.009352470994601347,0.01182414668485876,-0.012617862715206263,-0.0056491445133202145,0.001541243816041593,0.002570034784726616,0.00031050178530289685,0.014211696100246307,0.19352631628759898,100.607,99.93206,0.44,6.867700099945068
2017-05-30,-0.0028151917031689067,-0.02131766554769987,-0.00434834863611222,0.0011098974143246565,0.0005859309508527977,-0.01087384594329921,-0.0012328206450868961,0.0030885993776053056,-0.0012053507295339827,0.00785948207470355,0.19201345109823367,100.607,99.93206,0.4,6.856200218200684
2017-05-31,-0.027354229696533228,-0.06315359007061616,0.007813483979482783,0.013614228670471462,0.006228044253817844,-0.005225058263213178,-0.0037075286136198926,-0.004426839088163881,-0.00046007461995145604,0.005563222282371605,0.17821958794999293,100.607,99.93206,0.4,6.855800151824951
2017-06-01,0.0008274910567562799,-0.060186632897905934,-0.003938563578929077,0.011590171375066127,0.0029062005128380752,0.002518163283960484,0.0028848030138171055,-0.0004114474095757714,0.007542595584847156,0.010619784062642523,0.17623757863879866,100.6488,99.95007,0.4,6.811200141906738
2017-06-02,-0.014580569898587914,-0.025684959215889425,0.007705084616984159,0.01658412737602699,-0.005042683725975494,-0.00794037072367304,-0.004950461142170681,-0.005464763571018771,0.00370087461804669,0.009888546638711304,0.12389973622507958,100.6488,99.95007,0.36,6.808599948883057
2017-06-05,-0.00547020757643546,-0.04939270781796923,0.001956105552711307,0.009187761934136951,-0.0066328606013199565,-0.001955368609786734,0.0008268068814176743,-0.00617920050564269,-0.0012184071404286456,0.008359637712979762,0.1177824499212559,100.6488,99.95007,0.39,6.81279993057251
2017-06-06,0.01652924126224553,-0.03004827485255479,0.011734194674689391,0.025270305244938562,-0.003922338835523731,-0.006463638396163263,-0.0016542979381739542,-0.006600677798729748,-0.0027829086662043423,0.006782079776309402,0.11685321316815674,100.6488,99.95007,0.37,6.802800178527832
2017-06-07,-0.05261563652866119,-0.055309681684682754,-0.003327570358595544,0.014129250906860236,0.0017669238485804595,-0.010924758801400647,0.0011376040391102293,-0.0017555451459996263,0.0015670287963471807,0.008809183192608039,0.10509402608623647,100.6488,99.95007,0.4,6.7957000732421875
2017-06-08,-0.001751354005449901,-0.057888526746888935,-0.010754410560722683,0.0073134039250666305,0.022499042995758667,0.008668083681519945,0.0017555451459996263,-0.0028848030138171055,0.00026716903566459393,0.0015337566434254768,0.1284466295378653,100.6488,99.95007,0.41,6.797500133514404
2017-06-09,0.004154426853518967,-0.039153529994782055,-0.006130205206869022,-0.00652188589878655,0.01484885297504479,0.02855962038254023,0.0036047053139576235,0.005670363442311199,-0.0008303338661868054,-0.0029974518408080186,0.134978216739863,100.6488,99.95007,0.43,6.799200057983398
2017-06-12,0.005440117649842868,-0.028243204768503727,-0.0018938097960150557,-0.010371801247512913,-0.012741432053545498,0.022451048930314688,-0.0013373517354651199,0.003506204825428405,-0.0009792424797181454,-0.0027582871800975184,0.14501882533909966,100.6488,99.95007,0.46,6.784800052642822
2017-06-13,0.008212651512486957,-0.0365597945182623,-0.00023691832720373895,-0.022342914249406043,-0.007492117491846972,0.018881270273991446,-0.0016484243424779166,0.0035120784211244427,0.004501358843230108,0.004525980329336932,0.1475943354047658,100.6488,99.95007,0.46,6.797599792480469
2017-06-14,-0.037947300425724695,-0.021891458415325804,0.005514864470222314,-0.013500479420588185,-0.008715089102311224,0.008399257323099762,-0.00041255068996104427,0.001961923692053169,-0.0009963269653177065,0.0019626245676720444,0.15061171329003753,100.6488,99.95007,0.44,6.798799991607666
2017-06-15,-0.006054519266934566,-0.02619462367681047,-0.016317271069000938,-0.01906333992886644,-0.0025318957882644044,-0.01663168146092331,0.005041918967562786,0.005248297513616329,-0.0022421097968399195,-0.000546654264832469,0.15033538997112364,100.6488,99.95007,0.49,6.790999889373779
2017-06-16,0.006278105634111686,-0.02407094489621775,0.0014364768755275037,-0.011496657846469915,-0.000585152191839966,-0.032065686627808065,-0.0027750327440028144,-0.001131440544344109,0.000283599150058933,0.0005672787514132693,0.15031761361115073,100.6488,99.95007,0.49,6.808499813079834
2017-06-19,-0.01214318723327823,-0.04165424977933885,-0.007845728356542736,-0.017448576406997596,0.01048144326645617,-0.008842811307806397,0.0038008686422381643,0.004006779833359175,0.00831258320689443,0.009859104438025845,0.15215236391237238,100.6488,99.95007,0.52,6.803400039672852
2017-06-20,-0.022190118254213242,-0.07205701954603905,-0.0025752076317164807,-0.019786865711510337,-0.013412537947251835,-0.01476323176321126,0.002253188397732586,0.007908392573569678,-0.00671916044693166,-0.0013614148521359226,0.1462078250074032,100.6488,99.95007,0.5,6.819699764251709
2017-06-21,-0.016325007527136837,-0.05043472664745119,0.0019320762655521406,-0.02336965391618051,0.01822812957355091,0.012179986912650875,-0.0019456505424200188,0.0063752927211107036,-0.0005828141932715525,-0.0009479020800897686,0.1586055677464561,100.6488,99.95007,0.5,6.826399803161621
2017-06-22,0.004925608599192444,-0.03945459878132418,0.0033721036946667837,-0.0036802791525127887,-0.0015384420207046334,0.013173440680210646,-0.00020498865497486918,0.0011283850985730481,-0.00045588597243817475,0.0008383217443119761,0.15871785513382966,100.6488,99.95007,0.46,6.8282999992370605
2017-06-23,0.006297318608039948,-0.03943538580739592,0.0068695659857471725,0.00175280995770688,0.009576727917170236,0.023335320789220848,-0.0024635391117042715,0.001439878730871591,0.0015596985554084952,0.0021144211496615384,0.16086482968749463,100.6488,99.95007,0.45,6.83459997177124
2017-06-26,0.008565922250416413,-0.018726276323701274,-0.007912051139774334,0.0016864871744752818,0.000762230789839613,0.013616108312604291,0.0013351540131312234,-0.00102583589823535,0.0003157519397332109,-0.005882410117499681,0.15999649926860526,100.6488,99.95007,0.43,6.834199905395508
2017-06-27,0.019630865133080988,0.023094707063592956,8.021469334718034e-05,0.004341909499538943,0.008157158073269777,0.0351858043331259,-0.009902082733337814,-0.01318110702930575,-0.008105586575672952,-0.007268836246240973,0.15445668895555936,100.6488,99.95007,0.5,6.839799880981445
2017-06-28,0.011238598423898516,0.05065831301462831,0.0012828542252272257,0.003692687459214028,0.0058396436442643695,0.02279731840383936,-0.004363170849008391,-0.015598627335894122,0.008769501646550992,0.002083479593581572,0.1550965074981212,100.6488,99.95007,0.49,6.812600135803223
2017-06-29,0.004237736296314409,0.049970440711750275,-0.003049556093049688,-0.0027289723285024436,0.007857906383832769,0.032193666808376764,-0.0043823713466348835,-0.019776010027554136,-0.008637216844141982,-0.006097851278122235,0.15577854206814787,100.6488,99.95007,0.55,6.800000190734863
2017-06-30,0.024404873864839693,0.06807799596855002,-0.002817016742802103,-0.01241555505705172,0.005945686076309076,0.028562624967515604,0.0003137268941806326,-0.016998744021669232,0.0015320576108743822,-0.006125492222656348,0.15637580194359676,100.6488,99.95007,0.58,6.785699844360352
2017-07-03,0.022125245190447007,0.08163731890858061,-0.018547612954424864,-0.02305111687170225,-0.006691433101736144,0.021108961075939847,0.005629049413899523,-0.012704848620900933,0.0023081679791472354,-0.0041330761832423235,0.15742075512588619,100.6488,99.95007,0.6,6.77810001373291
2017-07-05,-0.04208861142317444,0.019917842352325188,0.0020506097083856645,-0.021080721856663764,-0.012007673470553204,0.0009441295321168663,0.0009351548116072195,-0.0018676110759558995,0.0014522240362886407,0.005424734428719269,0.16215827364051938,100.6488,99.95007,0.58,6.798699855804443
2017-07-06,0.008604562367964252,0.017283806296390924,0.0014737796623212063,-0.020889796419569784,0.0009433289106447473,-0.003952185201502756,-0.004893052490123395,-0.0023974927170709037,-0.009412987306865794,-0.012757754524697518,0.1608924091644573,100.6488,99.95007,0.61,6.80079984664917
2017-07-07,-0.028748518343779228,-0.015702448343702713,-0.011189828782629085,-0.02903006910914918,-0.005293995678299801,-0.017104087263635326,0.001980946689525531,0.003965825319089511,0.006382712569615201,0.002262174889059665,0.16284737209666741,100.6488,99.95007,0.66,6.799900054931641
2017-07-10,0.003836222274204548,-0.03627109993433786,0.002891727607337913,-0.023321324759009165,0.000757951546727087,-0.022291821793217315,0.0004165460275453725,0.004068644452454251,0.0009273361035129213,0.001657453381698204,0.14406641127045827,100.6488,99.95007,0.66,6.8028998374938965
2017-07-12,0.009941554320983315,0.007945320972970737,0.003701118745908616,-0.0018864461843097757,0.004680359599228412,0.010514597989117247,0.0005221433009197085,-0.005206175807762392,0.007279050947821553,0.004393125248001617,0.13062304920697224,100.6488,99.95007,0.57,6.801700115203857
2017-07-13,0.012886497644663208,0.012227256249669693,-0.001478743893978951,-0.004838969740609933,-0.008440465722365564,0.0011308033561069353,-0.0006265409275068023,-0.0009396642451457993,0.0018728294734726703,0.01567894202834008,0.13145333057304498,100.6488,99.95007,0.58,6.788000106811523
2017-07-14,0.009933121421918933,0.050908896015367855,0.008432590518839156,0.014783449560858308,0.011051908878802807,0.017476707913209544,-0.0064976411133272904,-0.009418252047998621,0.004662616170009848,0.013958845628734728,0.13065806431749669,100.6488,99.95007,0.57,6.782599925994873
2017-07-17,-0.011236082991704421,0.035836590749458885,0.00504195032537158,0.016933672278891976,0.012220108457704049,0.028938864824186505,0.00021022543486726164,-0.009624572640676732,-5.291423670694684e-05,0.01297859528851486,0.13407786255745502,100.6488,99.95007,0.54,6.740499973297119
2017-07-18,0.008223397563250856,0.02974848795911189,0.006710018850760946,0.022406934546901347,0.0023894894916696163,0.02190140070503932,-0.004952785181404629,-0.011344598486451751,0.0005976786981110038,0.014359261052708128,0.13353763467458826,100.6488,99.95007,0.51,6.769499778747559
2017-07-19,0.015398024557820467,0.03520495819594904,8.055077060920013e-05,0.01878636657160193,-0.0075555300465021125,0.009665511059308796,0.0014778782874342866,-0.010388863499937173,0.00535825821605318,0.012438468320939755,0.13524432892293342,100.6488,99.95007,0.51,6.7453999519348145
2017-07-20,-0.007027992230494995,0.01529046832079084,0.0028962994150303345,0.023161409880611217,0.0020326496164098096,0.02013862639808417,-0.0056064716542314486,-0.01536879422666182,-0.00015367108860697698,0.010411967758860108,0.12303735765900824,100.6488,99.95007,0.5,6.751299858093262
2017-07-21,-0.022040659777913696,-0.01668331287904179,0.007602773309408839,0.0223315926711809,0.002396979458575421,0.011483696977856783,-0.0035066632104383544,-0.012377816323772883,-0.0003679393292088662,0.005381412259641394,0.1094624712609782,100.6488,99.95007,0.48,6.758900165557861
2017-07-24,0.012376657630078114,0.006929427742740746,-0.0003189732922193045,0.016970669053590015,0.005143353501904646,0.004406942022057381,0.0004257228064847851,-0.01216231895215536,-0.0010643009954085514,0.004370025500939789,0.10916904508497487,100.6488,99.95007,0.48,6.719699859619141
2017-07-25,0.03290117931263348,0.03160720949212337,-0.0017561253424647205,0.008504524860364349,0.0400448587012423,0.04206231123163007,0.0007445588009593607,-0.0064649749697913705,0.002918907519897651,0.0066912543227264365,0.16915067669982214,100.6488,99.95007,0.52,6.750100135803223
2017-07-26,0.017798495834202566,0.034007680768505466,-0.0021593571989519944,0.006264616890803154,0.009983388397808657,0.05960122967594084,-0.004048640522180236,-0.011991493779405893,0.0002826240061200025,0.001615620112793259,0.1700821720103523,100.6488,99.95007,0.49,6.749800205230713
2017-07-27,0.005931112853091225,0.046966785852091686,0.008450959718898865,0.011819277194671685,0.0017412905024374314,0.05930987056196846,0.0020263691959501173,-0.004358652929224327,-0.0009731616373942487,0.0007961295640059873,0.16966840692907542,100.6488,99.95007,0.49,6.754000186920166
2017-07-28,0.013569791392266328,0.08257723702227171,0.006962092067635872,0.011178595952898718,-0.0012185516848044475,0.05569433941858859,-0.006413002582702276,-0.007264992301488249,-0.001342015678115871,-0.00017794678490101745,0.17042590310403988,100.6488,99.95007,0.47,6.739999771118164
2017-07-31,0.009211100309943543,0.07941167970213714,-0.0014201571050573847,0.010077412140060638,0.006077963802241904,0.05662894971892585,-0.004298325121765423,-0.011989040229738457,-0.0007284108345597673,0.00015794337594776664,0.16997532589416547,100.6488,99.95007,0.48,6.738900184631348
2017-08-01,-0.02033692040522661,0.02617357998427705,0.004725906807240499,0.016559444289765857,-0.00312123125078112,0.013462859766902424,0.0018290194942691684,-0.010904579536428649,0.002446120774938443,-0.0003148433690114416,0.17123292008518798,100.7009,100.0614,0.47,6.725500106811523
2017-08-02,0.008708921984101003,0.01708400613417549,-0.0006287743880610819,0.01809002710065677,0.0012149562591621255,0.004694427628255893,-0.0021521255222021196,-0.009008064536450533,0.0004925274073475094,-0.00010493996778393466,0.1677053874280406,100.7009,100.0614,0.48,6.713699817657471
2017-08-03,-0.011356872811955299,-0.0002039795308710346,-0.0031501048621089822,0.006488962519648922,-0.0019098329469295905,0.0010433041788888708,-0.00021551683477838424,-0.011249950567179035,-0.002186041834946195,-0.0013178201653358812,0.15942091603305567,100.7009,100.0614,0.46,6.721700191497803
2017-08-04,0.011155232772284585,-0.0026185381508527783,-0.007521510961367994,-0.007994640509354944,0.002776779599765744,0.0050386354634590624,0.00783479578341062,0.0029978477989338614,0.0018873214175396669,0.0019115169303196566,0.15911409387735467,100.7009,100.0614,0.47,6.71560001373291
2017-08-07,-0.003839601343623933,-0.015669239804420254,-7.955307474905027e-05,-0.00665403647904661,0.007940660393252141,0.0069013320544693,-0.001176666014067962,0.006119506906631322,0.0016458446442806363,0.00428577240916006,0.15592675843950002,100.7009,100.0614,0.46,6.765699863433838
2017-08-08,-0.004464318010155122,0.00020336259065123485,-0.0014315812317580168,-0.012811524518045125,0.011794041997019722,0.021816605302270142,0.002245140033423354,0.006535627445785508,-0.0024173522303856387,-0.0005777005961640214,0.15713845264174284,100.7009,100.0614,0.46,6.721499919891357
2017-08-09,0.007900440286024768,-0.0006051191074250006,0.013125811461156545,0.0009430613311725011,-0.004257153231700839,0.016344495811407178,-0.0012823548361877712,0.007405398131799856,-0.00036367479271248726,-0.001433902796224018,0.1596033495099026,100.7009,100.0614,0.42,6.709799766540527
2017-08-10,-0.019766332912479978,-0.00901457920794968,0.00837017549645136,0.012463341689732843,-0.008224915451381598,0.01002941330695517,-0.0012839196966272226,0.006336995269951018,-0.01458021840074153,-0.013828079362019352,0.1655918298558171,100.7009,100.0614,0.4,6.671800136566162
2017-08-11,0.004722307155647254,-0.01544750482458701,0.0031111483070125345,0.023096000958113372,0.0027491891932287515,0.010001822900418178,-0.0035394666532031493,-0.005037267166662751,0.0012747571279874137,-0.014440643651571605,0.1595022623278009,100.7009,100.0614,0.4,6.6458001136779785
2017-08-14,-0.025517400374452937,-0.037125303855416014,-0.0027217250231359458,0.020453829009726476,-0.0025770766150989832,-0.0005159141079329466,0.004181632557726189,0.00032103140513140005,0.009993651246049673,-0.006092837049802569,0.1593725098715774,100.7009,100.0614,0.45,6.6620001792907715
2017-08-15,-0.0008408853929156024,-0.033501871238176495,-0.008209906077677687,0.013675504163806806,-0.007598058967575705,-0.019908015072528373,0.004164219297465799,0.002240110669173845,-0.0004989323268835832,-0.004174417146300513,0.16094654534704741,100.7009,100.0614,0.49,6.668700218200684
2017-08-16,-0.01632603788492437,-0.057728349409125634,0.0025092722903705678,0.0030589649930208296,0.023977834274360177,0.008326972433532642,-0.00384329092042357,-0.00032082541506195383,0.0014190955233326363,-0.0023916468302553895,0.17676717220448068,100.7009,100.0614,0.45,6.6844000816345215
2017-08-17,0.006604932434328248,-0.03135708406231741,0.007412353852867426,0.002101143349436896,-0.005600352829644439,0.010951535055269801,0.0013896093560852307,0.0023527036376504995,-0.015557342487191761,-0.0033687709167056212,0.1752975538427615,100.7009,100.0614,0.42,6.689700126647949
2017-08-18,0.029709260160886597,-0.006370131057078066,-0.0005443592909450956,-0.0015543642485207343,0.0008505766361066591,0.009052922498147709,-0.0020315691382588597,0.003860601152594789,-0.001837053661351895,-0.00648058170604493,0.1755098447957311,100.7009,100.0614,0.43,6.677700042724609
2017-08-21,-0.023780833269383184,-0.004633563952008313,0.0039589398932564634,0.005126300667871675,0.01367915472755099,0.025309153840797682,-0.003538328177877581,-0.003859359583008981,0.0011619757145657772,-0.015312257237528826,0.17860564360967301,100.7009,100.0614,0.43,6.668700218200684
2017-08-22,0.005683637288040888,0.0018909587289481777,-0.004425701690303541,0.008910505055245821,0.0018433447122130353,0.03475055752058642,0.004821917448429858,-0.003201661432044922,0.00989169526062561,-0.004921629650019632,0.1788101339963259,100.7009,100.0614,0.45,6.665900230407715
2017-08-23,0.01603366912425841,0.03425066573813096,0.0029526430372124324,0.009353875802087686,-0.0020110755744009445,0.008761647671825301,-0.004284971913297575,-0.0036433424249189272,-0.0034595701326392003,-0.009800295305991469,0.12372559170695224,100.7009,100.0614,0.42,6.6616997718811035
2017-08-24,-0.020451454475886255,0.007194278827916456,-0.001863807630716252,7.771431850400745e-05,0.01762598802033466,0.0319879885218044,0.001394596087266109,-0.003638355693738049,-0.002076616747138438,0.0036804304340618543,0.132251422301793,100.7009,100.0614,0.44,6.658299922943115
2017-08-25,0.009234034767860333,-0.013280946565109808,0.00465297466078507,0.005275048270234173,-0.00016482774771353625,0.030972584137984205,-0.005805853587045995,-0.007412640142525184,0.001671471668937663,0.007188955764351412,0.13258176371516384,100.7009,100.0614,0.42,6.661300182342529
2017-08-28,-0.027532430650355266,-0.01703254394608189,0.013219738670856351,0.01453584704783406,0.010495361866183384,0.027788791276616598,-0.005731281306367464,-0.009605593271015067,0.00048695347329630323,0.006513933523081938,0.13456556600933428,100.7009,100.0614,0.41,6.582900047302246
2017-08-29,-0.002795423182837098,-0.025511604416959877,0.0025926692188278366,0.021554217956965438,0.005206660653562345,0.031152107217965908,0.001517115500138111,-0.012910395219306814,0.0008424667620099413,-0.0025352949755337306,0.13435809339005372,100.7009,100.0614,0.39,6.607399940490723
2017-08-30,-0.0103896941979289,-0.051934967739147186,-0.0038150512418457794,0.014786523677907226,-0.005369794269418193,0.02779338852294866,0.00572261769587179,-0.002902805610137449,0.0046045317880603065,0.005528806945165776,0.1358829716605932,100.7009,100.0614,0.39,6.595399856567383
2017-08-31,0.027257841155338358,-0.004225672107922573,0.006173075893794788,0.022823407202418267,0.00472041326211281,0.01488781376472681,-0.0022635319786115105,-0.006560933676015068,0.005704673584713937,0.013310097277018151,0.13585398015755648,100.7009,100.0614,0.36,6.595699787139893
2017-09-01,0.001269601799831932,-0.012190105075950974,0.006286269787906917,0.024456702329540114,0.006151890298698559,0.021204531811138905,0.0015095904621515999,0.0007545103731825265,0.0019805780423354236,0.013619203650415912,0.1349452949164988,100.6845,100.1722,0.37,6.589799880981445
2017-09-05,0.028558458203944426,0.04390078377834872,0.011037354562419388,0.02227431822110315,0.003061810952158295,0.013770980897113816,-0.005401914747725556,0.0010838769318244346,-0.007579458552145368,0.00555279162497424,0.13492901400331125,100.6845,100.1722,0.3,6.529900074005127
2017-09-06,0.010222947374351143,0.05691915433553696,-0.003965383824777291,0.015716265177498023,0.00769355585630449,0.01625787609985596,-0.00021664835655421655,-0.0006498869248678929,0.0031238424931441244,0.007834167356108424,0.13483009585045116,100.6845,100.1722,0.32,6.537399768829346
2017-09-07,-0.0014249304156401799,0.06588391811782568,0.008361341114399679,0.02789265753374348,-0.0027180764360228427,0.018909593933251312,-0.008269029137556672,-0.014641533758296355,-0.00017845204485311683,0.003051183523195,0.13297637434394727,100.6845,100.1722,0.26,6.521200180053711
2017-09-08,-0.033346791078012306,0.005279285884475016,0.0006688896405071532,0.022388471280455846,-0.03304061494207233,-0.01885143427093383,-0.002187433307679676,-0.01456543508736452,-0.0014899601434583687,-0.004143450204977306,0.18102153048390557,100.6845,100.1722,0.25,6.484600067138672
2017-09-11,0.012349715457020682,0.016359399541663766,-0.011206691809561242,0.0048955096829876865,0.008075822292843648,-0.016927502276788742,0.005786344789651565,-0.010288680759864555,0.010780975197147491,0.0046569469498347615,0.17882177548568037,100.6845,100.1722,0.31,6.530900001525879
2017-09-12,0.003322949032317446,-0.008876109629963214,-0.002256488358733044,-0.008398333238164746,-0.010063579045892945,-0.030052892274839982,0.0005441916725175133,-0.0043425743396214855,0.0033583025948829004,0.01559470809686303,0.1838015346121831,100.6845,100.1722,0.33,6.530399799346924
2017-09-13,0.0219428409835829,0.0028437839792685438,-0.003469850010435316,-0.00790279942382277,-0.018238639154810388,-0.05598508728595486,0.006614923865376987,0.002488997882309718,0.0007568342480830381,0.013227699851801944,0.1959260056136473,100.6845,100.1722,0.35,6.534999847412109
2017-09-14,0.011896504065800784,0.016165218460709507,0.0009817808045111676,-0.015282359733711282,-0.008308616862003682,-0.0615756277119357,-0.004332696312161488,0.0064253307077049016,-0.001101323850828173,0.012304828045826888,0.19632867863593195,100.6845,100.1722,0.35,6.542200088500977
2017-09-15,0.0,0.04951200953872181,-0.0032512423615180808,-0.019202491735736515,-0.0028988336833970507,-0.03143384645326042,-0.0027175405879757975,0.00589522342740878,0.0018454775461593798,0.015640265735444636,0.1776216725352251,100.6845,100.1722,0.35,6.554800033569336
2017-09-18,0.0004008107852571108,0.03756310486695824,-0.010735988597468271,-0.018731788523643544,0.007146502753667017,-0.03236316599243705,0.0019573766525775582,0.002066255290334773,0.0014548619291288034,0.006314152467425949,0.17843237740618115,100.6845,100.1722,0.36,6.5507001876831055
2017-09-19,-0.008652842151458895,0.0255873136831819,-7.662978472566806e-05,-0.016551929949636168,0.00016960318150904818,-0.022129983765035055,-0.002828571627198073,-0.0013065080093808135,0.0011095796167319705,0.004065429489275019,0.17841562553605844,100.6845,100.1722,0.37,6.5731000900268555
2017-09-20,0.018621026794804596,0.022265499494403596,0.004430569417291252,-0.0086515105219096,0.0,-0.0038913446102246674,0.007813400669962611,-0.00010803120479518924,0.000634146702309657,0.0039427419435016375,0.17150022171686385,100.6845,100.1722,0.43,6.5833001136779785
2017-09-21,0.0027733653061092767,0.013142360734712089,-0.016445482919126064,-0.026078774245546832,-0.012108973359554076,-0.007691701107775062,-0.002706068590979882,0.0015185965163864168,-0.003050565946915107,0.0019934998474147037,0.1758475328661649,100.6845,100.1722,0.44,6.574900150299072
2017-09-22,0.0021737111878179505,0.015316071922530039,0.0020899215909677693,-0.020737610293060982,0.003596802432913604,-0.0011960649914644073,-0.0009760231446209744,0.00326011395974124,0.0006475839951667339,0.0007956062964220578,0.17658117479076893,100.6845,100.1722,0.42,6.590000152587891
2017-09-25,0.03032894508561368,0.04524420622288661,0.010384308915688756,0.00038268722009604517,-0.002396430271577321,-0.010738998016708745,0.005194291061137335,0.006497028368301017,-0.00222452269985407,-0.0028837783325608157,0.16322527738843243,100.6845,100.1722,0.38,6.604599952697754
2017-09-26,-0.006532206610711633,0.04736484176363387,-0.007527532775120527,-0.0070682157702988135,-0.006878782318939347,-0.01778738351715714,0.003447904397191337,0.012773504392690427,7.21641258953909e-05,-0.003921193823397395,0.16400357522836914,100.6845,100.1722,0.4,6.620500087738037
2017-09-27,0.004999016762909925,0.0337428317317392,-0.010541079977072876,-0.022039865164662942,0.00464835995278623,-0.01313902356437091,0.004186120918071801,0.009146224640799616,0.004076822401987812,-0.0004785181237192404,0.15950019277243022,100.6845,100.1722,0.44,6.639599800109863
2017-09-28,-0.011186192093541436,0.019783274332088485,0.001634922366573477,-0.003959459878963401,0.01753686930275311,0.016506819097936276,-0.002896266726965635,0.008956026504813863,0.001203890628937998,0.0037759384521338646,0.1721781068746451,100.6845,100.1722,0.44,6.640500068664551
2017-09-29,0.0021311021558103604,0.019740665300080895,-0.003116480901819152,-0.009165862371750322,-0.00847465918250978,0.004435357482512892,-0.00010736968301916505,0.009824679966415673,0.0036982630684985196,0.00682661752546565,0.17330608574211467,100.6845,100.1722,0.49,6.664999961853027
2017-10-02,-0.0213210294186319,-0.03190930920416468,-0.006890677171901949,-0.026440848459341026,0.0006806511844459351,0.007512438938536148,0.0051435575154981095,0.009773946420776447,0.003866518829712895,0.012917659055032615,0.17188689784938685,100.6845,100.1722,0.51,6.657800197601318
2017-10-03,-0.0031683919992446796,-0.02854549459269773,-0.0009432837700495966,-0.019856599454270096,0.003057007987523397,0.017448229244998892,0.00010690040492455921,0.006432942428509669,0.0021565111846602036,0.015002006113797428,0.1703175229088568,100.6845,100.1722,0.49,6.651700019836426
2017-10-04,-0.008764969195865113,-0.04230948055147277,0.0017287063978832506,-0.00758681307931397,-0.0013575256040232464,0.011442343688189416,-0.0011762885499981834,0.0010705329604396852,0.0012459436611136354,0.012171127372923252,0.16923103098734407,100.6845,100.1722,0.48,6.651100158691406
2017-10-05,0.016076586591024622,-0.015046701866906709,-0.0029878358398844895,-0.012209571285771936,0.029118566837780246,0.02302404122321655,0.0053356225705600835,0.009302422257965404,0.0056309040312934044,0.016598140775278658,0.19921493156831782,100.6845,100.1722,0.49,6.653800010681152
2017-10-06,-0.029978263547305595,-0.047156067570022664,0.0013377544169914657,-0.007755335966961319,-0.0056236331976411424,0.02587506720808519,-0.0017042615000031347,0.007705530440981434,-0.00107421116523998,0.011825666541540159,0.19968413931303855,100.6845,100.1722,0.5,6.653900146484375
2017-10-10,0.026668174191404326,0.009867852286030931,0.006841829421378343,0.014909901722734098,0.009402157545655543,0.032368565804124394,-0.004812038919022932,-0.0029968852397033174,0.0023197196304787226,0.006316292289631598,0.16483171235521332,100.6845,100.1722,0.47,6.62529993057251
2017-10-11,0.007434999574844614,0.02606782105674066,-0.0037260769024234364,0.009455118422427411,0.011264467768350217,0.04499055917649786,-0.003543647531662586,-0.00536424422136772,0.0018018829296631012,0.006872231558181063,0.1649954004753774,100.6845,100.1722,0.46,6.571400165557861
2017-10-12,-0.013739191166899811,-0.0037479567011837744,0.005815998493391206,0.018258952755703106,0.007762059601332583,0.023634051940050194,0.0017197302232236922,-0.008980136568704111,-0.0016881771203509643,-0.00044684959346330544,0.15074916049121664,100.6845,100.1722,0.44,6.5894999504089355
2017-10-13,0.016658930971103825,0.042889237817225645,0.006320316258744185,0.023241514597455826,0.004660483333115195,0.03391816847080653,-0.0003222856892612924,-0.007598160757962269,0.0008777220048461487,0.0015050835766228232,0.14592541970937795,100.6845,100.1722,0.43,6.5879998207092285
2017-10-16,0.00813009066233672,0.04515300423278967,-0.00123008823915427,0.014021979031936027,0.03327070239590024,0.06635987064435378,0.0020389817267947308,-0.004919260189928387,0.0017492225323056942,0.005060369976942702,0.17815958062785878,100.6845,100.1722,0.46,6.5833001136779785
2017-10-17,0.00019281226528145012,0.018677642306666797,-0.013086271579829223,-0.005906121969271538,-0.013584390813133451,0.043373322285564786,0.0022487463376528183,0.002141525066747363,0.0006723529054335486,0.0034130032518975284,0.18857452796549656,100.6845,100.1722,0.48,6.588500022888184
2017-10-18,0.0030792912006347706,0.014321933932456954,-0.002419116678914257,-0.004599161745762359,-0.00535939481896297,0.0267494596982516,-0.001391461337481914,0.004293711260928035,0.0007420595113298845,0.0023531798335643117,0.19080085598826524,100.6845,100.1722,0.5,6.622000217437744
2017-10-19,-0.01451685198587338,0.013544273113483385,0.005454275534116704,-0.004960884705036861,-0.0033246144492358187,0.015662785647683197,-0.0009645177687103157,0.001609463268994027,0.00032794411501058107,0.004369301068925857,0.1918776795173852,100.6845,100.1722,0.49,6.627799987792969
2017-10-20,0.0035033181302583927,0.0003886602726379529,-0.007409463231041968,-0.018690664194823015,-0.00047589172924444867,0.010526410585323553,0.004599679927719258,0.006531428885974577,0.005103796185029985,0.008595375249109694,0.18428191416674375,100.6845,100.1722,0.52,6.614099979400635
2017-10-23,0.008319682190755184,0.0005782518010564175,0.00023476714183878755,-0.017225808813829957,0.007114104181801695,-0.015630187628774994,0.0025581499129216922,0.007050597072101539,-0.003980395312996876,0.002865757403807123,0.1846520584485228,100.6845,100.1722,0.52,6.638800144195557
2017-10-24,0.010922781391195624,0.011308220926970591,-0.0021153697891094225,-0.006254907023110157,0.0039305286016408925,0.0018847317859993495,0.00021284345906913416,0.005014694193517855,0.0016166008745583937,0.0038100053729319683,0.18322959177008524,100.6845,100.1722,0.55,6.638299942016602
2017-10-25,-0.0055423154062999025,0.0026866143200359183,0.00031369543092374386,-0.0035220949132721557,-0.004718506649966203,0.0025256199549961167,-0.002664252680974144,0.0037419028500256246,-0.004673955687260367,-0.0016060098256582833,0.18173050857261447,100.6845,100.1722,0.56,6.636000156402588
2017-10-26,0.008776989865134421,0.02598045617104372,-0.0071605730072059615,-0.01613694345459482,-0.001262012633190368,0.004588221771041567,0.009558287801651133,0.014264708420387073,0.0012701392506020426,-0.0006638146900668218,0.18273938323748695,100.6845,100.1722,0.57,6.637599945068359
2017-10-27,0.023654230802155674,0.046131368842941,0.0017357990230921772,-0.006991681200460675,-0.023639535923900112,-0.018575422423614096,0.0032712271094679224,0.012936255602135738,0.008040609979727442,0.0022729991046306353,0.19928673853967638,100.6845,100.1722,0.54,6.64109992980957
2017-10-30,0.004627495401348991,0.04243918205353481,0.004404927786188395,-0.002821520556111068,0.0027439608285915185,-0.022945565776824273,-0.004540426090529515,0.005837679598684531,-0.003197577376741201,0.0030558170408863106,0.19556870733572537,100.6845,100.1722,0.5,6.658999919891357
2017-10-31,0.004238457220275382,0.035754857882614566,-0.005588126504386004,-0.006294277271387649,-0.003228930946831854,-0.03010502532529702,0.0006348411945928945,0.006259677334208291,0.0009440129366797834,0.0023832291030077,0.19651745409247745,100.6845,100.1722,0.5,6.642399787902832
2017-11-01,-0.0014722459565779111,0.03982492733233656,0.005588126504386004,-0.0010198461979253892,0.013172845902591268,-0.012213672772739548,0.0028515268743758426,0.011775456889558278,0.0015908441079037772,0.008648028898171845,0.20003096690641625,100.541,100.4409,0.49,6.635799884796143
2017-11-02,0.0044101813143497814,0.03545811878155192,0.0006277354683383862,0.0067684622776189585,0.0007976573063253056,-0.010154002833223874,-0.0013719304769415075,0.0008452386109656373,0.00018994776966696492,0.007567837417236767,0.19959315693256957,100.541,100.4409,0.48,6.599400043487549
2017-11-03,0.0199679618817985,0.031771849861194745,-0.0066105728521330676,-0.0015779095976062862,-0.008005120155581302,0.005480412935094936,0.002636715059869843,0.00021072656136755796,0.0030922893263145568,0.0026195167638238814,0.17870194706222287,100.541,100.4409,0.48,6.608099937438965
2017-11-06,0.030270460883359718,0.05741481534320547,0.010134046656737894,0.004151209272943213,0.012777672921753025,0.015514125028256442,-0.002319954815239278,0.0024311978366577947,0.0012704438847759292,0.007087538025341011,0.18116805003003136,100.541,100.4409,0.46,6.638000011444092
2017-11-07,-0.002618905245093117,0.05055745287783697,-0.00446522483841072,0.005274110938918497,-0.021820239299032096,-0.0030771833239437996,0.002003928704287894,0.003800285346352794,-0.00018912080508215467,0.005954404283579073,0.19925836565629285,100.541,100.4409,0.44,6.633500099182129
2017-11-08,-0.006841520981415883,0.045188177852999,0.006183266004363475,0.005869250438895968,0.0034005228675864085,-0.012849506358948659,-0.0004215503716826774,0.0005272081002942741,0.0014426139320606879,0.005806174107735984,0.1971517738452207,100.541,100.4409,0.45,6.639800071716309
2017-11-09,0.006316862505197918,0.04709485904384714,0.0031162381684790574,0.008357753139036639,-0.0042119005215595084,-0.017859064186833473,-0.004542824287079306,-0.002643685709843524,-0.003768981339369759,0.00184724499869926,0.19400326363624748,100.541,100.4409,0.46,6.6265997886657715
2017-11-10,-0.0075497942852109645,0.01957710287683767,-0.010320616370499636,0.004647709620670071,-0.0034149002715058163,-0.013268844302757987,-0.000529609198133052,-0.005810009967846419,-0.000898046976053557,-0.0021430913036688537,0.1922240945417562,100.541,100.4409,0.52,6.630300045013428
2017-11-13,0.0003523637581199779,-0.010340994248402069,0.003843613213939001,-0.001642723822128822,0.013590261052916386,-0.012456256171594626,0.0010588573159493464,-0.0024311978366577947,0.0009831509112929737,-0.002430384277151809,0.1976752726732179,100.541,100.4409,0.52,6.6392998695373535
2017-11-14,-0.018851662090009214,-0.026573751093318165,0.0032827535277863973,0.006105254544068295,-0.01669003573133887,-0.007326052603901401,-0.007009332369972476,-0.011444458910918165,-0.0023122805602824315,-0.004553544032352086,0.16433358028550693,100.541,100.4409,0.51,6.638599872589111
2017-11-15,-0.0066648706271745795,-0.026397100739076862,-0.003909309122587246,-0.003987320582882425,-0.003601221126326104,-0.014327796597813913,-0.00021321970370724586,-0.011236128242942733,-0.0055409987421235485,-0.011537156706536322,0.15940334170205733,100.541,100.4409,0.48,6.6356000900268555
2017-11-17,0.025249794544190074,-0.003354269891709727,0.014301521457896982,0.018223402635293873,0.006223424466485383,-0.0022830960723700944,-0.0028785843999630245,-0.007763886015148103,-0.002629416978897403,-0.0013368925870382853,0.16123958908285493,100.541,100.4409,0.49,6.627699851989746
2017-11-20,-0.008167642830057886,-0.011874276479887591,-0.016495917971793617,-0.002116128550438745,0.00910135189341399,-0.006772005231872491,0.004474260757626247,-0.004348482573471202,0.001274869888790775,-0.001045173609540484,0.16528379614854455,100.541,100.4409,0.52,6.661900043487549
2017-11-21,0.013106841288232474,0.020084226898354096,0.00508668007937807,-0.00031220199884707256,0.011261331030646193,0.021179361530112573,-0.0013828102363699912,0.0012780395601312833,0.006519838879752271,0.0077869458304942185,0.16842177723678542,100.541,100.4409,0.52,6.633500099182129
2017-11-22,0.020723399054124236,0.04747249657965291,0.008162676176656447,0.01175978330039662,0.002875421456004723,0.0276560041124434,-0.007800389337229596,-0.006309130073391067,-0.0007505427033294154,0.012577401869288352,0.16809298051041668,100.541,100.4409,0.48,6.629199981689453
2017-11-24,0.01590185334251082,0.06681424539899972,-0.003800977739327749,0.007253982002810133,0.009999246265957273,0.03946077511250756,-0.004946768622475339,-0.012534291838411704,0.0020539842782323348,0.006468733364548562,0.17145014564804384,100.541,100.4409,0.5,6.5833001136779785
2017-11-27,-0.014351863335128279,0.027212587519681364,0.005502899107364456,-0.0015446403477223924,-0.01063754003993922,0.02259981060608296,0.001508126827771683,-0.008147580610676997,-0.00038433158680373225,0.008713818756642233,0.17529574399120917,100.541,100.4409,0.49,6.601200103759766
2017-11-28,-0.0020671657579747205,0.03331306459176453,0.000695308000776329,0.015646585624847553,-0.019991005233603643,-0.006492546520934672,0.0038676520416016658,-0.008754189326701578,0.009800332196793882,0.01723928106464534,0.169598047303939,100.541,100.4409,0.5,6.595300197601318
2017-11-29,-0.01197000042655283,0.008236222876979227,-0.009779630834338526,0.0007802747111309571,-0.009982878373540727,-0.027736755925121592,0.0,-0.007371379090331587,-0.00036929388279105524,0.010350148302102014,0.17237506069616393,100.541,100.4409,0.53,6.609399795532227
2017-11-30,0.0017437195029073038,-0.010743456674237706,-0.0069659614591834895,-0.01434836292470898,-0.0009873362753221038,-0.03159951365644842,-0.00268427706422969,-0.0022552668173316803,0.008157586662811411,0.01925827766824284,0.17217830941964984,100.541,100.4409,0.56,6.60830020904541
2017-12-01,0.016586404204197436,-0.010058905812551089,0.004388798311229181,-0.00615858687415205,0.009340528470324072,-0.03225823145208162,-0.001183374977371976,0.001508126827771683,-0.0020265829358052656,0.01517771045420524,0.16872140252820123,100.4203,100.5762,0.51,6.612100124359131
2017-12-04,-0.015367640352621947,-0.011074682830044758,-0.003525129832616436,-0.015186615814132942,-0.0008158790455627951,-0.022436570457705196,0.0031167837509666896,0.0031167837509666896,-0.001052710549286573,0.0145093314917224,0.1685928471004329,100.4203,100.5762,0.5,6.6346001625061035
2017-12-05,0.0026066173587997454,-0.006400899713270292,-0.01001630923867669,-0.02589823305358596,-0.04763996780611124,-0.05008553303021279,0.002036714134111328,0.001285845843476352,-0.0037463905259551566,0.0009626087689733609,0.23271752953514677,100.4203,100.5762,0.5,6.618899822235107
2017-12-06,-0.02923257768225973,-0.023663476968977193,0.0009507790532286009,-0.015167823166018835,0.005463572449514009,-0.034639082207158056,0.002460061773974509,0.003745907617450861,-0.0001141121705305892,0.001217790481233827,0.2277961428631344,100.4203,100.5762,0.47,6.616799831390381
2017-12-07,0.012960670674747377,-0.01244652579713712,-0.010347938786658517,-0.018549800493493862,0.0013612213903726467,-0.032290524541463306,0.0020276666431033874,0.008457851324783938,0.002928067010109281,-0.0040117291714683034,0.21805877967788798,100.4203,100.5762,0.5,6.6143999099731445
2017-12-08,0.01174940282044279,-0.017283527180891767,-0.003687457209357703,-0.026626056014080746,0.004918982986468645,-0.03671207002531873,0.0010655139173483263,0.01070674021950424,0.005491202035518228,0.00350605579985519,0.21861691791099852,100.4203,100.5762,0.5,6.618000030517578
2017-12-11,0.010923403900339856,0.009007517072070037,-0.0012053519550523362,-0.024306278136516646,0.01110561414430955,-0.024790576835446387,-0.00031952685593505947,0.007270429612602491,0.0031968421216959086,0.007755608470837672,0.22320850001803902,100.4203,100.5762,0.51,6.618299961090088
2017-12-12,-0.014766224711481257,-0.008365324998210966,-0.004189798469907302,-0.018479767367747257,0.0038413810091222356,0.026690771979787087,0.0024471547675064542,0.0076808702459976175,0.0015477237220897777,0.013049722718882606,0.223815759172586,100.4203,100.5762,0.51,6.617099761962891
2017-12-13,-0.009495427870795048,0.011371824813253717,0.005555813112327002,-0.013874733308648857,0.009951971728375364,0.03117917125864844,-0.00714553430460807,-0.0019247258325849614,-0.00047306897015086946,0.012690765919262326,0.22114610550460115,100.4203,100.5762,0.48,6.6203999519348145
2017-12-14,0.007743833906514119,0.00615498804502046,0.006722195742235648,0.0031954012202453086,0.006252094465832414,0.03607004433410821,0.0006419597821736289,-0.00331043269351472,-0.004079167730762556,0.0056835311783904885,0.21519237597532834,100.4203,100.5762,0.48,6.61870002746582
2017-12-15,0.004547818249209357,-0.0010465965262129728,0.0003987081752363508,0.007281566604839362,0.019973006072789623,0.05112406742042919,0.004695371401998827,0.0003194247911357806,0.008934313410143169,0.00912664255301543,0.22570738563833317,100.4203,100.5762,0.47,6.60860013961792
2017-12-18,-0.0024462600136896384,-0.014416260440242468,0.006278504505989879,0.014765423065881578,0.003851122913025362,0.043869576189145,-0.0024516705804717986,-0.0018127189334009586,0.005348478579596971,0.011278279010916492,0.22568996357355717,100.4203,100.5762,0.5,6.6149001121521
2017-12-19,0.005234687225665446,0.005584651496904236,-0.0011891079589432252,0.017766113576845655,0.0017601662819173303,0.04178836146194009,-0.0024576144205914474,-0.00671748812149886,-0.003235498043117957,0.006495057245708757,0.22496983228061807,100.4203,100.5762,0.55,6.614200115203857
2017-12-20,0.01090449701334606,0.025984576381045343,0.004274206737060915,0.016484507201579568,0.013970670213129921,0.04580705994669465,-0.001284688612383178,-0.0008566424292739683,-0.0008282360735725192,0.006139890142287108,0.2277938226811361,100.4203,100.5762,0.57,6.605000019073486
2017-12-21,0.004637199481782872,0.022877941956314096,0.0009474013739518838,0.010709712833295804,0.00722591963912933,0.046780885119991567,-0.0007501441262052211,-0.0022487463376528183,0.001983687012658386,0.01220274488570805,0.22597684050417002,100.4203,100.5762,0.55,6.579699993133545
2017-12-22,0.0018830889520318195,0.02021321265913656,0.006371182406176956,0.01668218706423641,0.006241237665203236,0.03304911671240518,0.0007501441262052211,-0.006193973613446424,-0.00045827163811384963,0.0028101598374510317,0.22662120329443305,100.4203,100.5762,0.54,6.585400104522705
2017-12-26,0.025330634470642543,0.04799010714346874,0.006798190801191595,0.017201873359438125,0.012827651855483069,0.042025645654862887,-0.0009645393555919313,-0.004706842388566557,-0.0010589757000589728,-0.0035972944422049125,0.22821116229391572,100.4203,100.5762,0.53,6.53879976272583
2017-12-27,-0.005517977873040536,0.03723744204476276,0.0022558637714853447,0.020646845089866694,0.00030705589646906617,0.04057253526941462,-0.0024693056274962544,-0.004718533595471364,0.0007906283102423473,0.00042883191115539177,0.22408866806755146,100.4203,100.5762,0.48,6.543099880218506
2017-12-28,0.003347856553545192,0.02968080158496189,0.005501525365827931,0.02187416371863371,0.008864506753951229,0.03546637181023593,-0.004632883484900319,-0.008066728467988504,0.0018323190029194691,0.00308938698764738,0.21052601689857428,100.4203,100.5762,0.47,6.554699897766113
2017-12-29,0.009645809436932495,0.034689411540111514,0.009383296909513561,0.030310059254195387,-0.0019800496001622925,0.026260402570944308,-0.0051970204062117276,-0.01251360474799501,-0.005196632292747694,-0.0040909323177587,0.20597349994797126,100.4203,100.5762,0.44,6.531599998474121
2018-01-02,-0.0008278705375657225,0.03197845205051397,0.0056487954355946,0.02958767228361303,-0.007191513050258003,0.012827651855483069,-0.0029353097193389743,-0.016199058593539206,0.008269078218397397,0.004636417538752546,0.2088203315023234,100.4203,100.5762,0.46,6.505799770355225
2018-01-03,0.02065650718972467,0.0273043247695961,0.0019012136171543403,0.024690695099575777,-0.005852489619077916,-0.005852489619077916,0.003369441635602044,-0.011865077602345231,0.006378433243936499,0.012073826482748018,0.20992657472224494,100.4203,100.5762,0.46,6.49399995803833
2018-01-04,0.006146852988862861,0.0389691556314995,0.0024283463684655615,0.024863177696555994,0.0016976863879438753,-0.004461859127603107,-0.003369441635602044,-0.01276521361045102,0.004020542855326603,0.015303741027832274,0.20959272089119804,100.4203,100.5762,0.45,6.5030999183654785
2018-01-05,-0.009234568806432364,0.02638673027152194,0.0006819141750700197,0.020043566505798083,-0.011008731732923716,-0.024335097614478052,0.001088122812602954,-0.007044207312947748,0.007009145888585699,0.020480567913498504,0.11640924166634035,100.4203,100.5762,0.46,6.493299961090088
2018-01-08,0.004708962502550484,0.02144988333713993,-0.0012884713036926954,0.009371798292591826,-0.0018726728221840627,-0.024227720836499822,0.004124217755157922,0.0022770308484219015,0.0016609637672972966,0.027338163973543494,0.1183669246842627,100.4203,100.5762,0.47,6.487500190734863
2018-01-09,0.01972956057750963,0.04200731445221528,-0.005246580568031511,-0.0015235777110342852,-0.002032681734444486,-0.019068889520686305,0.002163767452257659,0.007376108020018535,0.0013020835172978806,0.02037116927244398,0.11993239520429597,100.4203,100.5762,0.52,6.497600078582764
2018-01-10,0.009642066579957032,0.030992873842447644,0.004336147142567803,0.0009113558143791778,0.006396759485535863,-0.0068196404160725255,-0.002163767452257659,0.0018428989321588318,-0.0011128458115203799,0.0128798902169871,0.12019253670738136,100.4203,100.5762,0.52,6.529399871826172
2018-01-11,0.0036115222447534734,0.028457543098338256,0.0024260445347756843,0.0009090539806893005,-0.00046663804092106353,-0.008983964844937464,-0.005212340567760876,0.0,0.007009025768881294,0.01586837313054179,0.11826102573399169,100.4203,100.5762,0.54,6.507199764251709
2018-01-12,0.007806500312367959,0.04549861221713858,0.009645929220218896,0.009873069025838177,-0.00420986824487124,-0.0021851013568849886,-0.009626999795694147,-0.0107151226082971,0.006726926399094779,0.01558615364105087,0.12119032350977936,100.4203,100.5762,0.54,6.490200042724609
2018-01-16,-0.008904276561470859,0.031885373153117236,0.00149880121238688,0.012660341541917752,-0.00031260070589334,-0.0006250292405942659,-0.006396160194817924,-0.021235500558272946,-0.0035307132616031467,0.010394476612150427,0.11905540086933349,100.4203,100.5762,0.51,6.435200214385986
2018-01-17,0.003758840401134833,0.01591465297674244,0.0019450709821953183,0.019851993092144582,-0.01021131811368936,-0.00880366561983914,0.0016581170617708807,-0.021741150948759724,0.009371006206502663,0.01846339930135521,0.12612848130647372,100.4203,100.5762,0.53,6.442299842834473
2018-01-18,-0.0003127025893761015,0.005959883807409305,-0.0090090699423655,0.006506776007211279,0.0033104638087970706,-0.011889961296577933,-0.0004419014137866384,-0.020019284910288704,-0.0016176974974735359,0.017958547615402054,0.10776292194359575,100.4203,100.5762,0.57,6.43209981918335
2018-01-19,-0.009110993474894968,-0.0067626319122391365,0.004439620791428567,0.008520352263864162,-0.003152584674094072,-0.014575907929750942,0.0007731783114746094,-0.014033766031053219,0.004375647986989861,0.015325169833510621,0.10817074747152286,100.4203,100.5762,0.58,6.420599937438965
2018-01-22,0.0018918931388629545,-0.01267723908574414,-0.0007510891007012077,-0.0018766660570559424,0.003309942060845339,-0.007056097624034363,-0.0018787447400328006,-0.0062855109753918725,0.00803436438221361,0.016632607816629452,0.10849820212586232,100.4203,100.5762,0.6,6.4029998779296875
2018-01-23,0.015317578637895402,0.01154461611362212,0.0036000389903172447,0.00022457172087442245,-0.028085477615395815,-0.03482897453353684,-0.003102138236337204,-0.002991489016911153,0.0021720049682221187,0.022335326046454718,0.13780645893384527,100.4203,100.5762,0.57,6.404399871826172
2018-01-24,0.017528114402542982,0.02531389011503027,0.015009996047209206,0.01328949678588831,0.03779426020658594,0.013176603786738461,-0.010149015377901804,-0.014798621456583838,-0.0005601325472319729,0.012404187292720081,0.1916530397052386,100.4203,100.5762,0.58,6.402900218963623
2018-01-25,-0.0015252973064958653,0.024101295397910505,0.004782409794310105,0.027080976522563915,-0.0029652856730491006,0.00690085430489229,0.0020156816087153473,-0.012341038434081852,0.0006024393988326437,0.014624324189026261,0.19065236802905924,100.4203,100.5762,0.56,6.36929988861084
2018-01-26,0.009570862972458904,0.04278315184526438,-0.007958810491319745,0.014682545239815603,-0.005171208510964753,0.004882230468021609,-0.0035862382542672933,-0.016700454999823755,0.011771638106083948,0.022020314308120348,0.1852381705053656,100.4203,100.5762,0.57,6.322800159454346
2018-03-01,-0.01060105672131506,-0.02876731579342895,-0.0096242535332145,-0.02103738201249339,-0.0025777798710062694,-0.04356062321382148,-0.0032056725074198766,0.006330889094189551,-0.013413965854875975,-0.00977036651425145,0.22314921111028777,100.0367,100.9095,0.71,6.330900192260742
2018-03-02,0.004253905596111274,-0.0368631362052847,0.013872136457073303,-0.005359900939776452,0.000483873792825662,-0.0340788467978983,-0.004216107975184791,0.0006673917285882069,0.005058785485198669,-0.020612859274173445,0.2229009461898667,100.0367,100.9095,0.74,6.357399940490723
2018-03-05,0.02132207570808564,-0.02118991614172483,-0.0022734172079488246,-0.00951379565987498,0.0014500646134647521,-0.028725331447670532,0.0015553762309705732,0.0028905204564093623,0.010971617610525897,-0.021329680284274843,0.22229443096557652,100.0367,100.9095,0.75,6.350299835205078
2018-03-06,0.00047932859806820716,-0.006528163584871294,0.011690746933441076,0.013665212649351055,0.01009222847171487,-0.0065136283422688734,-0.00511964471339077,-0.008223158349494497,0.0026353829319969435,-0.00590598591081104,0.22491938882052445,100.0367,100.9095,0.76,6.348899841308594
2018-03-07,-0.02343536664476087,-0.007981113463810807,-0.005715142383890814,0.00795007026546024,-0.007358856211646447,0.0020895307953525677,0.00022310211883347364,-0.01076294684619139,-0.00048399182571667865,0.004767828347128855,0.22221146005101655,100.0367,100.9095,0.76,6.3094000816345215
2018-03-08,-0.016987339967843518,-0.014367396710339264,-0.004610897113995982,0.012963426684678758,-0.01798348321134946,-0.013316172544990623,0.005340503917178552,-0.0022167704215929618,0.004453148208884983,0.022634942410889813,0.22757956344545818,100.0367,100.9095,0.75,6.324999809265137
2018-03-09,0.031436805947000934,0.012815503640550396,0.0018922913369374683,0.0009835815645429236,0.018625491270441774,0.004825444932625489,-0.0003330160270920146,0.0016663215264998144,0.017229546741207358,0.0348057036668985,0.20926734018209805,100.0367,100.9095,0.78,6.341599941253662
2018-03-12,-0.01102118605932656,-0.019527758126861805,-0.0022711796760663816,0.0009858190964253666,-0.0038584759926709733,-0.0004830956735102365,-0.002111171563250025,-0.002000226267720784,-0.0012747973379978461,0.02255928871837476,0.20972989911091744,100.0367,100.9095,0.77,6.328499794006348
2018-03-13,-0.010649752944056345,-0.030656839668986358,0.004914386241190449,-0.00579054159582526,0.004820792356047043,-0.005754531789178063,-0.002673178878945137,0.00044623956672484866,-0.006383910414315075,0.01353999537206274,0.20178268147637848,100.0367,100.9095,0.75,6.329100131988525
2018-03-14,0.004109482297893763,-0.003111990726331726,-0.0011319474267272867,-0.0012073466386617326,0.006710409157033359,0.008314733579501743,0.000445955471225723,0.000669092919117098,-0.005740969825188458,0.008283017372590962,0.1944391863162752,100.0367,100.9095,0.74,6.320400238037109
2018-03-15,0.0037658586714881537,0.017641207912999946,-0.00575495710344498,-0.0023514066281107304,-0.009278595794490752,0.01701962099636045,0.004893275448427659,0.00022186445036620484,-0.0007822363990968029,0.003047632764609176,0.17698404819628585,100.0367,100.9095,0.74,6.315999984741211
2018-03-16,0.01861952175547721,0.00482392372147622,-0.004185539229897728,-0.008429237194945927,-0.005802764798362725,-0.0074086350724440475,0.0009979927192418359,0.0015528731967000553,0.0017019979472321367,-0.012479916029366045,0.15487324328746122,100.0367,100.9095,0.77,6.320899963378906
2018-03-19,-0.00450159563818886,0.01134351414261392,0.004185539229897728,-0.001972518288981817,-0.007626800793065325,-0.011176959872838399,-0.0036640447599500803,0.0,-0.014306040541374188,-0.025511159232742386,0.1547752314867382,100.0367,100.9095,0.77,6.338200092315674
2018-03-20,0.02136220436199654,0.043355471448666805,-0.004338127119398294,-0.01122503164957056,-0.014438285319824162,-0.030436037548709605,0.005214425855851523,0.00788760473479666,0.0014807086617194543,-0.017646540156707857,0.1593881388752636,100.0367,100.9095,0.81,6.331600189208984
2018-03-21,0.027535326737028853,0.0667813158878019,0.0072954011940575825,-0.0027976830287856913,0.0075732997637154575,-0.029573146942027506,-0.006550164549312676,0.0008914847142582616,-0.001845692125629128,-0.013751262457148528,0.15456121540733814,100.0367,100.9095,0.8,6.332900047302246
2018-03-22,-0.013439533542886295,0.04957592367342745,0.004457397609610503,0.007414671684269791,-0.012045348586465332,-0.03233989973400209,0.0008906906770818068,-0.00311110005708759,-0.02548488697285478,-0.038453913030906506,0.15367645491832346,100.0367,100.9095,0.75,6.3206000328063965
2018-03-23,0.02427518491394487,0.05523158683189511,0.016966715936515442,0.02856692685068296,-0.009172132181127557,-0.03570926711676692,-0.00468487373089399,-0.008793966507223416,-0.021189807311750464,-0.061345718289889106,0.14950774308667492,100.0367,100.9095,0.75,6.334700107574463
2018-03-26,-0.005021606852867677,0.05471157561721629,0.0037725942201793927,0.028153981840964626,-0.008074031985554342,-0.036156498309255936,-0.004594658828933618,-0.009724580576206954,0.02679504070603489,-0.02024463704248003,0.14914265721422318,100.0367,100.9095,0.77,6.320000171661377
2018-03-27,-0.004587210563087751,0.028762160692132,-0.009719240533039297,0.022772868427323623,0.010416727059341602,-0.011301485930090172,0.0038117082515709555,-0.011127298180487522,-0.017427285645321255,-0.03915263134952074,0.15709264651244315,100.0367,100.9095,0.71,6.27239990234375
2018-03-28,-0.013423062994180057,-0.012196229039076911,-0.012830862694559464,0.002646604538706576,0.000835371288881559,-0.01803941440492407,0.007691001638754358,0.003113868007579512,-0.0029209188994627766,-0.04022785812335439,0.1541540013037106,100.0367,100.9095,0.72,6.281799793243408
2018-03-29,0.008660821060875179,0.009904125564684563,-0.0010577275967262878,-0.0028685206676302144,0.008315396432403643,0.0023213306139449053,0.0009988788105648183,0.0032220561410625237,0.013675777493843633,-0.0010671936566559737,0.15039867054100312,100.0367,100.9095,0.69,6.295599937438965
2018-04-02,-0.030170386953636275,-0.04454144630289658,0.014484794192477501,-0.005350442411668155,0.0070962826981895155,0.018589745493261978,-0.001109861063769202,0.006797068808187312,-0.022590682343496482,-0.002468068688401992,0.15313326352549952,100.0367,100.9095,0.68,6.282199859619141
2018-04-03,0.00790393007063539,-0.031615909379393514,-0.0069535041644925855,-0.016076540796340133,0.0057391850854080495,0.03240296256422437,0.0016642877237851295,0.01305601536090606,0.012535961315741417,-0.016727148078695464,0.154811170131504,100.0367,100.9095,0.71,6.279399871826172
2018-04-04,-0.0022068009062907734,-0.029235499722596536,0.0022483707966793887,-0.004108929466621447,-0.016818242340637335,0.005167993164245432,-0.0006653827439908611,0.008578924365344243,0.011500102346446717,0.012200239913072508,0.16430949209846785,100.0367,100.9095,0.71,6.288400173187256
2018-04-05,0.002679096769840683,-0.013133339958575796,-0.00864634504119266,7.558818674535672e-05,0.0205717780856689,0.024904399961032775,0.0035437434375475974,0.004431666164137482,0.006839421401651613,0.021960580214186898,0.17716092532226518,100.0367,100.9095,0.75,6.304200172424316
2018-04-06,-0.023567962101372686,-0.04536212312082366,0.005722457733424058,0.006855773516895702,-0.00506249762291433,0.011526505905714801,-0.0038766009085478004,-0.0004438135549751365,-0.02216406705706575,-0.013879264336722485,0.1763047640768071,100.0367,100.9095,0.7,6.3024001121521
2018-04-09,0.021677559089645193,0.006485822922457807,0.0032981247895707,-0.004330895886011099,0.005713887793975747,0.010144111001501033,-0.003000883352735073,-0.0023348358439410077,0.0033309949675937034,0.0120424129743677,0.16624125718761212,100.0367,100.9095,0.71,6.308599948883057
2018-04-10,0.03242359511469228,0.0310054879665147,0.004256401204820293,0.006879009483301779,0.01918639363199426,0.023591319548087242,-0.002786603934448628,-0.006785727502174765,0.016588598996313486,0.01609505065493977,0.16703395628432727,100.0367,100.9095,0.72,6.3053998947143555
2018-04-11,0.019799597008466563,0.053011885881272036,0.010746814567358598,0.015377453253980988,-0.006086853107533319,0.03432270878119126,-0.00022322665318430523,-0.00634357141136821,-0.005540685772460918,-0.0009457374639678662,0.16789712735900195,100.0367,100.9095,0.68,6.281599998474121
2018-04-12,0.0037344132000587393,0.05406720231149009,-0.013432964185141394,0.010590834110032255,-0.01685070537394484,-0.0030997746784224844,0.0020075882884054153,-0.007879726560510392,0.008216898697656738,0.00043173983203725896,0.17680353441604446,100.0367,100.9095,0.7,6.268599987030029
2018-04-13,0.004759784339583462,0.08239494875244624,0.004770450489398392,0.009638826866006589,0.002448037645688572,0.004410760590180418,0.0005569819237045692,-0.003446143728258022,-0.0028907998267069246,0.019705007062396085,0.17509724651001127,100.0367,100.9095,0.69,6.290999889373779
2018-04-16,-0.017514079347965783,0.043203310314835264,0.0020056843799087787,0.008346386456344668,0.00779348929620971,0.006490362092414381,-0.004128809521549037,-0.004574069897071986,0.0080763368015635,0.02445034889636588,0.17505220934682283,100.0367,100.9095,0.71,6.274099826812744
2018-04-17,0.004520053306543481,0.015299768506686462,-0.00022269553924481045,0.0038672897122795646,-0.005351507441310632,-0.01804753898089051,0.0010058267338663995,-0.0007816392287569585,0.010605071613866812,0.018466821513919207,0.17488035134438723,100.0367,100.9095,0.68,6.275700092315674
2018-04-18,0.028893107101565008,0.024393278599784907,0.0029647221128232815,-0.003914802742255752,0.025208055759277315,0.013247369885920124,0.0011165135005626325,0.0005581009249899793,0.0008310204075527849,0.02483852769393291,0.19349401589178375,100.0367,100.9095,0.71,6.2804999351501465
2018-04-19,-0.002632354581802332,0.018026510817923835,-0.003261605814892654,0.006256555627992988,-0.008119143134165174,0.02197893212569979,0.0035642684824201964,0.0021147811190047605,-0.005742581795832535,0.010879047200443637,0.1881892627102002,100.0367,100.9095,0.75,6.273399829864502
2018-04-20,0.0013169876652412427,0.014583714143581616,-0.007527591093269059,-0.006041485954674464,0.001118295420091675,0.020649189900102893,0.004216107975184791,0.005773907170484982,-0.008573177188352155,0.005196669838798407,0.18692608552400192,100.0367,100.9095,0.79,6.27810001373291
2018-04-23,0.0037951022429361103,0.03589289573448351,-0.010679968716114097,-0.01872713905069734,-0.007532679417692645,0.005323021186200538,0.0068410587806271295,0.01674377547266115,5.6230111184163434e-05,-0.0028234368515809294,0.1834951713914341,100.0367,100.9095,0.8,6.295499801635742
2018-04-24,-0.013789311447073516,0.017583530980866513,0.006707153771284169,-0.01179728974016836,0.009765525482117177,0.020440054109628347,-0.0018711776875237618,0.013866771051270987,-0.013470888006475334,-0.026899396471923076,0.1813391407806824,100.0367,100.9095,0.83,6.316100120544434
2018-04-25,0.005156639102725791,-0.006152937017972704,-0.007690660944510874,-0.022452672797502515,-0.0020732024902512247,-0.006841204139900192,0.004397077957168705,0.01714733550787706,0.001835374232824094,-0.025895042646651767,0.17813685478809163,100.0367,100.9095,0.86,6.3059000968933105
2018-04-26,0.0020551883922657055,-0.0014653940439046664,-0.0037155700328845853,-0.022906637015494447,-0.006084903884278292,-0.00480696489001331,0.004268592906965019,0.01785165993242188,0.010380144187376317,-0.009772316663442915,0.17828011967730378,100.0367,100.9095,0.82,6.324699878692627
2018-04-27,-0.0013207715865348746,-0.004103153295680784,0.0030342129414098196,-0.012344832980815568,-0.021757608775146542,-0.027682869085251527,-0.00021842319292808554,0.013417128764309005,0.0011130052713639316,-8.613420372682867e-05,0.19624695222727376,100.0367,100.9095,0.79,6.335400104522705
2018-04-30,0.006877926096678699,-0.0010203294419381947,-0.0031102605435355812,-0.004775124808237052,0.0021316744016299793,-0.018018515265928903,0.003271847469483724,0.0098479174531656,-0.00822119254892062,-0.008363556863831612,0.19443177118058644,100.0367,100.9095,0.78,6.336999893188477
2018-05-01,-0.019438098363751877,-0.006669116358616556,-0.009465644983154498,-0.02094792356267572,-0.012361065153726924,-0.040145105901773004,0.006620032126942732,0.018339127267632094,0.0025458021710269563,0.007653133313670679,0.1978002744929267,99.75154,100.919,0.81,6.332099914550781
2018-05-02,0.010060749213765874,-0.0017650062475764727,-0.0009208665713247299,-0.014178129189489574,0.010721682977026026,-0.027350220434495753,0.0006488450518000732,0.014590894362263462,-0.007231951201402076,-0.0014141921205554908,0.20048394868239608,99.75154,100.919,0.8,6.332300186157227
2018-05-03,0.007333561728370519,0.003513367088528341,0.006199060002289869,-0.00426349915431512,0.0037665222066669557,-0.017498794343550506,-0.0010815323462356474,0.009240769109062796,-0.00225621758506378,-0.014050553892995588,0.19141405098684494,99.75154,100.919,0.78,6.361499786376953
2018-05-04,0.018675908736385693,0.02351004741144891,0.001524739240619688,-0.005772972855105252,0.0021226249078569737,0.00638143933945301,0.0017298742535389877,0.01118906655552987,0.012729810028334398,-0.0024337491360251207,0.17759270038048966,99.75154,100.919,0.79,6.352700233459473
2018-05-07,0.014382620348668773,0.031014741663438983,-0.00038096691275768535,-0.003043679224327356,-0.001959198001930229,0.0022905669358928016,0.0019425897051270624,0.009859808791173208,0.003451980554990186,0.009239423967885685,0.17681539962564696,99.75154,100.919,0.78,6.361700057983398
2018-05-08,-0.023894201899252288,0.026558638127938572,-0.00015239019585600033,0.006269575562971141,-0.006229545950079851,0.008422086139539875,0.003981311990664871,0.007221088654895347,-0.00026567661173348966,0.006427945185125239,0.1768657295098382,99.75154,100.919,0.81,6.366099834442139
2018-05-09,0.02967410133083881,0.04617199024501151,-0.0005336417302306273,0.006656800404065244,-0.0003289235336561003,-0.002628520371142251,-0.0008594954276519573,0.005712748175443316,0.009635647934868707,0.023295544321396022,0.16179771084739028,99.75154,100.919,0.82,6.369699954986572
2018-05-10,0.0030877388841608067,0.041926167400801795,0.007218601800712321,0.007676342202487696,0.017286788453897195,0.010891745876087988,-0.004200548849906838,0.002593731671772126,0.009327011603848412,0.034878773510308214,0.17315042833088545,99.75154,100.919,0.8,6.361400127410889
2018-05-11,-0.00929196708725133,0.013958291577164772,-0.0013637768572012376,0.00478782610466677,0.0008080993475585441,0.009577220315789559,-0.0011879758284818465,-0.00032411841024870824,0.0017061392709614154,0.02385510275293523,0.1623504704696895,99.75154,100.919,0.82,6.348199844360352
2018-05-14,0.0036707953616685884,0.0032464665901645873,-0.0018971737809501121,0.0032716192364743435,-0.00534543947874444,0.006190978838975347,0.0005401115358978359,-0.0017265965794779348,0.0008830995101263284,0.021286221708071373,0.16343840808683768,99.75154,100.919,0.85,6.333099842071533
2018-05-15,0.004920210704387529,0.032060879193804404,-0.021187539583849002,-0.01776353015151866,-0.01176292375326815,0.0006576010357870476,0.006781199131391524,0.0010732905612487187,-0.006865655043990948,0.014686243275813915,0.16596613021757683,99.75154,100.919,0.9,6.3383002281188965
2018-05-16,0.0025210140935403302,0.004907791956505925,0.0010080469002327064,-0.016221841521055325,0.0052450643897201665,0.0062315889591633145,0.0018219625466553424,0.0037547485355560184,0.004052339847514297,0.009102935188459504,0.1663319937034489,99.75154,100.919,0.92,6.376800060272217
2018-05-17,0.0,0.001820053072345118,-0.0015513500441075578,-0.024991793365875203,0.00603044818810794,-0.005024751306625941,0.0008562756682177763,0.008811573053680632,-0.0008562387886099643,-0.0010803152039988717,0.1406180682088148,99.75154,100.919,0.95,6.370500087738037
2018-05-18,-0.002941783860142877,0.00817023629945357,0.0015513500441075578,-0.022076666464566408,-0.008485620232234314,-0.0143184708864188,0.0018170938503141443,0.011816642732476623,-0.002635665254550723,-0.00542211972951101,0.14085181921355042,99.75154,100.919,0.91,6.366199970245361
2018-05-21,0.013378113500344568,0.01787755443812955,0.0,-0.020179492683616296,0.011244274902993068,0.002271243495318709,0.0004270864424578136,0.011703617639036601,0.007359604547933607,0.0010543853082962684,0.1471661705454523,99.75154,100.919,0.9,6.382800102233887
2018-05-22,-0.0015238711000726823,0.01143347263366934,0.001161935183777274,0.0021699820840099804,0.010798704774951151,0.02483287202353801,-0.0007475006432962061,0.0041749178643488705,-0.003140688592875307,0.0047793517594119095,0.15012048467112918,99.75154,100.919,0.91,6.381100177764893
2018-05-23,-0.004028635419327742,0.004883823120801267,-0.0018596691479242367,-0.0006977339641469626,-0.018934153400634868,0.0006536542331829764,0.004263960410090917,0.006616915727784445,0.0032431452068992783,0.003970157118796891,0.15962190806961052,99.75154,100.919,0.87,6.364200115203857
2018-05-24,-0.015854380349519914,-0.010970557228718647,0.011106864926633264,0.01196048100659386,0.008135448625683717,0.0027586546707587534,-0.0024495816691256778,0.0033110583904409907,-0.002025262957722873,0.002801132949683982,0.16280265955231438,99.75154,100.919,0.86,6.388800144195557
2018-05-25,-0.04084559276480437,-0.04887436613338014,-0.0003067912135685802,0.010102339748917721,-0.006013862872155551,0.005230412030837517,0.004362444109968777,0.005856408650095624,-0.002360003054185711,0.0030767951500489943,0.16277330334648749,99.75154,100.919,0.84,6.376399993896484
2018-05-29,-0.017086722681981747,-0.07933920231570646,-0.003535820483316243,0.006566519265601478,-0.004902728103973963,-0.010916590976129514,0.00677178944970791,0.01220111165734572,-0.011631572511792143,-0.015914381909676756,0.14478916718241222,99.75154,100.919,0.73,6.3983001708984375
2018-05-30,0.021936491022714222,-0.055878840192919554,0.002153718916270364,0.007558302998094568,0.0024543686418354582,-0.019260927109245207,-0.007196562894394631,0.005752049406247295,0.012615875351923656,-0.00015781796487779332,0.14485069913163173,99.75154,100.919,0.78,6.416600227355957
2018-05-31,-0.01730169841417961,-0.06915190318777142,-0.0010762796451002643,0.00834169250091854,-0.0004903608646718016,-0.0008171345732821411,-0.0017009004061181443,-0.00021281140996176617,-0.006903333243434062,-0.010304296415211134,0.13763120675621515,99.75154,100.919,0.76,6.418000221252441
2018-06-01,-0.018517704460034423,-0.07181522729828593,-0.004084885026490959,-0.006850057452205682,0.010895288008507364,0.0019427048095415067,0.0021256738508048656,0.004362444109968777,0.010790799709239352,0.002511766251751091,0.13779211260635513,99.56449,100.8715,0.8,6.409299850463867
2018-06-04,-0.016238064790579543,-0.0472076993240611,-0.001313863341481536,-0.007857129580118638,0.011257709045175979,0.019214276726873036,-0.0018065548632195672,-0.0018065548632195672,0.004469594898352192,0.009341364204288993,0.1422752781046587,99.56449,100.8715,0.82,6.419400215148926
2018-06-05,0.011821687729915098,-0.018299288912164258,0.0033969186184963363,-0.0009243904783060586,0.02042020926241883,0.04453721409326583,-0.0013836121217742914,-0.009961956434701769,0.000702346269576104,0.02167528298565724,0.15735112738983667,99.56449,100.8715,0.79,6.4070000648498535
2018-06-06,-0.012130563891592061,-0.05236634382647054,-0.00030835151545183237,-0.003386460910028255,0.01970428455702722,0.06178713000845759,-0.002452634914315688,-0.005218028454622825,0.008530900637311767,0.017590308271045352,0.1681619118047038,99.56449,100.8715,0.83,6.40500020980835
2018-06-07,0.018672008471541268,-0.01639263694074966,0.001232741993757891,-0.0010774392711700997,0.0041395154914458665,0.06641700636457526,-0.002779881283601071,-0.006297009332105752,-0.000714443621984806,0.023779197892494608,0.16483945468380815,99.56449,100.8715,0.8,6.387899875640869
2018-06-08,-0.003189297148578518,-0.0010642296292937559,-0.00046208842693662433,0.0025453573283842346,0.007620855618550415,0.06314257397461831,0.0016047237699439165,-0.006817959412966701,0.0031210289077518993,0.016109427091007156,0.16485201857829387,99.56449,100.8715,0.82,6.392099857330322
2018-06-11,0.005461188032305664,0.02063502319359145,0.0006161331177771956,0.004475353787642966,-0.012990178667861452,0.03889468626158088,0.00032061966302698863,-0.004690784886720145,0.0010681370069400842,0.012707969199595048,0.16702543951637946,99.56449,100.8715,0.83,6.405700206756592
2018-06-12,0.003925750746587298,0.01273908621026365,-0.0029298778307511597,-0.0018514426616045299,-0.0024641617167975305,0.016010315282364518,0.0023481835421090835,-0.0009589892228367702,0.0017418672787039569,0.013747490208722901,0.16779456874908688,99.56449,100.8715,0.83,6.391600131988525
2018-06-13,0.0042105141798236545,0.029080164281679366,0.0013889267881950218,-0.0001541643579576757,0.001694735728124508,-0.0019992335465381927,-0.0009599911809710093,0.0005336545105079082,-0.004034254541411819,0.0011823350299993152,0.1655539719496612,99.56449,100.8715,0.86,6.4004998207092285
2018-06-14,0.0037444813059615,0.014152637116099598,0.005459643319964513,0.004072736968248947,-0.009745568017113682,-0.01588431705509774,0.011247970694262754,0.014561506488371734,0.0024685005225038026,0.004365279174487924,0.1634907013142452,99.56449,100.8715,0.82,6.397299766540527
2018-06-15,-0.027739586485863832,-0.010397652221185716,-0.022804078760698232,-0.01826925336551266,-0.0237525946280297,-0.047257767301677855,0.00021106006322835213,0.01316784278165617,-0.0010176203154941277,0.00022662995124189678,0.1868743347963638,99.56449,100.8715,0.81,6.4045000076293945
2018-06-18,0.012069521497501512,-0.0037893187559898678,0.0012544894477866109,-0.017630897035503246,-0.01201075965369447,-0.04627834828751087,-0.0004220841608946202,0.01242513895773456,-0.0021283911808867018,-0.002969898236584889,0.19147428201609631,99.56449,100.8715,0.8,6.433000087738037
2018-06-19,-0.011915796200317352,-0.019630865702894518,-0.00047023717706196067,-0.015171256381814047,-0.018537091162862396,-0.06235127773357574,0.003581929076782231,0.013658884492407708,-0.00403151795139145,-0.008743283466680296,0.20031875285984532,99.56449,100.8715,0.77,6.438799858093262
2018-06-20,0.017518941736223148,-0.006322438146495024,-0.003455339185167716,-0.020015522355176785,0.0,-0.06404601346170025,-0.00031552753624719543,0.014303348137131522,0.001710690224112632,-0.002998338701155845,0.1960580550229875,99.56449,100.8715,0.81,6.485499858856201
2018-06-21,-0.010321893313500752,-0.020388812765957276,-0.0031515942835920185,-0.028626759958733317,-0.007082257053846908,-0.06138270249843347,-0.00200068314727897,0.0010546942955897975,-0.006365728843220175,-0.011832568066879823,0.1927087576249802,99.56449,100.8715,0.79,6.47160005569458
2018-06-22,0.04534031649466286,0.052691090214569414,0.00015787362465857768,-0.005664807573376507,0.002476248261375824,-0.03515385960902795,-0.0036961455526753895,-0.002852511320313944,0.0018602032551342518,-0.008954744496251443,0.1822305653138604,99.56449,100.8715,0.78,6.492099761962891
2018-06-25,-0.007317462573565692,0.03330410614350221,-0.0014212784296390168,-0.008340575450802135,-0.013445276734300515,-0.036588376689633995,-0.0025423516828215753,-0.004972778842240899,-0.013819722967770787,-0.020646076283135528,0.18475486474668534,99.56449,100.8715,0.77,6.504300117492676
2018-06-26,0.03535462275176382,0.08057452509558338,-0.007136657182704731,-0.015006995456444905,0.0016696867976107033,-0.016381598729160896,0.004233722748722357,-0.004320985170300773,0.0022021505056963875,-0.01441240782604769,0.18428805910474264,99.56449,100.8715,0.76,6.539000034332275
2018-06-27,0.031128249097363003,0.09418383245672324,-0.0030285563284468964,-0.014580212599724085,-0.002505616682709544,-0.01888721541187044,0.006422095098880476,0.0024166374648268985,-0.008641586313141048,-0.02476468436330137,0.18385128761481606,99.56449,100.8715,0.72,6.5782999992370605
2018-06-28,0.009438478061228217,0.1139442038314522,-0.003999045403676682,-0.015427663719808749,-0.012115245907576178,-0.02392020426559971,0.0010488617907338238,0.005466182402839692,0.006159680019031555,-0.01223927550104964,0.18731176355758092,99.56449,100.8715,0.74,6.601900100708008
2018-06-29,0.009485228091107523,0.07808911542789687,0.0028010100848696595,-0.012784527259597667,-0.0008468311852427579,-0.02724328371221829,-0.007999223262922683,0.0011631046925923982,0.0007581158875167304,-0.013341362868667161,0.1872873282892376,99.56449,100.8715,0.74,6.627399921417236
2018-07-02,-0.002836102634979909,0.08257047536648265,-0.009232934241235391,-0.02059618307119404,-0.006629864450313772,-0.020427871428231548,0.0025330408600829912,0.006238497235496965,0.0030632608342937573,0.0035416209333973825,0.1822123870944072,99.56449,100.8715,0.73,6.624300003051758
2018-07-03,0.002701202962932747,0.04991705557765158,0.00947259763675401,-0.0039869282517353,-0.008736692746449615,-0.030834250972291866,-0.0029558388463213348,-0.0009510643595467272,-0.004959629280533839,-0.0036201588528328443,0.17621383101939211,99.56449,100.8715,0.71,6.6666998863220215
2018-07-05,-0.01631797063820084,0.0024708358420877374,0.004543890146389451,0.0035855182231010474,-0.032170610304419034,-0.060499244594001356,-0.0012693868068316405,-0.008642546265258844,0.00858385674553741,0.013605284205845614,0.18045109471095355,99.56449,100.8715,0.71,6.63129997253418
2018-07-06,0.01172155410619169,0.00475391188705121,-0.0023889164756205616,0.005195647151157168,-0.0003554034323927091,-0.04873940211881789,-0.0045621032952603,-0.014253511351252968,0.00844551760058021,0.01589112178739427,0.15621853207273728,99.56449,100.8715,0.7,6.6367998123168945
2018-07-09,0.0006772153573635364,-0.004054100846692776,0.003024939992369191,0.005419577058656699,0.009200356163156398,-0.03869221477041873,0.0004252702056790625,-0.005829017882651222,0.00878429078534193,0.02391729668521947,0.1616318875186573,99.56449,100.8715,0.73,6.639200210571289
2018-07-10,0.003514495883497837,0.0022964976717849694,-0.003423648167605542,0.011228863132286548,-0.0037053255232459836,-0.03576767584335094,0.0003188137431511251,-0.008043244999583088,0.003467249318822141,0.024321285169747853,0.15354622538002446,99.56449,100.8715,0.74,6.615200042724609
2018-07-11,-0.05164139133061685,-0.052046096621764626,-0.008812040976282631,-0.007055775480750093,-0.03416370651626788,-0.061194689613169206,0.006460866666977871,0.0013734605137161182,-0.007119486371916395,0.022161428078365297,0.1789527475865867,99.56449,100.8715,0.74,6.631400108337402
2018-07-12,-0.0007106165132890752,-0.03643874249685286,0.0017685920911132413,-0.009831073536026302,0.012542156351778244,-0.01648192295697193,0.0009496791561671714,0.00359252647671493,0.008710991580171523,0.02228856291299941,0.19212989448113352,99.56449,100.8715,0.75,6.682799816131592
2018-07-13,0.009622265922405226,-0.038538030680639324,-0.004346802680328388,-0.011788959740734128,0.0007223162132810046,-0.015404203311298215,-0.0006330192168180204,0.00752161055515721,0.0010786555366086858,0.014921700849027886,0.19157005777488234,99.56449,100.8715,0.72,6.665900230407715
2018-07-16,-0.04243110907614067,-0.08164635511414353,-0.001210800510808241,-0.01602470024391156,-0.004704192340977631,-0.029308751815432244,-0.002536172352349375,0.004560167997128772,-0.0010286646208985673,0.005108745442787388,0.1916481834113728,99.56449,100.8715,0.75,6.6946001052856445
2018-07-17,0.00029387795937374506,-0.08486697303826762,-0.010065857197482764,-0.022666909273788782,-0.006367682266448682,-0.03197110855863494,0.004855393498240268,0.009096747752217915,0.0039658243434432805,0.0056073204674085275,0.18211457209925652,99.56449,100.8715,0.77,6.6915998458862305
2018-07-18,0.00993870042182099,-0.023286881285829786,0.0004894760752298666,-0.013365392222276284,0.004552515325796813,0.006745113283429749,0.0011575966416090822,0.003793477726849126,0.002158182076737347,0.01488498891606227,0.18483220563887373,99.56449,100.8715,0.79,6.7067999839782715
2018-07-19,0.010128822552714745,-0.012447442219825966,-0.0031853862009256773,-0.018319370514315203,-0.02427481545471244,-0.030071858523060935,0.0009460850943856514,0.003789883665067606,-0.003960826849048971,0.0022131704868417756,0.19081578922823778,99.56449,100.8715,0.75,6.717700004577637
2018-07-20,0.01429412578422884,-0.007775582358002353,0.005791423271754859,-0.008181144562231957,0.02209218752258313,-0.00870198721375881,-0.007488292068672742,-0.0030653891867871152,-0.0009488977712743818,0.000185617178958708,0.21355607444192776,99.56449,100.8715,0.78,6.771699905395508
2018-07-23,-0.03715642059626134,-0.0025008938781230228,-0.0044833985839760615,-0.011453742635399777,-0.003282900222465024,-0.0072806950952462035,0.002220686023605367,0.001691469189167627,0.001836362343230924,0.003050644143088199,0.21348255925862306,99.56449,100.8715,0.85,6.7581000328063965
2018-07-24,0.009236885140637696,0.006442113303140928,-8.168273621933508e-05,-0.0014695681741363487,0.022756974273971275,0.021843961445173754,-0.0006339556317636053,-0.0037978799408362462,0.004769518886053703,0.0038543386856986217,0.23283237827208647,99.56449,100.8715,0.84,6.791999816894531
2018-07-25,0.011319325768873512,0.00782273865019345,0.006109251967322038,0.004150207717955823,0.0021405794897915165,0.019432025609168457,-0.0026459241597862615,-0.00760140074223159,0.009060435070372463,0.010756591679333738,0.23094811303800233,99.56449,100.8715,0.81,6.790500164031982
2018-07-26,0.0044632937159683195,0.0021572098134470252,-0.004966001498039496,0.002369592420842004,-0.0007130458403659112,0.042993795223514986,0.004124582954731615,-0.004422902881885626,-0.003036902748867476,0.011680515779515233,0.23048077836478753,99.56449,100.8715,0.87,6.768700122833252
2018-07-27,-0.01330458018056202,-0.025441496151343834,-0.0022060331796796007,-0.0056278640305924554,-0.00590183122698007,0.014999776473951787,-0.000739056093518542,0.0023263330932685733,-0.006583834644844799,0.006045578905944815,0.2306576694763912,99.56449,100.8715,0.84,6.782800197601318
2018-07-30,0.020746959616493754,0.03246188406141126,-0.001063813468161534,-0.002208278914777928,-0.0030539360274375316,0.01522874066897928,-0.003385526861213073,-0.0032798797915498668,-0.005770789315587166,-0.0015615727528732748,0.22843493434517861,99.56449,100.8715,0.85,6.812699794769287
2018-07-31,-0.019728411802093504,0.0034965871186800612,0.0019631109320892293,-0.0001634852464693637,0.014291047615522023,0.006762814010530027,0.0013767251787246693,-0.0012691989810615922,0.004872837219302539,-0.0014582544196244385,0.23604154478374328,99.56449,100.8715,0.84,6.814899921417236
2018-08-01,-0.016126994104835646,-0.023949732755029096,-0.004750931950486148,-0.01102366916427755,-0.030250816644034062,-0.02562858212329555,0.0013749130439730806,0.00275163822269775,-0.001040893067570714,-0.011559582557567616,0.25506918698430797,99.12035,100.6953,0.87,6.811699867248535
2018-08-02,0.01903139560149203,-0.009381630869505386,-0.006011999848420935,-0.012069667514658988,-0.0029292943537351235,-0.027844830636664764,0.0057958476139194914,0.004422902881885626,0.004914349582208821,-0.0036083302264913186,0.25430284551553406,99.12035,100.6953,0.86,6.8225998878479
2018-08-03,-0.006838895059814831,-0.0029159457487581975,0.002969299191421193,-0.0068943351435581945,0.009670721014781058,-0.012272278394903635,-0.0003152622555848694,0.004846696719819299,0.004633432065348053,0.007608936483701534,0.2344134309008691,99.12035,100.6953,0.83,6.832799911499023
2018-08-06,0.007563734568472036,-0.016099170796779916,-0.004622738754922473,-0.010453260430319133,-0.011873380500080577,-0.02109172286754668,0.0023097251287023113,0.010541948709734683,0.0035319826508013463,0.016911708450090046,0.23736971094543516,99.12035,100.6953,0.83,6.833199977874756
2018-08-07,0.002315763552803496,0.005945004558117084,0.0008270615145109517,-0.011589309847897411,0.007323350678591245,-0.02805941980447746,-0.0014691931313475237,0.00769603039966249,0.0028202017464860063,0.014859072977273513,0.2363822719308416,99.12035,100.6953,0.85,6.854100227355957
2018-08-08,-0.032770483885949275,-0.010698485222996545,0.002477088262295979,-0.004361289635115284,-0.00018241859707690544,0.0020089782424796976,-0.0012610630798404188,0.005060054275848991,-0.0002624143932949963,0.01563755165154923,0.23631561121313785,99.12035,100.6953,0.85,6.833600044250488
2018-08-09,-0.0019439988598817237,-0.0316738796843703,-0.0005773983842614072,0.0010733118290442434,0.005458566960991451,0.010396839557206272,0.0041972939803338605,0.00346150064226336,-0.0014427146770401578,0.009280487392300252,0.2051221855507025,99.12035,100.6953,0.82,6.83519983291626
2018-08-10,0.01219889758010062,-0.012636087044454847,-0.0006603787513004278,-0.0025563661136773774,-0.00838197373173899,-0.007655855189313776,0.0089649365940625,0.01274169949191073,-0.007139312263245046,-0.002492256936292847,0.2022792329346553,99.12035,100.6953,0.78,6.817200183868408
2018-08-13,-0.0063784288589188165,-0.0265782504718457,-0.01648382857584263,-0.014417455934597534,-0.003850107503883038,0.000367417806883763,0.0003112713830253355,0.010743245746233754,-0.004014037665980297,-0.01003827725307449,0.20251844032086078,99.12035,100.6953,0.78,6.846199989318848
2018-08-14,-0.0023837322857787058,-0.0312777463104279,0.0014259543053389834,-0.013818563143769502,-0.017230614083730944,-0.024186546955438426,0.003521171434845094,0.01573361031242637,0.006368930016417806,-0.00648954898314269,0.21004486503101888,99.12035,100.6953,0.8,6.889400005340576
2018-08-15,-0.03074833275385558,-0.029255595178334204,-0.013077596207343056,-0.029373247613408537,-0.0453015816760447,-0.06930571003440622,-0.00031025599839562545,0.016684417393871165,-0.007631208581378779,-0.013858343171226473,0.25914211805324683,99.12035,100.6953,0.78,6.884699821472168
2018-08-16,0.00689811801057072,-0.02041347830788176,-0.001104685378172654,-0.029900534607319784,0.021855698692996972,-0.0529085783024007,-0.0005171494582061342,0.01196997395533117,0.007888214552638217,-0.004527413941548097,0.27233066811601325,99.12035,100.6953,0.79,6.933800220489502
2018-08-17,0.0068509755399226435,-0.025761400348059738,0.0002550676550168163,-0.02898508820100254,0.004200051099592539,-0.04032655347106917,-0.005706921343801241,-0.0027018839825325713,0.003317606375262905,0.005929504696959853,0.26122683547889486,99.12035,100.6953,0.79,6.881499767303467
2018-08-20,0.007858535644196252,-0.01152443584494467,0.00871672139192281,-0.0037845382332371003,0.014750658352424173,-0.02172578761476196,-0.0020833022976756155,-0.005096457663233522,0.002425074902128621,0.012368617265068771,0.25415541966782884,99.12035,100.6953,0.75,6.8765997886657715
2018-08-21,0.013754113929317136,0.004613410370151172,0.004875126658373752,-0.0003353658802023318,0.009714263610301366,0.00521909007927035,-0.0066959800025623295,-0.015313609100640946,0.002066399954626874,0.008066087203277839,0.2569486555639083,99.12035,100.6953,0.77,6.856800079345703
2018-08-22,0.007543888149947442,0.04290563127395419,0.0030977237750970943,0.01583995410223782,-0.007838840702683147,0.0426818310526319,-0.0011554080192555105,-0.01615876112150083,-0.0003982310542438583,0.01529906473041276,0.2430372974824528,99.12035,100.6953,0.74,6.8454999923706055
2018-08-23,-0.00044216639761085474,0.03556534686577262,-0.0078043853831424315,0.009140254097268041,-0.006013937630872435,0.014812194728762496,0.004927422143164328,-0.010714189520130368,-0.0016926939235348826,0.005718156254239659,0.24280547510597744,99.12035,100.6953,0.73,6.843200206756592
2018-08-24,0.013035693486683542,0.041750064812533516,0.016128748439265372,0.025013934881516597,0.017378731073674603,0.02799087470284456,-0.004927422143164328,-0.009934690319493455,0.006179705928285095,0.00858025580726185,0.25254408877626017,99.12035,100.6953,0.73,6.877500057220459
2018-08-27,0.00218041399784763,0.036071943166184894,0.002235707565859002,0.01853292105545279,0.002220593872395704,0.01546081022281609,-0.0038962061186111896,-0.01174759414042903,0.007641141407110474,0.013796322312243703,0.2524562979184864,99.12035,100.6953,0.74,6.800600051879883
2018-08-28,-0.004949121652230382,0.017368707584637377,-0.0013242640321067256,0.012333530364972312,0.010663842348213493,0.016410388960728217,-0.0006332196369234211,-0.005684833774790121,0.000269242077598264,0.011999164435215093,0.2557951407931067,99.12035,100.6953,0.77,6.813300132751465
2018-08-29,0.014199070060050722,0.024023889494740658,-0.0024047645277596175,0.0068310420621156,-0.009186122502362504,0.015063107161048861,-0.0012677240951521895,-0.0057971498506868,0.005685242468912222,0.018082637958371173,0.25125767156602735,99.12035,100.6953,0.77,6.804200172424316
2018-08-30,0.01058965036875481,0.03505570626110632,-0.005661532869709163,0.008973894575548869,-0.006852546194055065,0.01422449859786623,0.0012677240951521895,-0.009456847898698939,-0.004440172044458457,0.015335159837447598,0.23017549357093026,99.12035,100.6953,0.76,6.818699836730957
2018-08-31,-0.006426254724071434,0.015593758050351347,0.0021685560260156223,-0.0049862978377008815,-0.015544874096480976,-0.018699106572289348,0.004424300565649908,-0.00010512518988470276,0.0001344684673050267,0.00928992237646753,0.23574034735653282,99.12035,100.6953,0.78,6.843100070953369
2018-09-04,0.0010023583844649409,0.014415702436968658,-0.006351962565760871,-0.013573967969320755,-0.025037150341353898,-0.04595685078603895,0.0029386963097017826,0.0067297772384282695,-0.0016556920488790539,-6.911079521998431e-06,0.24568699654231163,99.12035,100.6953,0.8,6.8221001625061035
2018-09-05,-0.016596116434816288,0.0027687076543827516,0.0018429166421238818,-0.010406787295090147,0.0034776167781571665,-0.053143076356095276,-0.003043832552053871,0.004319164323297819,-0.0028070628012661913,-0.003083215958386454,0.24448051131413284,99.12035,100.6953,0.81,6.84250020980835
2018-09-06,-0.013920725825625091,-0.025351088231293062,0.002507523830407976,-0.005494498936922554,0.009978982466390285,-0.03397797138734249,-0.0011569879164152752,0.004429900502034734,-0.0036589910366187084,-0.012427449463917384,0.245966678254819,99.12035,100.6953,0.8,6.829999923706055
2018-09-07,-0.00029510985399738843,-0.03623584845404526,-0.003596114122648153,-0.003429080189861544,-0.00574498142269797,-0.03287040661598539,0.003676731959975754,0.006838908366858298,-0.0022157978950136936,-0.01020307531447262,0.2461529822846496,99.12035,100.6953,0.84,6.834400177001953
2018-09-10,-0.0031044312470536184,-0.032914024977027445,-0.0005027868974396554,-0.006100423113316822,0.0026851600018923394,-0.014640372517612077,-0.0023094826113236877,0.00010512518988470276,0.0018960282146931462,-0.008441515567084501,0.24521708117419894,99.12035,100.6953,0.84,6.839099884033203
2018-09-11,0.02500311655469112,-0.008913266806801268,0.0020097347155791923,0.0022612741680232418,-0.0024930516265392333,0.007903726197202587,-0.0009463642756504242,-0.003779935395467504,0.0037328656897148704,-0.0030529578284905767,0.24430653636158212,99.12035,100.6953,0.86,6.855299949645996
2018-09-12,0.016043929941591095,0.023726779569606116,0.007749654927954985,0.008168012453854345,0.020713277956016074,0.025139387375061495,-0.002738804050556709,-0.003474906893970342,0.00035660834989403867,0.00011071332266965328,0.25683186236497185,99.12035,100.6953,0.85,6.8744001388549805
2018-09-13,-0.025620376889111895,0.012027128506119311,-0.0022436966462970886,0.0034167919771492805,0.0022543845780240712,0.01741478948669528,-0.0027464064034026237,-0.0050643253809576905,0.005268352159391476,0.009038056518679838,0.2502197145509178,99.12035,100.6953,0.87,6.859899997711182
2018-09-14,0.00581483747374012,0.01813707583385682,-0.005840650729542318,0.0011722553702551153,-0.013983576492364036,0.009176194417029215,0.004643343415447809,-0.004097713925485635,0.0002754439007661702,0.011529298314459702,0.1969312425967971,99.12035,100.6953,0.89,6.842899799346924
2018-09-17,-0.0011601770811857648,0.020081329999724673,0.003925299454992093,0.0056003417226868635,0.0022809520565236774,0.008771986471660553,-0.004960706854372887,-0.006748938168534835,-0.00558529099154903,0.004047979108217525,0.18231231908787965,99.12035,100.6953,0.89,6.865600109100342
2018-09-18,0.013548705345407974,0.008626918790441529,-0.0024201158014891533,0.001170491205618518,0.029372533090346153,0.04063757118854594,0.00116322762031551,-0.0046393462725689005,0.005354652867625376,0.005669766286128031,0.20802796666171053,99.12035,100.6953,0.92,6.855500221252441
2018-09-19,0.018018565966741562,0.010601554815591996,0.004501801970304697,-0.00207736175203177,-0.0007376817253852419,0.019186611507144624,-0.0007400718493801861,-0.0026406140713923776,0.0012524880331721278,0.00656564596940612,0.20250079316568734,99.12035,100.6953,0.93,6.860199928283691
2018-09-20,-0.004509586021034018,0.031712345683669874,0.0033217105465146446,0.0034880454407799633,0.004050794710737771,0.020983021639858324,-0.006791911568653219,-0.006686119236642973,0.007810014185328562,0.009107307995343206,0.20030646733555654,99.12035,100.6953,0.92,6.84689998626709
2018-09-21,-0.000282586132721363,0.02561492207720839,-0.00832505674484274,0.001003639425479541,0.04157142922584134,0.0765380273580637,0.0032955704153074805,-0.008033892236783302,-0.0003686009370067467,0.008463263157570289,0.24283395007667594,99.12035,100.6953,0.92,6.845900058746338
2018-09-24,0.018200181032296037,0.04497528019069019,0.0025882691604381947,-0.000333390869074357,-0.007253440027370273,0.06700363527416975,0.0004244579309791163,-0.0026487274514312986,-0.0035218823140139577,0.010526671835105361,0.24344491013251882,99.12035,100.6953,0.92,6.8566999435424805
2018-09-25,0.002770810132323831,0.03419738497760605,0.0005834628245633411,0.0026701877569781374,-0.004448818747003758,0.03318228343681984,-0.0013801677782305788,-0.0051921228499773875,-0.0013059484931181586,0.003866070474361827,0.23872623866095,99.12035,100.6953,0.94,6.8734002113342285
2018-09-26,-0.009871461349007404,0.006307357661857083,-0.005012541823544048,-0.006844156036870608,0.001247655390171909,0.03516762055237699,0.0006372683742164043,-0.003814782626380797,-0.0032946996811595852,-0.0006811172399698862,0.23872888995839178,99.12035,100.6953,0.92,6.866300106048584
2018-09-27,0.007655448932127662,0.018472392615018762,-0.009847279784212404,-0.020013146367597656,-0.0152565179116253,0.015860307930013917,0.00856284684580011,0.011539975788072532,0.0027594762285110264,-0.005731655196787422,0.24339192107843763,99.12035,100.6953,0.91,6.876100063323975
2018-09-28,0.015546811478561295,0.03430179022630142,0.007751282370461965,-0.003936807252292951,0.008105975675501087,-0.017605145620326335,0.0019980283103908647,0.010242433683155916,-6.870144138027001e-06,-0.005369924403918702,0.2420633545604619,99.12035,100.6953,0.91,6.880300045013428
2018-10-01,0.027601927436662343,0.04370353663066773,-0.0036996800454476286,-0.010224756458178774,-0.004675430832079108,-0.01502713642503517,0.0011549227718665733,0.010972898524043373,0.003634492342198037,0.0017864502522932924,0.2412497303874234,98.67548,100.3697,0.95,6.8678998947143555
2018-10-02,-0.000930043139437231,0.040002683358906665,0.012806242249857824,0.001998022967115709,0.007541837451486844,-0.003036480226544569,0.0022011337304110867,0.014554200032685038,-0.0003967689102788441,0.002695629835132607,0.2338950302791084,98.67548,100.3697,0.93,6.8678998947143555
2018-10-03,0.015563493392168226,0.0654376381000823,-0.0034156533069067407,0.003594911483753016,0.009790879759208115,0.0055067441424916375,0.002614107144679245,0.01653103880314788,0.0007112667367188408,0.006701596253011033,0.21224112299572973,98.67548,100.3697,0.99,6.8678998947143555
2018-10-04,-0.027598962215241052,0.030183226952713582,-0.0009184702430271585,0.012523721024938261,-0.020582340748527272,0.00018092130558966524,-0.00010445549713278268,0.007863736460214987,-0.008203035421010085,-0.004260915396510079,0.22899538781858086,98.67548,100.3697,1.03,6.867800235748291
2018-10-05,0.0001344522361481637,0.01477086771030045,0.0033355602664464357,0.008107998920922732,-0.005076217318396914,-0.013001271688308336,-0.0013585961388704604,0.004507112010953662,-0.0055433145846226495,-0.009797359836994701,0.2292087500316345,98.67548,100.3697,1.07,6.8678998947143555
2018-10-09,0.008978260229211443,-0.003595506477780397,0.0023612144438462934,-0.012722027458903717,0.014414649759413534,0.0,-0.0009401550896228628,0.0017783169786582675,-0.0014189098341548245,-0.014849187811417863,0.23095123416097632,98.67548,100.3697,1.04,6.929800033569336
2018-10-10,-0.02416914984534735,-0.04332814971529597,0.0017673875050832066,-0.00753898664691377,-0.009345870427797776,-0.01913675018700589,-0.0017783169786582675,-0.002614107144679245,-0.03341638904260158,-0.048976843590738284,0.23429492350207118,98.67548,100.3697,1.06,6.921800136566162
2018-10-11,-0.030528206134113667,-0.046257393634168587,0.028350664093339084,0.021730147689452473,0.01006112619461974,0.011506716756141122,-0.005143615983140393,-0.007653267630686855,-0.020787579972541437,-0.061561388142269635,0.22689404677369718,98.67548,100.3697,1.02,6.923299789428711
2018-10-12,0.005199858860398976,-0.041191987009917774,-0.004423356219553476,0.013971231203452561,-0.0014311088535545746,0.015151825220983461,0.0021026561561221513,-0.0041920153356942436,0.0141062354083763,-0.041911838149270686,0.22728645144171497,98.67548,100.3697,1.03,6.888599872589111
2018-10-15,0.006148740115728302,-0.034370496774122294,0.006790820801527708,0.03484673062424282,-0.004485536494520215,0.00921326017816071,-0.001576557425263303,-0.007335989320562675,-0.005922482291300213,-0.047439125732221754,0.22103818454916943,98.67548,100.3697,1.03,6.921199798583984
2018-10-16,0.001948495990473198,-0.04140026101286054,0.0007336059237568193,0.03321912210415334,-0.003602954962151683,-0.008804344543404508,-0.00021035811962200057,-0.0066061923505618125,0.021267828034901015,-0.024752387863165914,0.22211424216320852,98.67548,100.3697,1.03,6.915900230407715
2018-10-17,-0.030636944002286448,-0.04786805516979964,-0.0029376582988742683,0.028514076300195867,-0.0012641030311717483,-0.0007225771467784803,0.005560511266005541,0.0007326358941019961,-0.0002526942626648321,0.008411306916770833,0.19946318019090864,98.67548,100.3697,1.06,6.910999774932861
2018-10-18,-0.01589626626056262,-0.03323611529624859,0.0022855686089613414,0.0024489808158181248,-0.010718608605157165,-0.021502311946555386,0.0033423854932275177,0.009218637370469907,-0.014496490575340637,0.014702396313971633,0.20348709306534093,98.67548,100.3697,1.07,6.926300048828125
2018-10-19,0.006823009791316892,-0.031612964365330676,-0.000978832893209436,0.005893504142162165,0.011079919376320913,-0.008991283716679899,-0.0019832211583628023,0.005132760055984953,-0.0003612351352799692,0.000234925770315364,0.2064758352274816,98.67548,100.3697,1.09,6.936699867248535
2018-10-22,0.0007230519084604481,-0.03703865257259853,-0.0033518099283380565,-0.0042491265877036,0.0021652993519256647,-0.0023404478702340192,0.0031295983174395303,0.009838915798687786,-0.00430879709647769,0.0018486109651378868,0.14420245221751746,98.67548,100.3697,1.09,6.928599834442139
2018-10-23,-0.040418449869593864,-0.07940559843266559,0.009940661474511892,0.004957928963051472,-0.009780896976746556,-0.008518389884828892,-0.0005209465288400494,0.009528327389469737,-0.005527076180694479,-0.024946293250457607,0.14582665510238604,98.67548,100.3697,1.08,6.946499824523926
2018-10-24,0.0058536660903829585,-0.042914988339996185,-0.004550613589319852,0.0033449736726058887,-0.00018202011915069427,-0.007436306972807838,0.004885931256256804,0.008853747379721,-0.03135077386114027,-0.056044372848933044,0.14537038714365133,98.67548,100.3697,1.03,6.937399864196777
2018-10-25,0.007603497390938685,-0.01941522468849488,0.0010581845953803182,0.0021175896590248655,0.0007279685180288098,0.004010270150378137,0.0025891993048050566,0.008100561191298539,0.01845371797871387,-0.02309416429487854,0.14528124761430927,98.67548,100.3697,1.09,6.942999839782715
2018-10-26,0.003854059178613589,-0.022384175301198184,0.002762452559275985,0.005858875111510287,-0.001638653302803439,-0.008708302528746215,-0.003315374911090352,0.006768407438570989,-0.017479138010003226,-0.040212067169601795,0.1357960947881328,98.67548,100.3697,1.02,6.947999954223633
2018-10-29,-0.008170519100769269,-0.0312777463104279,-0.006512029524622598,0.002698655515225745,-0.0020063261472229588,-0.012879928027894838,0.0022805153235916364,0.005919324444723095,-0.006581208295194152,-0.04248447836831826,0.13233184643532644,98.67548,100.3697,1.02,6.942500114440918
2018-10-30,-0.012911162725496084,-0.00377045916633012,-0.0015528787665672894,-0.008794884725853436,-0.027957021482995725,-0.031056052534144007,0.004442388589577462,0.010882659563140606,0.01554532297187805,-0.021412079215745727,0.1620762292486283,98.67548,100.3697,1.07,6.951900005340576
2018-10-31,-0.013233180572013836,-0.022857305828726915,-0.008460296595855787,-0.012704567732389371,0.00018772692957647052,-0.030686305485416843,0.001236171142941167,0.00723289944982497,0.0107928787545708,0.020731573399965342,0.15861789212769928,98.67548,100.3697,1.1,6.966300010681152
2018-11-01,-0.025117583711590896,-0.055578386931256496,0.019360936987836475,0.005598184660066785,0.021542095585800447,-0.009872178417645205,-0.008789658900663966,-0.0041459587556440525,0.010502498868529386,0.01278035428978086,0.17434354682208572,98.47582,100.1575,1.12,6.974699974060059
2018-11-02,-0.008673069357953977,-0.06810551546782406,-0.004134730067067771,-0.0012989979662769713,0.029507093199471868,0.0212735680846301,0.002696839479552793,0.0018662556349990922,-0.0063367210558800124,0.023922771243904073,0.19160703000062193,98.47582,100.1575,1.16,6.922399997711182
2018-11-05,-0.0006337280979558102,-0.060568724465010604,-0.0008940347270804949,0.004318996831265132,-0.017091319934888327,0.006188574296964733,-0.0019700606922041786,-0.002384320380796723,0.005584693697194609,0.036088673236292834,0.20044796770230017,98.47582,100.1575,1.14,6.889900207519531
2018-11-06,-0.014205001555045449,-0.06186256329455997,-0.0048907822962700465,0.0009810933015623746,-0.00911420639796634,0.025031389381994118,-0.00031140063138401786,-0.007138109601758202,0.006239787744408254,0.026783138008823038,0.20286246170771052,98.47582,100.1575,1.15,6.924799919128418
2018-11-07,-0.008718184497977788,-0.05734756722052392,0.0019591045806830465,0.011400494478101209,0.008024874079978428,0.032868536532396075,-0.003327786924321785,-0.011702067669021154,0.020987078560773753,0.03697733781502599,0.1981250981728035,98.47582,100.1575,1.15,6.918499946594238
2018-11-08,-0.016348247538583216,-0.04857823104751624,-0.0026948093485055225,-0.010655251858240788,-0.005647184525950477,0.005679256420645151,0.006644536402944823,0.003732127634587634,-0.0025120689884907677,0.023962769958005836,0.1965060462915538,98.47582,100.1575,1.17,6.909999847412109
2018-11-09,-0.007943109029898032,-0.047848270719460295,-0.013584368668582592,-0.02010489045975561,-0.01862316771148831,-0.042451004490315025,0.0027900226644437254,0.0038253108194785668,-0.009241585915372497,0.021057905098513352,0.20202811230882695,98.47582,100.1575,1.15,6.933499813079834
2018-11-13,-0.0733766466202832,-0.1107151708681906,-0.0017497173022613666,-0.02030618485607949,0.0033551058225965713,-0.01605939320288574,-0.0024635391117042715,0.010123042164217999,-0.0014830188221734986,-0.012147746150731109,0.20267524359956143,98.47582,100.1575,1.12,6.962500095367432
2018-11-14,0.010005468142514573,-0.09199151822769824,0.007228707752084063,-0.015036581684678474,0.008338800357650888,-0.01574546692521328,-0.005151994747421007,0.008298834341118777,-0.007596188818451033,-0.040731013529955895,0.20541285831638628,98.47582,100.1575,1.12,6.9552001953125
2018-11-15,0.003726365525309916,-0.07191690516380511,0.004048441325541496,-0.008293331010631455,0.01447309207076053,0.004374809671497726,0.001342045843975903,0.0029963437821498573,0.010538032742642756,-0.027680911798822372,0.21233341775747216,98.47582,100.1575,1.11,6.94950008392334
2018-11-16,0.0,-0.06397379613390708,0.006574645378254473,0.01186568303620561,0.019809698251899155,0.04280767563488519,-0.004756979816761486,-0.004550658699055354,0.0022208375374832556,-0.01621848834596662,0.2196868949500924,98.47582,100.1575,1.06,6.938199996948242
2018-11-19,0.005299416110705835,-0.05434539684175288,0.0018821780054922854,0.01798425515911095,0.00017837289112621058,0.046155069394033355,-0.002906664290563299,-0.01393713212247416,-0.01678316123572099,-0.01310349859621951,0.21669928741734623,98.47582,100.1575,1.07,6.936999797821045
2018-11-20,-0.06045943103917173,-0.041428181260641406,-0.0033577490512390895,0.016376223410133228,-0.013642324714673304,0.02915763885676348,0.006424841967840322,-0.005048751042929567,-0.018317995556586197,-0.029938475330632208,0.22213307505293017,98.47582,100.1575,1.09,6.940999984741211
2018-11-21,0.02221081027806049,-0.02922283912509549,0.005562881404039821,0.014710397062088987,0.010070258020138612,0.030889096519251202,-0.0010334692513032095,-0.0009302255468117693,0.003038669310766906,-0.01930361720141427,0.2219088333176259,98.47582,100.1575,1.09,6.944399833679199
2018-11-23,-0.08019531651569967,-0.11314452116610507,-0.00392353677460644,0.006738418961941051,-0.008625450637037568,0.007790553811453105,0.0021690767937476707,-0.00010319459704000167,-0.006576419711855408,-0.03641806965591243,0.22430216484329848,98.47582,100.1575,1.09,6.931000232696533
2018-11-26,0.023715034135703306,-0.08942948703040177,-0.0006554554094462262,-0.0004916818257596489,-0.004340699674796555,-0.016359844115242606,0.0015464875243704768,0.006200272744091961,0.015412975845366716,-0.023225931348028972,0.22489929651318943,98.47582,100.1575,1.11,6.947500228881836
2018-11-27,-0.0013567148736370882,-0.09608561801474469,-0.007403176331916228,-0.009777036163168162,-0.017553969263497837,-0.03409218626986665,0.003085818618085767,0.012192755652741027,0.003256384364612508,-0.003186385747695475,0.23312191961157055,98.47582,100.1575,1.15,6.930799961090088
2018-11-28,-0.024939936316969114,-0.06056612329254207,0.008386198408280698,0.0019669112963516255,0.031056705313960098,0.010606843758766749,-0.005974490578445568,-0.00020657689354486308,0.022714051303114324,0.03784566111200505,0.2574480704460903,98.47582,100.1575,1.12,6.9506001472473145
2018-11-29,0.022804208719982455,-0.05997272485062011,0.0022080983593433245,-0.001387871748344871,-0.006458539521728257,-0.00592195378310012,-0.00010334386790411543,0.000723548489854231,-0.0021854945453938512,0.03262149725584429,0.23694642600129023,98.47582,100.1575,1.05,6.952899932861328
2018-11-30,-0.010158330220237044,0.010064261444842515,-0.003191120435707795,-0.0006554554094462262,-0.00018007458466695603,0.002523422269270492,0.005050233617851063,0.0036047053139576235,0.008137547716617455,0.04733546468431715,0.23698555237156974,98.47582,100.1575,1.04,6.941500186920166
2018-12-03,0.038895939567515914,0.025245166876655123,0.011165164989324516,0.011165164989324516,0.007889614089395813,0.014753736033462861,-0.002367308299517923,-0.00030909050993077614,0.010882001794362495,0.04280449063331293,0.22731927053054618,98.47582,100.1575,1.02,6.958000183105469
2018-12-04,0.005649718133442061,0.03225159988373427,0.0058181587735823825,0.024386500094823127,-0.018385477844617082,0.013922227452343616,-0.0007216091654136392,-0.0041165182934301825,-0.03290022883855581,0.006647877430144611,0.21262768214819577,98.47582,100.1575,0.97,6.882299900054932
2018-12-06,-0.03361015793356703,0.023581378267136355,-0.0024201367564939957,0.013580164930048433,-0.002914972114053116,-0.020049449975669598,-0.0016513953914705226,0.00020657689354486308,-0.001523387914144081,-0.017589561787113794,0.20457372270587615,98.47582,100.1575,0.97,6.855800151824951
2018-12-07,0.021518580688184574,0.022295750235338474,0.007002381348266695,0.018374447918971804,0.006184072175964284,-0.007406838277977057,-0.0031036174595922006,-0.002793696698143222,-0.02359633545632267,-0.03900040269804261,0.20308960071388968,98.47582,100.1575,0.96,6.881700038909912
2018-12-10,-0.031080594619826485,0.0013734858357490332,-0.0024895396566160244,0.019076028698063574,-0.014244227518117825,-0.021470991211427926,0.007329812119546197,-0.0005141181964480879,0.0017606032229169344,-0.045377347191743134,0.20725799536537673,98.47582,100.1575,0.99,6.87470006942749
2018-12-11,0.012664592383991202,-0.024857861347775678,-0.0014482837866971465,0.006462579922041911,0.017322024547162584,-0.012038580753661154,0.0017470655326210505,0.0036002556356908855,-0.0003564096753061463,-0.056615758661411775,0.21531548252084926,98.47582,100.1575,1.06,6.910999774932861
2018-12-12,-0.009727702879227085,-0.040235282360444824,0.002011021030000393,0.0026554421784599214,0.0009034446961297959,0.007250341787085723,-0.0036002556356908855,0.0007216091654136392,0.005404871010351364,-0.0183106588125046,0.20377766768179872,98.47582,100.1575,1.08,6.89900016784668
2018-12-13,0.02757333189681166,0.020948207469933866,-0.0013671131226420385,0.0037084658123118786,-0.0021696055564293104,0.007995708344709529,0.00020604475316154947,0.0025790493100457113,-0.00019995031241482053,-0.01698722121077534,0.2035226094613571,98.47582,100.1575,1.08,6.879000186920166
2018-12-14,-0.026596307179278522,-0.02716668039752923,-0.004597299127495624,-0.007891214663450441,-0.0007242779456186899,0.0010873582231265555,0.003907510193577046,0.009590176963214958,-0.01927121226870021,-0.012662098023152879,0.20353947523729532,98.47582,100.1575,1.07,6.88070011138916
2018-12-17,-0.026119404721089978,-0.022205490498792724,0.008372311271494404,0.002970636264659987,-0.002720572377775232,0.012611013363469148,-0.0034954694342994586,-0.0012351045906306979,-0.020992284828576402,-0.035414986074646215,0.2023121024418792,98.47582,100.1575,1.05,6.906599998474121
2018-12-18,-0.07577488156238932,-0.11064496444517324,0.0014419026574250537,0.005860822708782187,-0.030238298225536364,-0.0349493094092298,0.0004118710516136659,-0.0025702990716380825,8.639685378852846e-05,-0.03497217954555154,0.2224113543847906,98.47582,100.1575,1.01,6.896200180053711
2018-12-19,0.020548648092337363,-0.0803686134736088,0.0023188148550019605,0.006168616533783755,0.018730233900628668,-0.01712252020473093,-0.001029956564052803,0.0,-0.015515459175936108,-0.05589250973183901,0.22114392186632553,98.47582,100.1575,0.97,6.894199848175049
2018-12-20,-0.028364593213682898,-0.13630653858410335,0.00914264843048418,0.016678378086909973,-0.007190965919665615,-0.022143880567967233,-0.00786267383413719,-0.00806871858729874,-0.015897809484104464,-0.07159036890352866,0.22194391958463297,98.47582,100.1575,1.03,6.890999794006348
2018-12-21,-0.0063409179694886575,-0.11605114937431349,-0.007785791822915833,0.013489885391489764,-0.008735290697261533,-0.030154893319610077,0.007037912642490873,-0.004938316138384913,-0.020803120498540828,-0.07312227713336927,0.21927225930950467,98.47582,100.1575,1.02,6.884099960327148
2018-12-24,-0.06947871700893371,-0.15941046166215722,0.010867477681361315,0.015985051801356676,-0.0037404160612550807,-0.031174737003089925,-0.004237472396105169,-0.005680319100190623,-0.02748657287831424,-0.07961656518310711,0.2152409460659815,98.47582,100.1575,0.99,6.905399799346924
2018-12-26,0.08320295069357098,-0.00043262940619692714,0.0013402857721249717,0.015883434916056594,0.014878445535348672,0.013942006757795111,0.0051653005776515215,-0.0009268895741527672,0.0484031776708056,-0.031299784366090044,0.22169865946598794,98.47582,100.1575,1.04,6.8983001708984375
2018-12-27,-0.03545456843482864,-0.05643584593336293,0.0063617710388754745,0.019926391099930107,-0.015253230969715315,-0.02004145811254887,-0.005890573287268275,-0.005787506297368239,0.008526228968816163,-0.007258096221337773,0.22688453413229265,98.47582,100.1575,1.03,6.898099899291992
2018-12-28,0.016011042524521457,-0.012060210195158572,0.0020334556603831544,0.012817198329829083,0.004301842196305472,-0.008548649996577784,-0.0009333123091899154,0.0011418552275790361,-0.0012423539102313086,0.007397359352535382,0.2200462819660969,98.47582,100.1575,0.99,6.865300178527832
2018-12-31,0.0017632364029935843,-0.00395605582267633,-0.0012508605650429772,0.01935212958770194,-0.019220444934460734,-0.019033804233776985,-0.0022850157791518555,-0.008181073194063693,0.00845662586220719,0.0366571057132834,0.19672379624658734,98.47582,100.1575,0.98,6.877200126647949
2019-01-02,0.02457983579635048,0.09010249698260786,0.0021099145250547124,0.010594566431395336,-0.0011422125623519186,-0.016435600734873823,0.006736141674936746,0.0027925408769782223,0.0012676930626263072,0.06541137165422395,0.196391126470563,98.47582,100.1575,0.96,6.877500057220459
2019-01-03,0.011748489949825469,0.018648036238862353,0.008395609500155388,0.017649890159425752,-0.02098050359895609,-0.052294549869178586,-0.005281451136242232,-0.0076542108369155315,-0.025068331818915546,-0.008060137835497194,0.20601392103540597,98.47582,100.1575,0.88,6.861100196838379
2019-01-04,0.018306643574109938,0.07240924824780093,-0.007069439157760371,0.004218679962789906,0.03102512011498748,-0.00601619878447579,-0.0012467026777089885,-0.003010340227356245,0.033759399060347306,0.01717303225603395,0.23582780455729233,98.47582,100.1575,0.91,6.871099948883057
2019-01-07,0.011608782440466037,0.06800698816374551,0.003191361071129606,0.005376585373536358,-0.003967866967104716,-0.014285907947885979,-0.005002650903429995,-0.007079678821596325,0.006985975995229765,0.025401362161495022,0.22884273712746336,98.47582,100.1575,0.92,6.8684000968933105
2019-01-08,0.025637178907101266,0.09188093066785319,-0.0028016342498524693,0.0038258116887268656,0.007356448101526691,0.012290985088101447,0.0019832211583628023,-0.002811441884081667,0.009648587336497094,0.026593323635784927,0.23102441370048482,98.47582,100.1575,0.91,6.849999904632568
2019-01-09,0.05052968028104177,0.11783077515254448,0.004742553228195057,0.00645845039186721,0.0005636040670807807,0.013996801717534146,-0.007115981214347755,-0.01666356477336617,0.004089671332821787,0.029415301905980407,0.22951177179236895,98.47582,100.1575,0.91,6.852200031280518
2019-01-10,0.004383037804186696,0.1104653230069057,-0.0035742832584517714,-0.005511442366739949,-0.006973867156127023,0.028003438160363214,0.0033550009582850038,-0.008027112678838932,0.004508241374462152,0.058991875099358104,0.225848909998312,98.47582,100.1575,0.93,6.8155999183654785
2019-01-11,-0.01919813228845335,0.07296054714434241,0.0018664166569104523,0.003424413447930874,0.009787400508407318,0.006765718553783051,0.0013597330063221946,-0.005420676994807749,-0.0001463085444823875,0.02508616749452841,0.21942436148457123,98.47582,100.1575,0.88,6.787499904632568
2019-01-14,-0.021156554964686602,0.040195209739189774,0.0015526748231557974,0.0017857271999570656,-0.009031168659728972,0.0017024168611587953,-0.000836576785718357,-0.0012546028770961115,-0.005271394587249567,0.012828796912049079,0.22063971463434542,98.47582,100.1575,0.9,6.76200008392334
2019-01-15,0.0311855773843015,0.04574360821639001,-0.0022521847725425204,0.0023351766772670146,0.0018882613002221271,-0.003765769940145769,0.003967481584088439,0.0007296575486295254,0.010664618879761001,0.013844828455312985,0.22108576115225112,98.47582,100.1575,0.91,6.767099857330322
2019-01-16,0.003830703001577618,-0.0009553690630741407,0.004189644244261714,0.0017822676933336723,0.016093154963420564,0.011763780956194014,0.0009373154720790922,0.008782954235056373,0.00221952052908847,0.011974677651579668,0.22978494499536214,98.47582,100.1575,0.91,6.750999927520752
2019-01-17,-0.004598622321521528,-0.009937029188782365,-0.0004646291352923271,0.004891921816493117,0.002410311953603528,0.021147960065924565,0.00010411842380175784,0.005532071700573127,0.007562730706236032,0.015029166983353548,0.23003597175532678,98.47582,100.1575,0.96,6.75600004196167
2019-01-18,0.03268449167277554,0.041945594772446526,-0.0075418862228433525,-0.004516381063260688,0.015071003686393358,0.026431563243910605,0.0028064739446795883,0.0069788126389305205,0.013096912839855257,0.028272388367691192,0.20995896662881042,98.47582,100.1575,0.96,6.775400161743164
2019-01-22,-0.023127843960482952,0.039974305776650176,0.0009360724211253668,-0.005132983465291119,-0.01915345750155295,0.016309274402086626,-0.000415212695537015,0.0074001767291118625,-0.014258476827971656,0.019285306126969104,0.21118649897920436,98.47582,100.1575,0.95,6.797299861907959
2019-01-23,0.0009506462872663768,0.009739374679615054,0.000467707828643249,-0.0024130908641053495,0.0018577432564093055,0.016278756358273805,-0.0018709110514123495,0.0015617840936110738,0.0022004899194500993,0.010821177166658202,0.20993570644955273,98.47582,100.1575,0.96,6.807000160217285
2019-01-24,0.009645505253166764,0.0155541769312042,-0.003122319355127523,-0.009725054463494587,-0.007638581875836992,-0.007452980480983751,0.00498128597984504,0.005605754601377022,0.0013747801109778024,0.009976436748547535,0.20940372146777297,98.47582,100.1575,0.95,6.790999889373779
2019-01-25,0.01048497828966699,0.03063777754239272,0.01420559407819777,0.00494516874999551,0.023839197978595905,0.013975905544008627,-0.00842042047017344,-0.0029187842925981755,0.008452867700517785,0.010866573742829289,0.22458798598041985,98.47582,100.1575,0.97,6.787600040435791
2019-01-28,-0.03217531417628505,-0.03422202830666787,0.003846454397078425,0.016333509369917287,-0.01861630276114612,-0.01971140090353085,-0.00041767689169525113,-0.006142935128973015,-0.007877775848708524,-0.010108114945734492,0.2288614317189073,98.47582,100.1575,0.97,6.746399879455566
2019-01-29,0.025072531915105944,0.013978347568921023,0.004443374208731754,0.019840811157523675,0.016422589445672653,0.015864646043694752,0.000730800209334248,-0.004996922224101752,-0.0014573079351150042,0.0026930539471221593,0.22921193168457862,98.47582,100.1575,0.94,6.74429988861084
2019-01-30,0.01711029581667134,0.030137997098325986,0.0012987078392665552,0.02067181116814698,0.014895784422015668,0.028902687209301114,-0.00502201690445947,-0.008148028077148872,0.015429609891559615,0.015922173919231675,0.23394359222169542,98.47582,100.1575,0.86,6.73199987411499
2019-01-31,-0.008146659106265997,0.012345832738893225,0.0074535839816558536,0.031247714504930357,0.005753353633769498,0.042294622718907604,0.0025142009416807554,-0.010615113115313157,0.0085606488097687,0.023108042618022573,0.22154954322775874,98.47582,100.1575,0.78,6.7154998779296875
2019-02-01,0.026961695815726827,0.028822550264953062,-0.0021238927681554998,0.014918227658577088,-0.005032339390199869,0.01342308535011183,0.0,-0.0021946926451397175,0.000898206584806438,0.015553381502311225,0.22283477734856066,98.23748,99.57541,0.82,6.69980001449585
2019-02-04,-0.012748250415782092,0.04824961402545602,-0.0019762666158227304,0.009095506645675933,0.0071813523386043965,0.039220740449862346,0.0028208412648957903,0.001043825511451324,0.006753381117479584,0.030184538468499333,0.20592488980518908,98.23748,99.57541,0.86,6.743800163269043
2019-02-05,-0.016633196551623985,0.0065438855587260925,-7.616332988291674e-05,0.004575969107061262,0.007840323844678476,0.03063847484886817,0.002604846526007343,0.0029178718281244187,0.004697370437350301,0.03633921684096464,0.1818196968782775,98.23748,99.57541,0.84,6.743800163269043
2019-02-06,0.006501341373963854,-0.004065068883981393,-0.0035826933617428836,-0.00030543209394817694,0.0065458313962911685,0.02228852182314367,0.003324329888858557,0.011264218621442446,-0.0022269157175083265,0.018682691231896698,0.1804707797061239,98.23748,99.57541,0.84,6.734799861907959
2019-02-07,-0.02569290810559899,-0.021611317883314385,-7.634929554711789e-05,-0.007835365371151148,-0.0024717418798925195,0.014063426309481653,0.0009330220667811417,0.009683039746542832,-0.009401193202230651,0.000720849219897346,0.18095558792516644,98.23748,99.57541,0.81,6.743800163269043
2019-02-08,0.00151863792647422,-0.04705437577256699,0.003278510654843636,-0.0024329619481520126,-0.0065620842822191605,0.012533681417462361,0.0013460758169268061,0.011029115563469638,0.0006759725660128169,0.0004986152011037248,0.183784148351322,98.23748,99.57541,0.81,6.743800163269043
2019-02-11,-0.005897503446063546,-0.040203628802848446,-0.0051131116828413425,-0.005569807015170625,-0.006605344417256687,-0.001253015338398722,0.004336590952711106,0.012544865251284953,0.000708851803818078,-0.0055459141125577816,0.18354713477472,98.23748,99.57541,0.83,6.743800163269043
2019-02-12,0.013079489609295614,-0.010490942641928847,0.0016817917066491717,-0.0038118519786385363,-0.006108606279002338,-0.015201945462079536,-0.003612518561348921,0.00632750016392869,0.01280785290283859,0.0025645683529305074,0.18395717920817165,98.23748,99.57541,0.85,6.791399955749512
2019-02-13,0.014953606712449385,-0.0020386773034433148,0.0012214487444177635,0.0009922901275221108,-0.000180215834085784,-0.02192799269245649,0.004333458874714147,0.0073366291497842795,0.003019431593711097,0.007810915664149931,0.17987832557674396,98.23748,99.57541,0.85,6.7729997634887695
2019-02-14,0.00941745146903239,0.03307168227118806,-0.0007631840122668265,0.00030545541080240213,0.0007207544374241426,-0.018735496375139826,-0.001545452844951889,0.004858154238051249,-0.0026551633836984223,0.01455694548268216,0.17995406126495617,98.23748,99.57541,0.81,6.759399890899658
2019-02-15,0.021455374016833506,0.05300841836154735,0.006316796133235769,0.0033437408891945353,0.009500828477538414,-0.0026725836153822513,-0.000618929236014587,0.0028931491851098556,0.010820004664958027,0.02470097758162737,0.1749212469381167,98.23748,99.57541,0.8,6.771200180053711
2019-02-19,0.008954214530398907,0.0678601363380098,0.01655293261183477,0.025009785183870648,0.0277991145132519,0.031731875315126334,-0.004135671078728365,-0.005579112846329615,0.0014976213265915916,0.025489747104400884,0.1966367965467214,98.23748,99.57541,0.78,6.765699863433838
2019-02-20,0.014689194812078199,0.06946984154079239,0.002385089610256408,0.025713083087477884,0.01669145193263244,0.05453193352676111,-0.0007254982662523446,-0.0026920925512330385,0.001775533560740783,0.014457427762303077,0.19795569906902435,98.23748,99.57541,0.76,6.757699966430664
2019-02-21,0.0007025099778221744,0.055218744806165176,-0.014849566751192533,0.009642067591867587,-0.009430040794391248,0.04528210856645565,0.0016575541361936175,-0.005367997289753568,-0.0035326693258417308,0.007905326842750249,0.1866810068339899,98.23748,99.57541,0.78,6.720300197601318
2019-02-22,0.005253019326333153,0.05105431266346594,0.0042974780783104904,0.014702729682444904,0.019954632506017145,0.06451598663504865,-0.00103560979324957,-0.004858154238051249,0.006390638694711015,0.016951128921159686,0.19485324197247572,98.23748,99.57541,0.74,6.719099998474121
2019-02-25,-0.031579683161227834,-0.0019807445145954006,-0.002485728211593319,0.005900205337615816,-0.003721851008929633,0.0512933071485806,-0.001036683392819704,-0.005275908394856366,0.0012311044497517187,0.0073622287059533775,0.1922336541973134,98.23748,99.57541,0.75,6.713200092315674
2019-02-26,0.00036043355672532584,-0.010574525488268982,-0.0006035826876003014,-0.011256309961819255,-0.0020359837054404473,0.021458208929888256,-0.004261777193198313,-0.005402014509326314,-0.000790769672840419,0.005073837706521367,0.1802761203597752,98.23748,99.57541,0.72,6.688399791717529
2019-02-27,0.025615036979290018,0.0003513166789428368,-0.005600154350637432,-0.019241553922713095,0.0050822079941661435,0.00984896499142196,0.001561296436728199,-0.0031152198063457703,-0.0005441974362980773,0.0027541067094825067,0.16142570952803525,98.23748,99.57541,0.76,6.69920015335083
2019-02-28,0.004905451223789825,0.0045542579249104875,-0.0037254575258760525,-0.008117444697396614,-0.0030462242887256963,0.01623278149708751,0.00010402096583295162,-0.004668752976706436,-0.00282950759895062,0.0034572684363736172,0.15747360705969637,98.23748,99.57541,0.78,6.686200141906738
2019-03-01,-0.02512965324095351,-0.025828414642376174,-0.01257108687016828,-0.024986009645875384,-0.00560891957664289,-0.009330770585572523,0.0038403193442846373,0.00020717616082777113,0.006871656588713471,0.003938286330376073,0.15503331425883082,98.30705,99.44313,0.8,6.692999839782715
2019-03-04,0.014058438136292928,0.019809706655144588,-0.008988108902638459,-0.031488390336920524,-0.007699597589023055,-0.013308517165665945,0.0015527307771554533,0.0027965903308029283,-0.003888107395255247,-0.0011809255146308928,0.15863474492331647,98.30705,99.44313,0.78,6.705399990081787
2019-03-05,-0.0005302479822395512,0.01891902511617971,-0.002181743716337614,-0.03306655136565784,0.008551478431823023,-0.002721055028402475,0.001756815106093157,0.008815182630094398,-0.0011321734897071778,-0.0015223293314976516,0.15798324794933744,98.30705,99.44313,0.79,6.706299781799316
2019-03-06,-0.006029458677213384,-0.012725470540323691,0.0022595548095685203,-0.025206842205451885,-0.0059783804191930745,-0.013781643441761693,0.00020652769364026824,0.007460413887006467,-0.00654547360412483,-0.007523605499324404,0.1598309753238601,98.30705,99.44313,0.78,6.706600189208984
2019-03-07,0.007795904517971408,-0.009835017246142108,-0.0008564453784476456,-0.022337830058023478,-0.0024013629289292293,-0.013136782081965226,0.008224528920454333,0.015580921841627848,-0.008158911138330893,-0.012853009038704677,0.15909910387346185,98.30705,99.44313,0.74,6.710899829864502
2019-03-08,-0.010467587016509405,0.004827048978301995,0.01022943740470783,0.0004626942168526327,-0.006028757770482285,-0.01355662027580462,-0.0030762475136780765,0.008664354983665135,-0.002133964131454391,-0.02185862975887254,0.16010502862866538,98.30705,99.44313,0.72,6.714099884033203
2019-03-11,0.012759365317801752,0.0035279761598108195,-0.006342314567176821,0.0031084885523142702,0.0020711232144967617,-0.003785899472284804,-0.0015417190249467083,0.005569905181562973,0.014559535563489767,-0.0034109868001275245,0.15964642306979365,98.30705,99.44313,0.73,6.720600128173828
2019-03-12,0.0014076725263905132,0.005465896668440884,0.005802499524032001,0.011092731792683885,0.00943804986962693,-0.002899328034480897,-0.002884208571455993,0.0009288815040138232,0.0029489657278052306,0.0006701524173848838,0.15947996819033877,98.30705,99.44313,0.71,6.725500106811523
2019-03-13,0.024147780184343937,0.035643135529998204,0.008602826665779162,0.017436003648894527,0.002047447191680929,0.0051264995763931065,-0.004031215119365328,-0.003308861308991773,0.006925546757019063,0.014141172778528777,0.1564182373705286,98.30705,99.44313,0.69,6.707600116729736
2019-03-14,0.0059896181807630455,0.03383684919278984,-0.010842488050706756,0.007449960976635417,-0.01545893928409825,-0.007931076778775914,0.002482652137322461,-0.009050738092123645,-0.0008683993315958816,0.02143168458526379,0.16586710046019,98.30705,99.44313,0.69,6.706099987030029
2019-03-15,-0.0015367569278472715,0.042767679281451976,0.006473530758076329,0.0036940543300039153,0.005179605765379458,0.003277286757085829,-0.001964967197277012,-0.00793945777572258,0.004972519408430465,0.028538168125148644,0.16605209552112102,98.30705,99.44313,0.65,6.7220001220703125
2019-03-18,0.009693123965610617,0.03970143792926084,-0.0011529150377436181,0.008883453859437118,0.0,0.001206163542589067,-0.0008285194454620282,-0.0072262581962379,0.0036990967989085632,0.01767772936056744,0.16615024502048528,98.30705,99.44313,0.64,6.712800025939941
2019-03-19,-0.0010159393666500094,0.03727782603622032,0.0036079961480899314,0.006688950483495049,0.005495473866610201,-0.002736412460427662,-0.001451523262403498,-0.005793572887185405,-0.00013057007992678393,0.014598193552835426,0.16448492201803133,98.30705,99.44313,0.66,6.703100204467773
2019-03-20,0.013461469433000417,0.0265915152848768,-0.0034542348680881574,-0.005368111050372271,-0.0013711011210568724,-0.006154960773165463,-0.006453599156870382,-0.00821595692469046,-0.0029486967407699183,0.004723950055046444,0.13514053663893008,98.30705,99.44313,0.58,6.710999965667725
2019-03-21,0.0025039276826950285,0.023105824786808782,0.004296773002431031,0.009771150002765516,-0.005330536288142396,0.003973442222790391,0.007697924787051669,-0.0030006842749612517,0.010794015494688836,0.01638636488133116,0.12300235870263426,98.30705,99.44313,0.58,6.693600177764893
2019-03-22,-0.015795969889808248,0.008846611824847805,0.00420216846540189,0.007499787710091077,-0.022316173313748022,-0.02352233685633709,0.0015532130970754565,0.000517496019391217,-0.019156827134272802,-0.007742981661372106,0.14151073293819655,98.30705,99.44313,0.54,6.698200225830078
2019-03-25,-0.0037332678615671355,-0.004579780002329947,0.007822366697732619,0.016475069445567314,0.004748922978676351,-0.01877341387766074,-0.0008280906233402163,0.0005179248415130289,-0.000839372833310037,-0.012281451293590706,0.12136982832091776,98.30705,99.44313,0.55,6.717100143432617
2019-03-26,0.018862111039872786,0.015298270404192849,-0.005765872414879247,0.007101200882598135,0.0003509354179749291,-0.02391795232629601,0.001758814493977745,0.003728262597894272,0.007157052947934339,-0.004993828265729583,0.12138900475580976,98.30705,99.44313,0.55,6.708399772644043
2019-03-27,-0.008881479178159957,-0.007044678206967525,-0.0033534245976776234,0.0072020111530086695,0.002627638561831125,-0.019919212643408013,0.00031004889038044325,0.010491910645145097,-0.004655143276599105,-0.00670027480155877,0.12226619406872058,98.30705,99.44313,0.55,6.714700222015381
2019-03-28,-0.001853266661340669,-0.011401872551003223,-0.015463611608309336,-0.012558373457731697,0.0036671495425184553,-0.010921526812747162,0.004433685866674253,0.007227671724767681,0.0035830547152615466,-0.013911235580986059,0.12141449323444482,98.30705,99.44313,0.56,6.726200103759766
2019-03-29,0.01406587427361572,0.018459971612420745,0.0024778943384520247,-0.014282647584681563,0.02325890471685499,0.03465355121785585,0.0008227255998027871,0.006497184227495012,0.006711706043324384,0.011957297596611127,0.14834487106038968,98.30705,99.44313,0.53,6.738100051879883
2019-04-01,0.02382435476489242,0.0460175942388803,-0.0035639423656812497,-0.02566895664809543,-0.005293299568745136,0.024611328670434363,-0.00030842317095469696,0.007016851679880531,0.011502195518044545,0.02429886594796571,0.14820454319367,98.40796,99.32156,0.59,6.711100101470947
2019-04-02,0.015946245323728903,0.043101728522736416,0.0012410609495416836,-0.0186620232836745,-0.005665736144151001,0.018594657108308432,0.0011304724497334107,0.006388509635636197,1.745555485843653e-05,0.017159268554889806,0.14707289266981613,98.40796,99.32156,0.58,6.7104997634887695
2019-04-03,-0.0019194303030447557,0.050063777397851617,-7.750345753088084e-05,-0.015386102143527758,0.014528934588656783,0.03049595313513409,-0.002777109284944679,0.003301351460311075,0.00214607242008924,0.02396048425157815,0.1528548011277358,98.40796,99.32156,0.61,6.722400188446045
2019-04-04,-0.005780372829000235,0.04613667123019205,-0.0006979909589999167,-0.000620481494218339,-0.012980577371977553,0.013848226220638082,0.0022633880815972063,0.0011310536752340283,0.002082465242994047,0.022459894779310652,0.1582336033341195,98.40796,99.32156,0.61,6.701399803161621
2019-04-05,0.015657826754223336,0.04772862371079967,0.0010855427915750226,-0.002012833041095341,-0.005516315576417741,-0.014926994072634647,0.000924492569655655,0.0012328206450868961,0.00462571762309949,0.02037390635908576,0.15915394425072557,98.40796,99.32156,0.6,6.716599941253662
2019-04-08,0.02070986568174238,0.044614134627649626,0.0051787177938296125,0.006729827118415521,0.012710641451983529,0.003076946948094017,-0.0035998852543670523,-0.002058641438325459,0.001046911750523627,0.00991862259156484,0.16384203153252025,98.40796,99.32156,0.61,6.716899871826172
2019-04-09,-0.006543129437500461,0.022124759866420263,0.004921969848965091,0.010410736017838929,0.0006824279468657934,0.009425111039110812,-0.0004122530663144275,-0.0036013669543732973,-0.006085976435669771,0.003815190601036633,0.16375344637288536,98.40796,99.32156,0.6,6.715400218963623
2019-04-10,0.009798679650199205,0.03384286981966422,0.004286905162994792,0.014775144638364601,-0.0030748446393407125,-0.008178668188886684,-0.0006187377829016683,-0.0014429954523302868,0.0034718377544997736,0.005140955935447167,0.16087332901208062,98.40796,99.32156,0.54,6.7108001708984375
2019-04-11,-0.01607022273489722,0.023553019913767237,-0.015783520778200888,-0.00031038518083637,-0.012567946535621655,-0.007766037352530786,0.002369581907057494,-0.001336801626869999,3.812234034228368e-05,0.0030966130327954033,0.1663113729840607,98.40796,99.32156,0.57,6.715400218963623
2019-04-12,0.004863860779208196,0.012759053938752096,0.0015508688265573056,0.00015494085414591297,0.020576919774039082,0.018327197997926037,-0.0021632672131550734,-0.004424561409680727,0.006587578389545712,0.005058473799241625,0.17294532842041999,98.40796,99.32156,0.61,6.718500137329102
2019-04-15,-0.007698959550418216,-0.0156497712934085,-0.0029486532746494376,-0.007972430214333137,-0.004081666785680449,0.0015348897602620593,-0.0003094093029725187,-0.0011340854582861937,-0.000629567244356366,0.003381994804361632,0.17305941808289707,98.40796,99.32156,0.61,6.703199863433838
2019-04-16,0.01020019047856291,0.0010935486226548718,-0.01109652169596309,-0.02399092175926132,-0.0011936175733424648,-0.00034115575994619896,0.0010310184683861578,0.00030918607641439166,0.0005092283251393326,0.009977199565170736,0.17315203282249456,98.40796,99.32156,0.64,6.707699775695801
2019-04-17,-0.004538067832036141,-0.013243198859580474,-0.00031438575044795414,-0.028592212672704065,0.015239060651643488,0.017972749531038,-0.00030918607641439166,0.0006187377829016683,-0.0022764008207385444,0.004228960989932418,0.1798944149429398,98.40796,99.32156,0.65,6.71120023727417
2019-04-18,0.003757075202473814,0.006584099077790562,-0.0002357822114547048,-0.013044474105957882,-0.01626330825239286,0.014277387814266795,0.004730562879087685,0.0029797187549318593,0.0015778468242499954,0.005768685473840129,0.1894133671360699,98.40796,99.32156,0.62,6.68720006942749
2019-04-22,0.02621579568100163,0.027936033979583996,0.001257150767118631,-0.013338192165396556,-0.007199176807624275,-0.013498708767396561,-0.0019512452034931016,0.003191740764593831,0.0010115058169324342,0.00019261290122685182,0.1902092258324394,98.40796,99.32156,0.64,6.703400135040283
2019-04-23,0.00909106418067207,0.04472605771067428,-0.0033034095568353905,-0.01369294844758251,-0.002756292986943576,-0.012173334968659688,0.002976660322585367,0.006477810390151717,0.00880235117499506,0.009624531320578278,0.17238974385232136,98.40796,99.32156,0.62,6.708499908447266
2019-04-24,-0.006203267558806402,0.02832259967330497,0.004872652719190462,0.002276225967571044,0.006533741763378842,-0.004445975631938381,0.005417285024900131,0.01086407694666569,-0.0021941686030357843,0.006921134392403161,0.1729836896936703,98.40796,99.32156,0.57,6.724899768829346
2019-04-25,-0.01037385829710491,0.022486809208236203,0.0002352124985423032,0.0028258242165613012,-0.013805210216810027,-0.033490246500391896,0.0010188332664604616,0.012192096289540544,-0.00036904174027263537,0.00882849347286907,0.18056452167814815,98.40796,99.32156,0.56,6.720900058746338
2019-04-26,-0.02972750026805926,-0.01099776626229687,0.0071074422097749945,0.010169048637791,0.03164008094830506,0.014413142700306025,-0.0019366482063221113,0.005524885204130747,0.0046743503233042105,0.011924996971923285,0.2104687511166413,98.40796,99.32156,0.54,6.742099761962891
2019-04-29,0.0031545888012711742,-0.03405897314202733,-0.004915203051928607,0.003996694818743762,-0.025576858011147063,-0.0039645385032167635,-0.0015316439791694947,0.005944486428454354,0.0010709485042346145,0.011984439659225465,0.23066447441686205,98.40796,99.32156,0.58,6.728799819946289
2019-04-30,0.006435935376001289,-0.03671410194669811,0.0032795166444525847,0.010579621020031738,0.0022427356104259832,0.0010344900941527957,-0.003890628903808313,-0.0009228027979393261,0.0009509646987915232,0.004133053183021929,0.21545318928755272,98.40796,99.32156,0.56,6.732399940490723
2019-05-01,-0.004862394920377433,-0.03537322930826914,-0.001091977625139684,0.004614990675701591,-0.034537577390846064,-0.04003682906007211,0.002151961462057095,-0.004188126360782363,-0.007530445850291834,-0.0012032240642341208,0.24529355145710383,98.5096,99.20792,0.59,6.733799934387207
2019-05-02,-0.028548260465145248,-0.053547631476309476,-0.009172635638249993,-0.004792857461090705,-0.006801548958598191,-0.033033167801860275,0.0014320725298224701,-0.003774887097420354,-0.002126244648682274,-0.0029604269726437593,0.2455414520044954,98.5096,99.20792,0.66,6.734000205993652
2019-05-03,0.00210096648462077,-0.021719164723629447,0.0074542307295963894,-0.00444606894126931,0.014619667780078727,-0.05005358097008661,-0.003173846436047789,-0.005012085327146032,0.009592127478916801,0.001957350182968831,0.2456186440016491,98.5096,99.20792,0.63,6.73390007019043
2019-05-06,0.004992382971071407,-0.019881370553829214,0.0019524392904868293,0.0024215734011461265,0.0042387366996561315,-0.020237986259283414,0.0,-0.0034804413479765373,-0.004481013189072236,-0.0035946115103380194,0.2431544278311676,98.5096,99.20792,0.6,6.73360013961792
2019-05-07,-0.013748675340272243,-0.040065981270102746,0.0014034376717937391,0.0005454944284872809,-0.015272889427444758,-0.037753611297154155,0.0011273443550292583,0.0015375319108610341,-0.01664948808890543,-0.02119506429803497,0.2476514156851163,98.5096,99.20792,0.58,6.763599872589111
2019-05-08,0.011658121081556061,-0.023545465268169252,-0.0031994842127271994,-0.0015620121591002345,-0.0030468204677838173,-0.0062628543740919085,-0.00010237651057298791,-0.0007168060617690486,-0.0016067153894203656,-0.015271333837163503,0.242091747355704,98.5096,99.20792,0.62,6.776000022888184
2019-05-09,-0.006784037809451249,-0.0017812426124752534,0.0031994842127271994,0.010810107691876958,-0.0007182954009781195,-0.00017960081647183657,-0.002564235396097736,-0.004713113987689255,-0.0030259986619283197,-0.01617108785040955,0.2419155778968156,98.5096,99.20792,0.6,6.7820000648498535
2019-05-10,-0.0006485232933108875,-0.004530732390406911,0.0017125578011549791,0.0050684347634355476,0.000538791317120646,-0.014260477279429917,-0.00041089794709492367,-0.0019501654987363892,0.003713394069919218,-0.022049821259407132,0.24212493980454142,98.5096,99.20792,0.59,6.826499938964844
2019-05-13,-0.010106018008326778,-0.019629133369805096,0.01113788667716964,0.014253882150118358,-0.020129441693566452,-0.0386286556726525,-0.00010277047172735365,-0.002052935970463743,-0.024426469138497886,-0.04199527720883278,0.2475240182884282,98.5096,99.20792,0.55,6.8231000900268555
2019-05-14,0.012050265756551326,0.006169807727018473,-0.004162195438771832,0.008688249039552787,0.001830116189631692,-0.02152565005557605,0.0021554956882177123,-0.001024784637275289,0.007983987523216385,-0.01736180159671097,0.23347438034100054,98.5096,99.20792,0.56,6.877299785614014
2019-05-15,0.003877253321643792,-0.0016110600328937963,0.0012351199225513199,0.013122853174831306,0.006924245484570601,-0.011554584103221632,0.00041005552435358084,-0.0005123526023487202,0.005821994327722457,-0.009933091879568146,0.23625352259011598,98.5096,99.20792,0.54,6.874899864196777
2019-05-16,0.013612164352495348,0.0187851421290528,-0.008755371943978574,0.0011679970181255328,0.0018142655066410995,-0.009022023195602413,0.0027633879572475095,0.004815270750996525,0.008855957116499447,0.0019488638988596207,0.23677626399201043,98.5096,99.20792,0.56,6.875199794769287
2019-05-17,-0.0017511842850836956,0.017682481137279993,-0.00820477351315052,-0.008749334296179967,-0.0038137493355596686,-0.013374563848282728,0.001634024721228755,0.006860193419320204,-0.0058544371740438805,-0.007618967345103478,0.22741912418238386,98.5096,99.20792,0.58,6.882800102233887
2019-05-20,0.005402844244632554,0.033191343390239325,0.0012545877919816206,-0.018632633181367986,-0.004376318281407832,0.0023785595638758927,-0.0007145378216044662,0.0062484260694430915,-0.00677225797540526,0.010035243817989148,0.22288545853721653,98.5096,99.20792,0.6,6.917699813842773
2019-05-21,-0.0017447350848538434,0.019396342548834156,-0.0032180677080839715,-0.017688505450680125,-0.00457919932457318,-0.004030755950328979,0.0013265704770537567,0.005419500858279136,0.008459949093190922,0.010511205387963685,0.22248074089879133,98.5096,99.20792,0.6,6.911300182342529
2019-05-23,-0.05884540659786541,-0.08217900680291823,0.008755585276167821,-0.00015561613236769745,0.00018611958862979616,-0.026447831519642584,-0.0026536261483700585,0.00010222429868012028,-0.011985692241282209,-0.018980830661440073,0.22302809116661548,98.5096,99.20792,0.58,6.905399799346924
2019-05-24,0.012356450591235912,-0.06807137192659862,-0.0014020165813164454,0.006647140799466378,0.0074170488215031805,-0.015217033362579735,-0.002455724808188897,-0.003987525230737532,0.0013526437720372542,-0.011773749715358939,0.22330202723460968,98.5096,99.20792,0.56,6.9095001220703125
2019-05-28,0.00866097490985851,-0.06481324126137267,-0.00507912793409826,0.0003134250733864974,-0.0011090651536959095,-0.011949780234867813,0.003579269298201737,0.0003062818890686714,-0.008410950000260264,-0.013412441740213943,0.18497113813521177,98.5096,99.20792,0.53,6.897200107574463
2019-05-29,-0.005595572280696182,-0.068664078457215,0.003206741338613206,0.006738234120083675,-0.011532917169743917,-0.01890349808003855,0.0018358017045283503,0.000815513116543265,-0.00693591016723083,-0.028808301000635694,0.17062730393505682,98.5096,99.20792,0.5,6.90910005569458
2019-05-30,-0.03847963797237419,-0.08190319134984136,0.005062907666908423,0.010544089766274745,-0.004500230969822883,-0.009539044883129733,0.0,0.0003057200461711318,0.002096272674997124,-0.023883635961738925,0.1692072925535434,98.5096,99.20792,0.48,6.913400173187256
2019-05-31,-0.05615063994884695,-0.0792084247008229,0.014424310458736933,0.016212814948843857,-0.005465062601705761,-0.01519022707346529,-0.003981825577089815,-0.0010224793825486245,-0.013283205250453456,-0.025181148970910172,0.12843539493609893,98.5096,99.20792,0.4,6.900899887084961
2019-06-03,-0.004683849312426158,-0.09624872460448497,0.012859147970709195,0.030473979500869497,0.0035839053670240206,-0.01902337052794445,-0.0062599682310917615,-0.004826722805451489,-0.0027690706543079813,-0.029302863397255408,0.12933770613268547,98.5096,99.20792,0.34,6.904099941253662
2019-06-04,0.004309939084677694,-0.10059976042966579,0.0005291359094377057,0.03608224334440546,0.006755561776972785,-0.011158743597275755,-0.0007208660541220269,-0.009126858157775253,0.021205927081077824,0.00031401368408268127,0.11885774398162312,98.5096,99.20792,0.38,6.9028000831604
2019-06-05,-0.03423687829476174,-0.12924106644373135,0.003695764872375662,0.03657126687816792,-0.01754595195619424,-0.017171778383726077,0.003085818618085767,-0.007876841244217836,0.008128726978813283,0.015378650830126794,0.12670499174830158,98.5096,99.20792,0.37,6.907299995422363
2019-06-06,0.017455125123264192,-0.07330630334809296,0.00697697917997786,0.038485338391237356,0.01022540615927503,-0.0024461412546281647,-0.003497986741816561,-0.011374827986034397,0.00611684067600482,0.01939921883113449,0.12804503785149032,98.5096,99.20792,0.39,6.908100128173828
2019-06-07,0.026272884815955688,0.009117221416709675,0.0026877541074794564,0.02674878203997988,-0.008893980522007405,-0.005875059174929809,-0.0043379346094267746,-0.011730937018371357,0.010442979247259565,0.04312540332884751,0.12997711505880022,98.5096,99.20792,0.35,6.908999919891357
2019-06-10,-0.01361332644746982,0.00018774428166601353,-0.012378717355321811,0.0015109167139488733,0.012654793648228524,0.0031958291062746946,0.0015514459723418028,-0.0039195228149377925,0.004649220074766092,0.050543694057921584,0.1404166801216372,98.5096,99.20792,0.42,6.90880012512207
2019-06-11,0.00018778065098024044,-0.00393441415203144,0.0012825419568347485,0.002264322761345916,0.004307481836240301,0.0007477491655422108,-0.0007236980741573973,-0.003922354834973163,-0.0003499414579515303,0.02898782551889223,0.14190453017636215,98.5096,99.20792,0.43,6.930099964141846
2019-06-12,-0.040806371594055424,-0.010503907451325123,0.004137988749946864,0.0027065466389171178,-0.006186165268348476,0.012107535853387974,0.0032009687580947244,-0.0038072046949642058,-0.002039657827237029,0.018819440712841917,0.1267601173756327,98.5096,99.20792,0.42,6.910399913787842
2019-06-13,0.022046907478562527,-0.005912125096026788,0.005465871737307282,0.0011954391962465394,0.0007519148794791208,0.002634044573592065,0.00010310949053327079,-0.00020610846261437388,0.00408901050284971,0.016791610539686808,0.12648515465024535,98.5096,99.20792,0.42,6.916900157928467
2019-06-14,0.004389730278371751,-0.027795279633610726,0.0006718355335486592,-0.0008204793776842578,-0.010008576209956987,0.0015194488856424826,0.005755977998179951,0.009887804144992351,-0.0016128117861526903,0.004735819506274552,0.12621759459469972,98.5096,99.20792,0.46,6.92080020904541
2019-06-17,-0.011106931952156174,-0.02528888513829708,-0.0010452624905257224,0.01051297548711183,0.0062435151376335485,-0.004891829624952493,-0.00010251766904101345,0.008233840503609535,0.0009313154323526973,0.001017914863861158,0.128855039395926,98.5096,99.20792,0.48,6.924499988555908
2019-06-18,0.03723384249148909,0.011757176702211769,0.005883921663461855,0.015114355193738938,0.020904081032871336,0.011704769571678542,0.0008196909506636985,0.009777229528430631,0.009670489592970455,0.011038345914783143,0.1507938200113773,98.5096,99.20792,0.42,6.924900054931641
2019-06-19,-0.0026008412309797,0.04996270706528749,-0.0014863261032118658,0.009490040340580208,-0.00834653390861173,0.009544400931415287,-0.0053398836822378115,0.001236377088098095,0.0029807167930240297,0.016058720535044202,0.1526242372204723,98.5096,99.20792,0.36,6.902299880981445
2019-06-20,0.05236234941579854,0.0802781490025235,0.03529136934367472,0.03931553794694764,0.01148165827380443,0.020274144325740595,-0.005058132003963323,-0.003924864406398498,0.009427605335873501,0.021397315368067993,0.15780510814257628,98.5096,99.20792,0.27,6.902699947357178
2019-06-21,0.013674805780867771,0.08956322450501952,0.0023663033426526425,0.041010005756051626,-0.0035045784617731,0.026778142073924482,-0.004251974629625899,-0.013932817034204348,-0.001260016279728049,0.021750110874492634,0.15035719882279552,98.5096,99.20792,0.34,6.85099983215332
2019-06-24,0.008150590742564745,0.10882074719974044,0.012880517986897821,0.05493578623347517,-0.00018486637069026202,0.020349760565600672,-0.0024973775524479436,-0.016327676917611278,-0.0017333884605870153,0.01908540698155292,0.1503678867275995,98.5096,99.20792,0.31,6.868899822235107
2019-06-25,-0.0012097070998047244,0.07037719760844663,0.0004241309058388154,0.04947599547585213,0.011027573575607685,0.010473253108337022,0.0018736374649535037,-0.015273730403321473,-0.00954177564038794,-0.00012685825180547283,0.15300731986807714,98.5096,99.20792,0.33,6.876100063323975
2019-06-26,0.026449783490568812,0.09942782232999514,-0.0023350789510780956,0.0486272426279859,-0.008996712229424109,0.009823074787524644,0.0005197839868484877,-0.009414062734235173,-0.0012346956788036323,-0.004342270723633135,0.1564581304932482,98.5096,99.20792,0.35,6.878799915313721
2019-06-27,0.0008416671902073958,0.047907140104404,-0.002269469890296527,0.011066403394014657,0.0005531961726122914,-0.001105387313667494,-0.0002078653116397433,-0.004563796041911594,0.003815885792590734,-0.009953990266915902,0.15059640158782478,98.5096,99.20792,0.33,6.8790998458862305
2019-06-28,-0.016285331448609774,0.017947002874926454,0.0009225555241272332,0.009622655575489247,-0.002584057518795868,-0.00018486637069026202,-0.000624014039420473,-0.0009358354517061684,0.005740941840599589,-0.0029530321465882636,0.1499062060176077,98.5096,99.20792,0.31,6.867099761962891
2019-07-01,0.010547884874873681,0.02034429700723539,-0.017243639951311174,-0.020501502362719748,-0.009656448114691463,-0.009656448114691463,0.00735868074758983,0.008920222848331605,0.007643018610953511,0.006423374924952263,0.15278834879792963,98.6657,99.02104,0.34,6.865799903869629
2019-07-02,-0.0492556668553501,-0.027701662748309985,0.013619306155092659,-0.007306327113465905,-0.00824440639178059,-0.028928428082079738,-0.001136467355157933,0.005910118028220168,0.0029238472769890222,0.018888997842329225,0.15534959752089855,98.6657,99.02104,0.33,6.850800037384033
2019-07-03,0.019192422031801826,-0.03495902420707697,0.00928325833838084,0.004312010175993031,0.00824440639178059,-0.01168730946087504,0.0004133673044162123,0.005803701345787893,0.007643095660683663,0.02776678918181652,0.15624408257199363,98.6657,99.02104,0.31,6.872000217437744
2019-07-05,0.0029603534236803952,-0.03284033797360397,-0.014923529329707641,-0.008342049263418083,-0.007868210930751629,-0.02010871656423896,0.004947988295522343,0.01095955495294998,-0.0018075342045484888,0.022143369184677297,0.14570858859160202,98.6657,99.02104,0.35,6.87060022354126
2019-07-08,0.0026048730239054407,-0.013950133501088757,0.0002148039048739392,-0.009049800882671377,-0.0009408439074489738,-0.018465502952892066,0.0013358400512126778,0.01291940904358313,-0.0048471730101233845,0.011555254333954323,0.14145532070363956,98.6657,99.02104,0.35,6.892600059509277
2019-07-09,0.0029440142689223237,-0.021554004107040114,0.00035784577229236447,0.008551684840932161,-0.011930778034971001,-0.020739832873171604,0.0011289641791076832,0.006689692475100983,0.0012357930584538934,0.0051480287814547054,0.14423470680006842,98.6657,99.02104,0.36,6.880899906158447
2019-07-10,0.043977971590698495,0.07167963433900848,0.008975680500220129,0.003908059186059631,0.02576542734977072,0.013270000868379705,-0.004008427146106719,0.0038177326841521975,0.0045005469360823724,0.006724728440548056,0.16456984371152528,98.6657,99.02104,0.33,6.888299942016602
2019-07-11,-0.003813310435349493,0.04867390187185716,-0.0041216137849033885,-0.009496812937224597,-0.0039066900075119815,0.0011189044690871341,-0.0005150185225391013,0.002889346857196884,0.002282619578949152,0.0013642523588135447,0.16464504570983418,98.6657,99.02104,0.36,6.872200012207031
2019-07-12,0.00016607128259860104,0.04587961973077537,0.003979804442910684,0.009406520835393728,0.0033494870244753505,0.012336602424314114,-0.0024760715467841976,-0.004534712985109657,0.0046095343020660096,0.007781320865428043,0.16334843217259898,98.6657,99.02104,0.35,6.869200229644775
2019-07-15,-0.010518458252944285,0.03275628845392564,0.0010633396770112213,0.01025505660753101,0.0059270529631704205,0.019204499294933508,0.0012388021394844628,-0.004631750896837872,0.00017585372838446744,0.012804347603935895,0.16439802377975368,98.6657,99.02104,0.32,6.879799842834473
2019-07-16,-0.033450266898690906,-0.003637992713687588,-0.0015600040469463394,0.008337206788292306,-0.0051842141310077805,0.02595106319889673,0.004837154661666787,-0.0009235604142787679,-0.00340958455501017,0.008158969990471832,0.1612108278975449,98.6657,99.02104,0.33,6.8769001960754395
2019-07-17,-0.01468558157314881,-0.06230154587753489,0.008549847281971168,0.007911373570043345,0.0061071702506678704,0.0062928060997938795,-0.0018497621411972531,0.0012351045906306979,-0.006552665466093899,-0.0028942424117044396,0.16115621552232412,98.6657,99.02104,0.31,6.87529993057251
2019-07-18,-0.026411234814087692,-0.08489947025627309,0.003371448523743048,0.015404435878689782,-0.002216492198026221,0.00798300390927964,-0.00443277155349886,-0.0026826484403290607,0.0035755977088189894,-0.0016012642818346023,0.14428181975379523,98.6657,99.02104,0.25,6.872799873352051
2019-07-19,0.005949748555631906,-0.07911579298323979,-0.0007014590755680672,0.01072317236021103,0.014866723744027754,0.019500240628832044,0.003712498909969497,0.003505922016424634,-0.006195889464843951,-0.012406688048744563,0.14977279355465703,98.6657,99.02104,0.25,6.8790998458862305
2019-07-22,0.010549943903807701,-0.0580473908264878,0.00014038257143056398,0.009800215254630373,-0.010991124419565956,0.002582063246095667,0.0011316354098900305,0.0033987552868302018,0.002824701686249931,-0.0097578400908791,0.15028663537240303,98.6657,99.02104,0.26,6.881100177764893
2019-07-23,0.009735438054758738,-0.014861685873038155,-0.0036550776599471035,0.007705141641629609,-0.007580675982250207,0.0001856013948532409,0.004616071646648123,0.003177672271811538,0.006824145139276538,0.0004758896034076088,0.1521302988384371,98.6657,99.02104,0.27,6.880099773406982
2019-07-24,-0.015801471742906692,-0.015977576042796038,0.0018995209334571328,0.001054815293115574,0.0037050766577884087,-0.002216492198026221,0.00020471011339395773,0.005232144526402749,0.0046771928134763385,0.011705747882977846,0.15273451617878853,98.6657,99.02104,0.26,6.878300189971924
2019-07-25,0.0025022245001888876,0.012935883271480542,-0.006274934527660925,-0.008591567758288399,-0.0031484790710283317,-0.0031484790710283317,0.0009204432916396499,0.010585359371541259,-0.005276296483600618,0.002853853690558239,0.147615963068459,98.6657,99.02104,0.28,6.871500015258789
2019-07-26,0.0032079924716850172,0.010194127187533653,0.0032481143839335758,-0.004641994298786756,-0.007073676204629398,-0.025088879019685484,0.001940484085691807,0.008813344547263569,0.007360535770782661,0.01641027892618485,0.14639964846833353,98.6657,99.02104,0.3,6.871600151062012
2019-07-29,0.011851172061928317,0.011495355345654268,0.0007751493255891972,-0.0040072275446281225,0.012254141983726319,-0.0018436126163932087,0.00030603192108102917,0.007987741058454567,-0.0016174219290565617,0.011968155310878359,0.1530318687016035,98.6657,99.02104,0.29,6.878200054168701
2019-07-30,0.0205367524640927,0.02229666975498823,0.007089473307916094,0.006737323423235075,-0.01449840768152788,-0.008761344315670883,0.00010201576864510287,0.0034736851804515467,-0.0025819853720445707,0.00256202479955725,0.1608794389829191,98.6657,99.02104,0.28,6.892399787902832
2019-07-31,0.009088677655820554,0.047186819153715476,-0.0025211692591504686,0.002316633230627474,-0.004691778375795597,-0.017158199349254888,0.004781955411850447,0.008050930478908036,-0.010945206952139408,-0.013060374966058497,0.15826379197317822,98.6657,99.02104,0.26,6.883600234985352
2019-08-01,-0.08233566681117654,-0.037651072157649956,-0.0036529377971197263,0.004938629961168672,0.0007521976400813868,-0.01325752263814517,-0.0013203725044270698,0.005810114682841316,-0.009039527568805994,-0.016823606051263873,0.15568090359523065,98.68935,98.96687,0.2,6.883399963378906
2019-08-02,0.031204047510570376,-0.009655017118764597,0.0172339525633447,0.018924468140579798,-0.036367654129879634,-0.042551500563395406,-0.0029518156572878596,0.0009178149398616497,-0.007309388539565198,-0.03149353036161173,0.19723375806804566,98.68935,98.96687,0.2,6.897799968719482
2019-08-05,-0.017580901108094515,-0.03908709028878743,0.013057707568043142,0.031207026383033742,-0.010976243619950532,-0.06578188616707226,-0.006134973013194767,-0.005523189994414146,-0.030230182169694864,-0.060106290602250034,0.19867171720297802,98.68935,98.96687,0.15,6.939199924468994
2019-08-06,-0.019572219337012253,-0.07919606208989238,0.005311588128471989,0.029429141203589637,0.005503228205292143,-0.04578025028025223,0.0013324171012163433,-0.004292788661842906,0.012933023911166686,-0.04459128131903878,0.20044381384891197,98.68935,98.96687,0.11,7.049699783325195
2019-08-07,-0.048519846581854154,-0.1368045863275671,0.023426264124912777,0.05537657458765288,0.005473015414658389,-0.03561545648979825,-0.0009222354369375907,-0.009996979510630943,0.0007665823338589561,-0.032879492033040414,0.19855042671941095,98.68935,98.96687,0.09,7.025599956512451
2019-08-08,0.02798601535337797,-0.026482904163012577,-0.006389437814637411,0.0526400745701352,0.01432187842637811,-0.022045775703501524,0.0008198589263646028,-0.00785674807983927,0.018588462466865074,-0.0052515019973693455,0.1823421369686822,98.68935,98.96687,0.07,7.059100151062012
2019-08-09,0.03662589998646526,-0.021061051687117693,-0.0007347130630357412,0.034671408943754756,-0.006941750624922416,0.007380127801455694,-0.0013326318655684233,-0.0062375642881198345,-0.006638593133657444,-0.004580706591461592,0.18311961534463292,98.68935,98.96687,0.08,7.044300079345703
2019-08-12,0.007858951241052292,0.004378800662029114,0.005796393970688207,0.02741009534639982,-0.0015492593701303958,0.01680711205127583,-0.0011289641791076832,-0.0012315554540327511,-0.012393809115915033,0.013255666462318239,0.18217398186891953,98.68935,98.96687,0.04,7.061500072479248
2019-08-13,0.03874443702879038,0.06269545702783175,-0.0020615785564279676,0.020036928661499864,0.01710104615618946,0.028404930002173145,0.004405973791930862,0.0018420012366817673,0.015018346267301474,0.015340988818453027,0.1921508271229141,98.68935,98.96687,0.05,7.057199954986572
2019-08-14,-0.0332978143142606,0.0779174892954253,0.009078670323797056,0.005689334860384143,-0.014584832341694942,0.008347082245819815,0.0018386145055329095,0.0046028511791522675,-0.02973035245453559,-0.01515594596994152,0.19712759375241573,98.68935,98.96687,0.02,7.0335001945495605
2019-08-15,-0.013856161818639023,0.03607531212340831,0.0024377881760617726,0.014516560851083327,0.0011592045542592189,-0.004815591626299076,0.0015296135953324352,0.0053126058481201,0.0024612366981804357,-0.03128317173862616,0.19532254604100505,98.68935,98.96687,-0.02,7.023499965667725
2019-08-16,0.0073166177984544944,0.006766029935397544,-0.004683215342362601,0.010568058571756467,0.00019305484120113459,0.0023192138398244744,0.0,0.006645237713688523,0.014323058172244885,-0.01032152043272383,0.19549295612678672,98.68935,98.96687,0.01,7.02400016784668
2019-08-19,0.024127929121763536,0.023035007816108788,-0.008032155425562237,-0.003260490824493978,0.002699045307399728,0.006567518517354598,0.002137504877720353,0.00991170677051656,0.012033175564397425,0.014105464247588628,0.18656545993811208,98.68935,98.96687,0.04,7.041900157928467
2019-08-20,0.0023101044302071827,-0.013399324782474409,0.0027953104204057055,0.0015963981523396953,-0.008895824648002204,-0.019429352286837065,-0.0016281272749836262,0.0038776057036020717,-0.007946215312115257,-0.008859097331828103,0.18552062959340462,98.68935,98.96687,0.02,7.049799919128418
2019-08-21,-0.011783743649515621,0.008114745882270569,0.0,-0.00748227217145736,0.0029095827938648844,-0.0019349371512772384,0.0011196561531674476,0.0031586473512366098,0.008212979557352895,0.029084234680060383,0.1854817820141378,98.68935,98.96687,0.05,7.059599876403809
2019-08-22,-0.005944389920227167,0.016026517780682425,-0.004863547145385283,-0.014783607492904416,-0.010905703569387692,-0.01399984527492415,-0.0013234071459153895,0.000305626609988785,-0.0005062029592783901,0.026116795022601558,0.18668990163743152,98.68935,98.96687,0.07,7.062399864196777
2019-08-23,-0.021549415719023468,-0.012839515736795537,0.019379505617472148,0.009279113466930333,-0.010827909466720631,-0.025020809582845915,-0.00541341177883492,-0.005107785168846135,-0.026288881122837893,-0.01449514427248122,0.18879186035530976,98.68935,98.96687,-0.02,7.082699775695801
2019-08-26,-0.009832168832987431,-0.046799613691546504,-0.00019648645968040057,0.01711478243281217,0.005527033022613925,-0.022192821867631718,0.004496251583173461,-0.0027490384633930276,0.010923112730798046,-0.015605207106080599,0.19048251747112746,98.68935,98.96687,0.0,7.09499979019165
2019-08-27,0.023764605875437717,-0.02534511224631597,0.009585018407868517,0.023904490420274982,0.0013769982717729556,-0.011919998947856558,-0.000816012186319881,-0.0019369233747292824,-0.003208321800556746,-0.010867313594522088,0.18346982807059561,98.68935,98.96687,-0.06,7.150300025939941
2019-08-28,0.01535570740484804,0.0017943388080476907,-0.0020787009701006554,0.021825789450174327,0.0029444212325204777,-0.011885160509200965,0.002140555176970871,-0.0009160243509258592,0.0065241515305629605,-0.012556141621312022,0.1796180465217771,98.68935,98.96687,-0.08,7.161399841308594
2019-08-29,0.0165351855668181,0.024273914295092958,-0.007375322175081855,0.019314014420477754,0.003326433202015866,0.0023469762622025936,0.0030500537054614085,0.003457436500450939,0.01260748244109422,0.0005575437790605875,0.1803513747990423,98.68935,98.96687,-0.09,7.155300140380859
2019-08-30,-0.028800857415951064,0.01702247259816536,-0.004859495032714989,-0.004924986229709383,-0.010407550710722413,0.0027673350182008116,0.004153336589751255,0.013024184869037114,0.0006425807598766653,0.027489005661775145,0.18249346041810838,98.68935,98.96687,-0.05,7.143599987030029
2019-09-03,-0.021277396213986055,0.0055772452171667375,0.017488242652852648,0.012759742882823666,-0.008126075643751451,-0.010885773648164565,0.0003032170644052812,0.008831150350268935,-0.006923009332685304,0.009642883598291796,0.13656662620567775,98.68935,98.96687,-0.03,7.171000003814697
2019-09-04,0.04211148097562445,0.02392412031735347,0.002842211273165418,0.0060169357481205665,0.026123433056282286,0.013860661136344765,-0.005065867120074508,0.004581295416514308,0.010783725278421308,0.02363493067726985,0.16070448069459922,98.68935,98.96687,-0.04,7.177999973297119
2019-09-05,0.000710748366717695,0.009279161279223125,-0.022769045460323767,-0.014673408742102545,0.017488690098348858,0.028404930002173145,-0.00040631196341589515,0.0020344282761275423,0.012925912921759597,0.030036692068466486,0.1702226536938614,98.68935,98.96687,0.01,7.145100116729736
2019-09-06,0.0039000443211492097,-0.0033559799664457657,-0.006089556358749526,-0.013387642925770216,-0.0034351418993644467,0.021643354900792833,-0.00020329544938668676,-0.001218920878720553,0.0009101908043769313,0.018339400431749198,0.17030280320489505,98.68935,98.96687,0.01,7.14769983291626
2019-09-09,0.0232588613477418,0.0487037387972471,-0.002659222501661951,-0.011187370394717178,-0.0019134624876924189,0.030137443123822827,-0.0011186314419724397,-0.006490888910444248,-9.401467889968984e-05,0.017602804992972843,0.16335974360554195,98.68935,98.96687,0.06,7.114699840545654
2019-09-10,-0.007809097354436467,0.062172037656796686,-0.007953193028797045,-0.03662880607636687,0.0,0.03826351876757428,0.0005086521812796008,-0.006285453793569928,0.00032225242593053594,0.024848066751588682,0.16131694725803516,98.68935,98.96687,0.12,7.121099948883057
2019-09-11,-0.029166919568548444,-0.009106362887376207,0.0027473300929079514,-0.03672368725662434,-0.004992334096540874,0.007147751614751119,0.003249060522634295,0.002029473849138874,0.007203672326387078,0.021268013799554453,0.16230216651835852,98.68935,98.96687,0.15,7.111700057983398
2019-09-12,-0.011909196085809981,-0.021726307339903883,0.002873228259018923,-0.011081413537281648,0.009959868550201145,-0.0003810699333965939,-0.003452521391145602,-0.0010167355785908327,0.002875016278233389,0.011217117156028245,0.1547075172878751,98.68935,98.96687,0.16,7.115799903869629
2019-09-13,-0.004366055352302389,-0.029992407013355482,-0.005218052260891781,-0.010209909439423903,0.02168051153450501,0.024734583500472862,-0.0005086780639871336,-0.0013221181931912795,-0.0007246768769650913,0.009582249474686222,0.16249374653579837,98.68935,98.96687,0.23,7.078400135040283
2019-09-16,0.136944029063085,0.08369276070198772,0.008149645086967361,0.0005989581492054086,-0.022633913129874283,0.004014132858290997,0.003961199455132736,0.0037577127039138958,-0.0031405129163566414,0.00653575123722927,0.18310401983235336,98.68935,98.96687,0.17,7.078400135040283
2019-09-17,-0.05826257053110773,0.03323928752531646,0.0013296990407196674,0.009881850218722121,-0.004397338201619916,-0.0003832053433289184,-0.003961199455132736,-0.0007121389324984406,0.002578425372462334,0.008791924183761068,0.18391360523404152,98.68935,98.96687,0.15,7.066400051116943
2019-09-18,-0.020945840843696217,0.04146036625016869,0.0015933246639150411,0.008727844789729211,-0.005379432442356058,-0.0007703036891441029,0.0034541976520516826,-0.000507001803081053,0.00034263328426753503,0.0019308851416415251,0.18474470019377928,98.68935,98.96687,0.21,7.09089994430542
2019-09-19,0.00034412349745771564,0.053713685833436386,-0.006054761178041268,-0.0002001446473309798,-0.0017352408476638548,-0.012465413087009103,-0.003352487919118907,-0.00040696833105435815,1.9974521929810862e-05,-0.0009241566146620528,0.1820594232546815,98.68935,98.96687,0.18,7.085000038146973
2019-09-20,-0.0006883654566633979,0.05739137572907538,0.005922114787614063,0.010940022401174865,-0.0003860899258288919,-0.034532014547343004,0.002439329338979057,0.0025410390719118325,-0.004907599104880589,-0.00510707884257755,0.18182508478372292,98.68935,98.96687,0.13,7.095600128173828
2019-09-23,0.00942351253875362,-0.070129140795256,0.010821552218634345,0.013611929532841849,0.0017360022485987114,-0.010162099168870009,0.0009131585801398501,-0.000507001803081053,-9.694061782816732e-05,-0.0020635065440490763,0.17735277414409648,98.68935,98.96687,0.11,7.09060001373291
2019-09-24,-0.023290942768880107,-0.03515751303302839,0.0054977719571276396,0.01778000244924982,-0.001929057089799846,-0.007693818057049939,-0.002640421388617753,0.0008137762634339296,-0.008451988963551926,-0.013093920880063337,0.17264417814789848,98.68935,98.96687,0.06,7.117599964141846
2019-09-25,-0.014062443351258835,-0.028274115540591005,-0.0181122614868352,-0.0019255837015004218,0.0021217399120057046,-0.0001926457026881767,0.007092993435775519,0.004452572047157766,0.006139685241963733,-0.007296868922367139,0.17196606066505218,98.68935,98.96687,0.13,7.115499973297119
2019-09-26,-0.0014172160029009007,-0.03003545504094962,0.0019255837015004218,0.006054761178041268,-0.013579291503259427,-0.01203669635828375,0.0017149882533331606,0.009520048219609833,-0.0024318710096125074,-0.009748714453909457,0.17922640802333756,98.68935,98.96687,0.13,7.130799770355225
2019-09-27,-0.00890319273752116,-0.03825028232180738,-0.005587737868885334,-0.0054550914784581295,0.00894425655968445,-0.0027063498727704083,-0.001008455856693402,0.006072263023937374,-0.0053305345791292424,-0.01017164992815811,0.1815288151575779,98.68935,98.96687,0.16,7.1315999031066895
2019-09-30,-0.0334637545595573,-0.0811375494201183,-0.02253200101306163,-0.038808644710154105,-0.0071879284084445105,-0.01163028052981363,0.0027205079600616244,0.007879612403859149,0.005034910215249155,-0.005039799095080788,0.1831808962718753,98.68935,98.96687,0.15,7.121799945831299
2019-10-01,-0.00835738486210369,-0.06620399151334189,0.011059616136638084,-0.03324680053064366,-0.004886180870977697,-0.01458740431099148,-0.00251876619906799,0.008001267593408912,-0.01233412694541336,-0.008921937076942221,0.18016671431520298,98.64939,99.02309,0.13,7.147500038146973
2019-10-02,-0.01844583746548567,-0.07058738562756872,0.012739025777429802,-0.002395513266378657,0.003715669272755018,-0.012993474950242168,-0.000908274157633393,0.0,-0.018065404187643352,-0.033127026506549306,0.17779667463649024,98.64939,99.02309,0.1,7.14739990234375
2019-10-03,-0.0036159260338974875,-0.07278609565856531,0.004055705592803882,-0.00026539137507519683,-0.0062659425971475224,-0.0056801260441302626,-0.0018191041275912312,-0.003534092380924392,0.007940304773866202,-0.022754850723070597,0.15371715097935673,98.64939,99.02309,0.06,7.147600173950195
2019-10-04,0.006840243334876206,-0.05704265958616794,-0.0005973679771029694,0.004724978516707168,0.00392080107251902,-0.010703581531295692,-0.0005059245539289492,-0.003031561078159939,0.014116785239259855,-0.0033075309046814994,0.1401626478704412,98.64939,99.02309,0.02,7.147500038146973
2019-10-07,-0.0011368203670398813,-0.024715725393650523,-0.005659324852886449,0.02159765467688235,0.006435905589401658,0.002920252466550477,0.0018200238526686618,-0.0039320451855529015,-0.004488352273681606,-0.012830793393612261,0.14239351530497096,98.64939,99.02309,0.05,7.14739990234375
2019-10-08,-0.0022774526956901298,-0.018635793227236963,-0.000333900978963797,0.010204137561280469,-0.003310332789452697,0.004496100548075477,0.0015141730845158463,0.00010089409803093474,-0.015683159552110304,-0.016179826000309205,0.14261336243643857,98.64939,99.02309,0.06,7.14739990234375
2019-10-09,-0.0007603291577709115,-0.0009502849195222041,0.005926847590369988,0.0033919593742206544,-0.0005852663484720022,0.00019516492684845677,-0.00020172140541419026,0.0008074468502501375,0.009063296514845831,0.010948874702179978,0.1425830341001859,98.64939,99.02309,0.1,7.143499851226807
2019-10-10,0.01808979214380768,0.020755433258182965,-0.007531060731031047,-0.008194806949614275,0.01664446490761118,0.023105572431607158,-0.004145015875675284,-0.0015184648978339155,0.006395202411782819,0.009403772340096594,0.15398895702607657,98.64939,99.02309,0.15,7.131400108337402
2019-10-11,0.021247940729117953,0.03516313065242471,-0.008127734184569135,-0.01572517315708044,0.005168950024961316,0.024353721384049454,-0.004162190956408018,-0.005174731300312985,0.010879579673789053,0.006166566774625792,0.15100378531841285,98.64939,99.02309,0.2,7.115499973297119
2019-10-15,-0.014661893630863343,0.003414273062730011,-0.009497243064429561,-0.013177531055064584,-0.007460586080199505,0.01567527553675563,-0.0016264721939966975,-0.008610684542876612,0.009906445376488549,0.03485644230368745,0.10558707645473867,98.64939,99.02309,0.21,7.0665998458862305
2019-10-16,0.010360820322524944,0.014535422543025867,0.007013803030789134,-0.012090575614645438,-0.009453193330195009,0.006807348555032622,-0.0028527658159553937,-0.011261728953417816,-0.0020015445531935683,0.023791601235648052,0.10943557736047482,98.64939,99.02309,0.18,7.0808000564575195
2019-10-17,0.010625501962133743,0.007071132361351928,0.0028856502644307724,-0.0016738646191836182,0.002903295741469747,-0.00693382061110881,-0.004089582637299749,-0.01120629571504228,0.002759021969774622,0.020155420793639856,0.10858865571605195,98.64939,99.02309,0.17,7.092700004577637
2019-10-18,-0.002785286865243375,-0.0169620952330094,-0.0027512835044971595,0.0037025860608883576,0.014582034127489929,0.002479263491419803,-0.0033865477703241,-0.010430652528958362,-0.003927045709799515,0.005348795410051288,0.11973823809468377,98.64939,99.02309,0.16,7.076399803161621
2019-10-21,-0.008777671547484989,-0.005238529758933019,-0.0039048907125396326,-0.006253963986246447,0.003802282330481188,0.00437383278904635,0.0005138795817414277,-0.011441488835834512,0.006848114105334702,0.01358499118860479,0.12017270985623993,98.64939,99.02309,0.19,7.080699920654297
2019-10-22,0.01581866919151942,0.025242033063449743,-0.00047236817986640034,0.002770910898316714,-0.004945801034404118,0.006888617834841737,0.0020527252164903587,-0.007762291425347456,-0.0035750492583765947,0.00010349655373964595,0.12174992048750892,98.64939,99.02309,0.17,7.066299915313721
2019-10-23,0.03287322892655675,0.04775444166748155,0.0055189757191058675,0.0012760835866334475,0.01532811787712507,0.031669929042161815,-0.0006153595947386847,-0.005524885204130747,0.0028431033458300448,0.004948144452763259,0.1316795822521683,98.64939,99.02309,0.16,7.076200008392334
2019-10-24,0.004634559449972819,0.04176349915532063,0.006022502044865874,0.004412935367068549,-0.0013154130832639943,0.027451220217428074,0.0016401442320139736,0.00020484166518297542,0.0019186046591705974,0.004107727142159234,0.1319551810516916,98.64939,99.02309,0.15,7.064599990844727
2019-10-25,0.007618077546131197,0.0521668635666952,0.00040019716452732723,0.007564416036093036,0.0028167032594154096,0.015685889349353555,0.002046502081018531,0.005637891516525606,0.004064429510655998,0.012099202362614747,0.12061540894762862,98.64939,99.02309,0.15,7.0680999755859375
2019-10-28,-0.015115402302444458,0.04582913281173573,-0.00635559924955853,0.005113707499074138,0.002247539270922694,0.01413114628979506,-0.0007157799109664964,0.004408232023817682,0.005565819916117931,0.010816908173397977,0.1179167799288277,98.64939,99.02309,0.21,7.064700126647949
2019-10-29,-0.004849591044120416,0.025160872576095894,-0.0020154524793500883,0.0035706231995904503,0.003734828196813922,0.0228117755210131,-0.0007162926188559737,0.0016392141884713496,-0.0008327519564801378,0.013559205475294434,0.11362689863161422,98.64939,99.02309,0.23,7.06689977645874
2019-10-30,-0.008679973706581912,-0.01639233005704277,0.004160767879948679,0.002212415360433262,-0.0007457971901899674,0.0067378604536980635,-0.0004095517075262123,0.001845022075683822,0.0032480894008575234,0.013964191530321912,0.11128101176566425,98.64939,99.02309,0.21,7.064899921417236
2019-10-31,-0.01611168236660232,-0.03713857187361791,0.012114954399792488,0.008304867715359876,-0.01787951427398604,-0.009826240737023983,-0.0030769568046329354,-0.002872078960963087,-0.003027438634539692,0.009018148236611623,0.1312657082531494,98.64939,99.02309,0.15,7.0543999671936035
2019-11-01,0.03660492818550365,-0.008151721234245457,-0.0022521201719944983,0.0056525503788380504,0.006813094544179665,-0.005829849452259728,-0.001130588664771004,-0.006049169706752622,0.009615930559647268,0.014569649285602893,0.12956128420990265,98.63612,99.10558,0.14,7.0381999015808105
2019-11-04,0.006031597982923742,0.012995279051122743,0.0,0.01200814962839658,0.006017329999020049,-0.0020600587241623725,0.002772831275552612,-0.0025605585202335135,0.003697245805312832,0.012701075174797793,0.13016854380093645,98.63612,99.10558,0.15,7.036399841308594
2019-11-05,0.012129859964340461,0.02997473005958362,-0.018201754334461917,-0.004178152226715248,0.010443913650497794,0.004649026729521499,0.0048084517170083885,0.0029641858156308487,-0.0011864027118200227,0.012347424419457909,0.13259433061415013,98.63612,99.10558,0.18,7.029399871826172
2019-11-06,-0.01549601501515685,0.023158688751008683,0.006327791120031456,-0.002011128986632471,-0.012696182577194404,-0.007301358657482937,-0.0003062972375769135,0.0030674402855801475,0.0007022505922886779,0.009801585610889063,0.14123562805410358,98.63612,99.10558,0.15,7.008800029754639
2019-11-07,0.014097203533174785,0.05336757465078579,-0.01760132148891813,-0.03172740487534309,0.02339938287184473,0.033977538488347836,0.0019379112082971162,0.008082308298510199,0.0027263752442809874,0.015555399489709743,0.1594444956014805,98.63612,99.10558,0.23,6.997200012207031
2019-11-12,-0.001055804662067672,-0.0075419161272716195,-0.0023387164619208534,-0.019571747509682602,-0.006789964121255987,-0.019861988650671347,0.001119542261623252,0.0033623160732352275,0.0015634233012633558,0.0055850568696111935,0.1690682088362225,98.63612,99.10558,0.22,7.0096001625061035
2019-11-13,0.005617987036758976,0.013572085924644206,0.00658934076646478,-0.01931019786324928,-0.002083955804399129,-0.009249761877876073,0.0006101809005176762,0.004278794211329817,0.0007112815701173503,0.005594087847439866,0.1669574116046949,98.63612,99.10558,0.22,7.006800174713135
2019-11-14,-0.0061462740857187725,-0.006671391694249351,0.006886066178064532,0.005177189803733384,-0.006850602582960996,-0.0394997473326818,-0.0021370697353892965,0.00020381326764340457,0.0008366926144560694,0.003704405217614948,0.1652190401612257,98.63612,99.10558,0.2,7.022600173950195
2019-11-15,0.016595729808258852,0.008350771042803018,-0.003062164177332072,0.00409752659617979,0.006281545821900991,-0.016187058923709752,-0.00163135903963596,-0.0035650506497129086,0.0076660287779724,0.008813030850470582,0.16619450084088064,98.63612,99.10558,0.21,7.019800186157227
2019-11-18,-0.011675692119459846,0.0033359459777715372,0.00245046443238639,0.010524990737662776,-0.006663489107329501,-0.016106465794044622,-0.002145146984211088,-0.004183852597095417,0.0005030263228107401,0.011280452586619916,0.16030828517679677,98.63612,99.10558,0.18,7.007299900054932
2019-11-19,-0.032783983221595925,-0.028392232581756716,0.0016303409319782247,0.014494048131561854,0.013659864208876549,0.0043433625360879136,0.0007155604116038106,-0.004587834447114858,-0.0005927700996934959,0.009124259185663064,0.16686276946971076,98.63612,99.10558,0.16,7.025000095367432
2019-11-20,0.03383516365075234,-0.00017505596776334897,0.0,0.007904707365097075,-0.002641499358758459,0.0037858189817285837,0.0007150487510028114,-0.004482966596629723,-0.003763256420940664,0.00464972119460505,0.16613356263925005,98.63612,99.10558,0.13,7.026800155639648
2019-11-21,0.02541412929285336,0.031385347410808784,-0.006947360157733229,-0.005928718970700686,-0.009682110127204213,0.0009543114374853667,0.0006124699982645865,-0.0017334268629758398,-0.001584006086188694,0.0022290224939602865,0.16039004997225512,98.63612,99.10558,0.14,7.034999847412109
2019-11-22,-0.013923754939848543,0.0008658626627013888,0.0,-0.002866554793368614,0.010059868912448922,0.004732634528033297,0.002853347366793102,0.0027512795434532222,0.0021725739423761325,-0.003264432341635981,0.1646666353519773,98.63612,99.10558,0.15,7.028200149536133
2019-11-25,0.0041457628268046776,0.016687317608965913,-0.004452519674764233,-0.009769538900519237,0.0,0.011396123635362798,0.0005087039398503634,0.005405130467514674,0.007479251887467342,0.0037117932230206208,0.16430375646982123,98.63612,99.10558,0.14,7.038300037384033
2019-11-26,0.0068717248959808686,0.056343025726542706,0.0021945374432128517,-0.00920534238928461,0.010146629808101215,0.007882889234587465,-0.0007122114045055028,0.0039773586514053605,0.0021931636449394887,0.006497726967653605,0.16810604982789612,98.63612,99.10558,0.12,7.0355000495910645
2019-11-27,-0.00514932884946262,0.017358533226327744,-0.00439381748560308,-0.01359915987488769,0.0,0.010524388593345924,0.0016272113743003302,0.004889521274702879,0.00416573562529976,0.01442671901389403,0.16756751137878623,98.63612,99.10558,0.14,7.03249979019165
2019-11-29,-0.051918482495375784,-0.0599740785619014,0.008359042281367302,0.0017072425642128408,-0.012226251770675378,0.007980246949874759,-0.0014237039096451909,0.002853347366793102,-0.0040192862299885945,0.011991438870094129,0.1727283967888922,98.63612,99.10558,0.17,7.03439998626709
2019-12-02,0.014217839341871041,-0.031832484280181816,-0.002254126252647204,-0.0005468836884343631,-0.0036022512723954403,-0.005681873234969603,-0.0041808661160605,-0.0041808661160605,-0.008668483693965001,0.001150381233752995,0.1615432649344307,98.63612,99.10558,0.18,7.031499862670898
2019-12-03,0.0024986518924912104,-0.033479595214495284,0.010814526309483874,0.014720162295813743,-0.009350280244473486,-0.015032153479443089,-0.0012270221122125946,-0.005916592168123458,-0.00666022525804344,-0.012989095911757786,0.1626422755072226,98.63612,99.10558,0.09,7.038300037384033
2019-12-04,0.04069367645989175,0.0003423563494155957,-0.0028453045693535017,0.00968032028324739,0.013709282765632103,-0.011469500521912201,-0.0009211970370648359,-0.006125577800682791,0.0063036576087700524,-0.008878601947927223,0.16875968785277534,98.63612,99.10558,0.11,7.060200214385986
2019-12-05,0.0,0.005491685198878216,0.00196551921359589,0.01603965698244636,0.001700486851240579,-0.009769013670671622,-0.002460760571024956,-0.010213549746008077,0.0014991269266300122,-0.01154521064659697,0.16433250995717555,98.63612,99.10558,0.13,7.048900127410889
2019-12-06,0.013092092988175708,0.07050226068242971,-0.012125522425176172,-0.0044449077240971135,0.023324128812933997,0.025781366912937753,0.0029726154350679934,-0.005817230401294893,0.009094246030425523,0.0015683216138171474,0.17833272813631015,98.63612,99.10558,0.15,7.043799877166748
2019-12-09,-0.0030451775065802877,0.05323924383397838,0.00013711159596141442,-0.0020536698754884952,0.013009821503794372,0.042393439689127566,-0.000614288539011909,-0.002250652824246302,-0.003167833684475596,0.0070689716233065525,0.16493517451039028,98.63612,99.10558,0.14,7.034299850463867
2019-12-10,0.003720640462062441,0.05446123240354961,0.00225875501095274,-0.01060944117401963,0.003271563364967145,0.055015283298568196,-0.0023583268960560844,-0.0033819576080897917,-0.0010975361689826713,0.01263166071236732,0.15243354455318694,98.63612,99.10558,0.14,7.0381999015808105
2019-12-11,-0.00813569499204192,0.005631860951615941,0.0046385136565483265,-0.003125622948117801,0.009750871728539057,0.05105687226147515,-0.002569770552158346,-0.005030531123183302,0.0029039375293500314,0.0092319406329473,0.15209523380296724,98.63612,99.10558,0.1,7.033299922943115
2019-12-12,0.0071223293879114635,0.012754190339527405,-0.0018392248396015276,-0.0069303670013152185,0.002512553169920162,0.05186893858015473,0.002467084489093274,-0.00010268606306507166,0.00853866737555542,0.016271481081872707,0.14858356342205917,98.63612,99.10558,0.18,7.037799835205078
2019-12-13,0.014926891652931928,0.014588989004283626,0.006049724215781538,0.011244879639642491,-0.0032316232972950942,0.02531318646992564,-0.0023642233070777507,-0.005439524805210816,7.257915021519068e-05,0.0072498142016623746,0.14909047460409816,98.63612,99.10558,0.12,7.019499778747559
2019-12-16,0.00232789248905263,0.019962058999916543,-0.00040668040342417555,0.010701087640256901,0.014283393358279772,0.02658675832441104,-0.0010296384272585613,-0.005854874693457468,0.007122360942542372,0.017540008828680342,0.150301691451552,98.63612,99.10558,0.16,6.97189998626709
2019-12-17,0.012051314751643005,0.028292733289497107,-0.00027123977476684047,0.00817109285453732,-0.00035458423932621663,0.02296061072011768,0.0014412128346794617,-0.002055334962721922,0.00033523602846052825,0.018972781026123542,0.15053361136642404,98.63612,99.10558,0.14,6.981599807739258
2019-12-18,-0.00016408175339766018,0.03626434652814137,-0.0013572206434195877,0.0021753585545694065,-0.0008870956930222551,0.012322643298556368,0.002055334962721922,0.002569770552158346,-0.00043239364052283236,0.015636449856250678,0.14704314607975483,98.63612,99.10558,0.16,6.996200084686279
2019-12-19,0.004748284187847673,0.03389030132807758,0.0037955689629018963,0.00781015235707283,0.005134167684697211,0.014944257813333417,0.00010259720526395455,0.00020528326832902621,0.004449378821865579,0.011547161302560838,0.14251537337319758,98.63612,99.10558,0.15,7.004000186920166
2019-12-20,-0.012822838773900003,0.0061405709012456455,-0.0023705521722883205,-0.0006101240309970279,-0.007266294832398934,0.010909586278229577,0.0029723890034825118,0.005541895578889289,0.004932595804334028,0.016407177956679675,0.14572398188283986,98.63612,99.10558,0.15,7.009399890899658
2019-12-23,0.001322781801016859,0.005135460213209875,0.005275305725533919,0.005071862097961066,0.0021321271477017234,-0.0012416799323484717,-0.0005118024543353528,0.006059731551812497,0.0008657687142985537,0.010150585728435857,0.13846637437638512,98.63612,99.10558,0.18,7.00570011138916
2019-12-24,0.009701632410579641,0.002785777872146511,0.011135059860574614,0.01647816173330252,0.007603293943800216,0.0067161982507779605,-0.00010242318338615775,0.004516095533746878,-0.0001954673024684439,0.009619882397506885,0.1372413290102671,98.63612,99.10558,0.15,7.0117998123168945
2019-12-26,0.009284205308224713,0.012234064933768884,0.0067810877844305395,0.024616470161152648,0.009118079154951664,0.01672137309875188,-0.0006146813207754676,0.0018460792502494883,0.005115062410053994,0.015167338448083711,0.1380965495413848,98.63612,99.10558,0.16,6.98829984664917
2019-12-27,0.0006483130702390483,0.00813409381616026,0.0029770786135143723,0.023797979811765124,-0.009822957942511756,0.0017642474715429124,-0.006889114572021349,-0.005145632527035815,3.3984139657050605e-05,0.010751943765875183,0.14365842301787732,98.63612,99.10558,0.15,6.996300220489502
2019-12-30,-0.0006483130702390483,0.020308619519821214,0.0004622733368915277,0.026630805320944972,-0.003177906795036378,0.005852635508905468,-0.0018589317432375907,-0.009976953273755917,-0.005797596079348821,2.1751882192333483e-05,0.1448557795017608,98.63612,99.10558,0.15,6.994800090789795
2019-12-31,-0.010102724405224528,0.008883113313579827,0.0032959818895559323,0.024651481484966986,-0.011918737359718934,-0.008198228998515189,-0.003624489848880863,-0.013089640668301428,0.0029416906441905866,0.0020976738120843663,0.1444612659028294,98.63612,99.10558,0.15,6.9857001304626465
2020-01-02,0.001963333913343135,0.0011448148163433203,0.003285154071461349,0.01680157569585372,0.013861972574001236,-0.001939550368314169,0.004760918634158173,-0.008226298850757097,0.008343895362315834,0.010637036476868644,0.14755136141527067,98.63612,99.10558,0.08,6.962200164794922
2020-01-03,0.030107706599462603,0.02196831610758121,0.016072149694004167,0.02609263760542735,-0.012252620164577177,-0.02331024968784301,-0.00010327984415514635,-0.0077148973741367755,-0.007084909364953873,-0.001562935298139223,0.15103642933241662,98.63612,99.10558,0.03,6.963399887084961
2020-01-06,0.003483240083492767,0.024803243120834928,0.010913635018348522,0.0340291940102615,0.0007143615412485982,-0.012772930204082655,-0.0017569967185533386,-0.0025827795206687654,0.003527145194272663,0.0019302257564763892,0.14645265918617012,98.63612,99.10558,0.06,6.9644999504089355
2020-01-07,-0.009049830586906893,0.016401725604167083,0.0035692183565130264,0.037136139029883,0.0012489911002055987,-0.008346032308840678,0.0032017087566833524,0.0024778609792521777,-0.002807175084594604,0.004920646751230606,0.14650131693098906,98.63612,99.10558,0.09,6.9745001792907715
2020-01-08,-0.0505381043360531,-0.02403365432666149,-0.009203710678121979,0.024636446462205086,0.005335280361104422,0.008907985411982677,0.0032942142644705186,0.00939656509260356,0.004890473485641422,0.006869429592681442,0.12650747725361478,98.63612,99.10558,0.12,6.944399833679199
2020-01-09,-0.000839124597836971,-0.026836112837841597,-0.0036667071971185905,0.017684585193625146,-0.003019843955696544,-0.007973831117715102,0.0015403740810535638,0.00617602053949895,0.006633214116906316,0.005158748347271924,0.12076295030840294,98.63612,99.10558,0.11,6.945199966430664
2020-01-10,-0.00876903507396154,-0.06571285451126574,0.0037308990396738295,0.005343334539294808,0.0028424732213434556,0.00712126226820553,-0.0009239396891400631,0.005355360694514033,-0.002859262487506342,0.009384395224719455,0.12067470672627335,98.63612,99.10558,0.07,6.951700210571289
2020-01-13,-0.01639379375615313,-0.08558988835091164,-0.005859816190831424,-0.011430116669885138,0.01514112810480528,0.02154802883176221,-0.00010273880423472548,0.007009618608832646,0.006951994045934384,0.012809244076381177,0.12684370576032433,98.63612,99.10558,0.08,6.909299850463867
2020-01-14,0.0025792759447620384,-0.0739607818192427,-0.0038824947858762116,-0.018881829812274376,0.005054443125150687,0.0253534808567073,0.00020546705429236312,0.004013376906441657,-0.0015156808368956831,0.014100738324080098,0.1274457042560719,98.63612,99.10558,0.05,6.8927001953125
2020-01-15,-0.007238883138090735,-0.030661560621280337,0.006269176242541086,-0.0034089428916113107,-0.0020884247607477757,0.017929775734855102,-0.0014388428510843099,-0.0007196802091131715,0.0018684502436876471,0.011078715082126322,0.12697676383585446,98.63612,99.10558,0.04,6.900300025939941
2020-01-16,0.012206789124634021,-0.017615646898809345,-0.0019992755105731064,-0.0017415112050658266,-0.006291488013370872,0.014658131677180775,0.0009251744322620326,-0.0013348798579047028,0.008331747422232638,0.012777248387452644,0.12074543053848885,98.63612,99.10558,0.07,6.889800071716309
2020-01-17,0.0003417129288170173,-0.008504898896030788,0.006306764371860396,0.00083435412712074,-0.0008769823405962995,0.01093867611524102,0.002975438660310026,0.002564498491545386,0.0038547232474837045,0.01949123412244269,0.12080713565715433,98.63612,99.10558,0.09,6.8780999183654785
2020-01-21,-0.003422329848016936,0.004466565012105406,-0.0015408479920910878,0.005153322325861076,-0.01805993838344655,-0.02226239037301081,-0.0008199429720923135,0.0018472943236877981,-0.002655500369584729,0.009883739706923578,0.13687675529853016,98.63612,99.10558,0.04,6.865799903869629
2020-01-22,-0.02780850809264379,-0.025921219025300424,-0.0007069933514571858,0.008328823760280102,-0.011319894830163602,-0.0386367283283251,0.0,0.001641827269395435,0.0002890342966814785,0.01168845484050074,0.1404462181436572,98.63612,99.10558,0.05,6.904799938201904
2020-01-23,-0.02047612725216652,-0.03915846313937621,0.005961700201771336,0.008021347719510352,-0.01492832716628234,-0.05147663073385966,0.0016392141884713496,0.0047198843089510945,0.001140326193358021,0.010960330790171113,0.14703997326348967,98.63612,99.10558,0.04,6.905700206756592
2020-01-24,-0.02550696747438419,-0.07687221973839442,0.004145810767128388,0.014166433997211847,-0.014968463601152449,-0.06015360632164124,0.001636453591809861,0.005431163468498923,-0.00908328942619363,-0.006454706058255155,0.15356112930373755,98.63612,99.10558,0.02,6.9355998039245605
2020-01-27,-0.019566435389934522,-0.09678036805714596,0.003621512391023707,0.011481182016375158,-0.03370254211194512,-0.09297916609299006,0.00112354449001284,0.003579269298201737,-0.015855752356843666,-0.026165181662582526,0.18376937903890195,98.63612,99.10558,-0.02,6.935699939727783
2020-01-28,0.006377814828272488,-0.08698022338085654,-0.0048316035862789874,0.008190426422187258,-0.006568787275060051,-0.08148801498460356,0.0006122824959291506,0.005011494766223201,0.01000338350035257,-0.013506297792645228,0.1773194987250549,98.63612,99.10558,0.0,6.935699939727783
2020-01-29,-0.002808684727281019,-0.061980400015493764,0.0003823495785670872,0.009279769352211531,-0.010130623718568765,-0.08029874387300873,-0.0003060943867332355,0.004705400379489966,-0.0008672501435853519,-0.014662582232912058,0.17742831864334863,98.63612,99.10558,-0.04,6.935699939727783
2020-01-30,-0.02256666214758951,-0.06407093491091675,0.008689333181302494,0.01200740233174269,-0.0118181292629016,-0.07718854596962799,-0.001225315345930511,0.001840870845088105,0.0031294569302104946,-0.012673451496059585,0.17882622947609017,98.63612,99.10558,-0.07,6.935699939727783
2020-01-31,-0.011186192093541436,-0.049750159530074,-0.0003789638633726611,0.00748262770124164,-0.0013879192386688777,-0.06360800160714442,-0.0049165657952805475,-0.0047121485420023035,-0.017864443571362187,-0.02145460564122814,0.17771902479742832,98.63612,99.10558,-0.14,6.935699939727783
2020-02-03,-0.0285256035539323,-0.05870932769407178,-0.0036075310705907526,0.00025358423962718035,-0.0027816308390768985,-0.03268709033427619,0.004201078538817349,-0.0016346144931977946,0.00722842576123206,0.001629572476847585,0.16441637414110621,98.63612,99.10558,-0.09,6.935699939727783
2020-02-04,-0.010028162535915985,-0.07511530505826025,-0.017138114161284967,-0.0120529263353788,0.013635181820066844,-0.012483121239149297,0.0016346144931977946,-0.0006122824959291506,0.014869315917506398,0.006495504894001414,0.17551373490047095,98.63612,99.10558,-0.03,7.020599842071533
2020-02-05,0.022719179305944692,-0.04958744102503454,0.004761622946684696,-0.007673652967261191,0.012289280484591547,0.009936782964011015,0.003159535475989017,0.002853347366793102,0.011187778658973357,0.018550533696560123,0.18419130468566894,98.63612,99.10558,0.0,6.997499942779541
2020-02-06,0.003933156721114717,-0.023087622156330312,0.004675103267282488,-0.011687882881281197,0.007532635184423597,0.029287547411336212,0.002337789964017567,0.00641645267674118,0.0033201550570023386,0.018741231823351967,0.18766811171060588,98.63612,99.10558,-0.02,6.972799777984619
2020-02-07,-0.012442168315527802,-0.024343598378316678,0.002233782116915606,-0.00907513690099293,-0.015317797464047822,0.015357669185957268,0.0018257465756930102,0.013158765047714738,-0.005415491009459927,0.031190184385254227,0.18887767987400728,98.63612,99.10558,-0.07,6.969799995422363
2020-02-10,-0.015016800451462586,-0.010834795275846965,0.0038812607041434077,-0.0015863451262587702,-0.0005863890439838926,0.017552910981050274,0.0015189261616725958,0.010476612670569985,0.007299690120573743,0.03126144874459591,0.1893230628404933,98.63612,99.10558,-0.1,7.0005998611450195
2020-02-11,0.007436451476786843,0.006629818736855864,-0.0057956254306672506,0.009756143604358947,0.012048392105614925,0.015966121266598354,-0.0011136483930238583,0.007728349784348332,0.001687048686003223,0.018079181513092735,0.1963714079270826,98.63612,99.10558,-0.06,6.983500003814697
2020-02-12,0.024331129680438046,0.008241769111349218,0.0011490897071118056,0.006143610364786056,0.006737892007191548,0.010414732789198355,0.0033372314324502383,0.007906045740809553,0.006441853105203066,0.013333255959322443,0.18800103770026558,98.63612,99.10558,-0.04,6.964900016784668
2020-02-13,0.004873779194720651,0.009182391584955152,0.0049005356127649335,0.006369042710268502,0.005166971803349574,0.008049069408124332,0.00020186394969812227,0.005770119726490108,-0.0016317763599893453,0.00838132454233076,0.1880731369198809,98.63612,99.10558,-0.06,6.9710001945495605
2020-02-14,0.012177614175192808,0.03380217407567576,0.0048134716803991395,0.008948732273752036,-0.005358841233908951,0.018008025638263203,0.0005045971260191351,0.004448970276816233,0.0018418360984853166,0.015638651650276003,0.18789718958913076,98.63612,99.10558,-0.07,6.976399898529053
2020-02-18,0.0,0.04881897452713835,0.010871410739791365,0.015938882309399993,0.0017255923627221836,0.02032000704496928,0.0034242790510594645,0.006354323166203102,-0.002924213986148061,0.005414747543554199,0.1890390054663007,98.63612,99.10558,-0.1,6.979300022125244
2020-02-19,0.023543933085627966,0.06492645613597947,0.004676547883901705,0.02641105562396895,0.0009574178973583702,0.009229032836712725,0.0014066051888717013,0.008874576748098661,0.004694748284284955,0.008422447141835931,0.1895541451532161,98.63612,99.10558,-0.09,6.996200084686279
2020-02-20,0.009152914653843602,0.04974824110938503,0.005644986085864723,0.030906952002721866,-0.006721071395800693,-0.004229930566279516,0.002707218486131424,0.008244563801779847,-0.0038228174279968385,-0.001842223391363973,0.1830156307973157,98.63612,99.10558,-0.11,6.997200012207031
2020-02-21,-0.007465464156600987,0.03740899775806339,0.0171720154941708,0.04317843188412773,0.008824151501548583,-0.0005727508680805071,-0.006126676075756343,0.0019160237763253818,-0.010573809232820253,-0.01078425626419488,0.18558764472568534,98.63612,99.10558,-0.15,7.02239990234375
2020-02-24,-0.03721449826539658,-0.011983114682525997,0.016762556388819405,0.055127516592548,-0.009788029058760084,-0.00500193869293164,0.00030217858538517106,0.0017136052356914178,-0.034088079420440565,-0.04671417178312076,0.18211956098321788,98.63612,99.10558,-0.21,7.026199817657471
2020-02-25,-0.030200632384425496,-0.042183747066951494,-0.015364987376213612,0.02889111847654302,0.0015417033639104627,-0.005185827691743361,-0.0032280840235721087,-0.004938757838940155,-0.03074790437535313,-0.07453786217232583,0.17665124937502155,98.63612,99.10558,-0.2,7.02839994430542
2020-02-26,-0.023726185874671124,-0.08945386602725058,-0.004198505886171766,0.02001606470646955,-0.007732488352719558,-0.013875733941821289,0.00030306389191814276,-0.006042299135893714,-0.0037856973235292912,-0.08301830778014008,0.13525096776572862,98.63612,99.10558,-0.21,7.036399841308594
2020-02-27,-0.03423417996572775,-0.13284096064682194,0.0,0.014371078620604827,-0.0019424543871734423,-0.009097116933194038,-0.005672599810777612,-0.01442211743280275,-0.045168136352262245,-0.12436362670440548,0.13351694513140255,98.63612,99.10558,-0.23,7.03980016708374
2020-02-28,-0.05074582155134344,-0.1761213180415644,-0.04738567874706412,-0.05018661562063009,-0.009965909076269597,-0.027887177511012218,-0.0031541480946293277,-0.011449589451675735,-0.008272463109652683,-0.12206228058123791,0.133362902935419,98.63612,99.10558,-0.28,7.003499984741211
2020-03-02,0.04349940979023037,-0.09540740998593744,0.01786897945635424,-0.04908019255309526,0.021372511965591867,0.003273363513339733,-0.007877647280893463,-0.01962941531795437,0.04501086876941329,-0.04296333239138406,0.14573094854255542,98.63612,99.10558,-0.31,6.990900039672852
2020-03-03,0.009155824713162453,-0.05605095288834949,0.030796353102672036,-0.0029188520742096102,-0.008300447424489321,-0.006568787275060051,-0.0021592634184184334,-0.018560594712800693,-0.02851048492291497,-0.040725912938945896,0.14934387711664202,98.63612,99.10558,-0.43,6.999800205230713
2020-03-04,-0.00851434538637763,-0.040839112400056,-0.000609161821269133,0.0006704919906930229,0.0052199153723148095,0.006383616449974316,0.0019537752536020747,-0.01690988335111676,0.04133634936063402,0.004396133745217412,0.14928807728010843,98.63612,99.10558,-0.44,6.960999965667725
2020-03-05,-0.01899058475143267,-0.02559551718576092,0.015298891788606994,0.015969383779300017,-0.0040575669209531595,0.004268503916194599,-0.00535638542391581,-0.01659366896425496,-0.03451078243998218,0.015053487657497477,0.1436291630034655,98.63612,99.10558,-0.48,6.965400218963623
2020-03-06,-0.10608705870803803,-0.08093675434245551,0.002636957249874783,0.06599201977623892,-0.003685399117430377,0.01054901387503382,-0.009026390711557752,-0.022465911581183384,-0.017200943652385448,0.006125007114764713,0.13786226137938817,98.63612,99.10558,-0.57,6.935999870300293
2020-03-09,-0.2822061341074851,-0.40664229824017095,0.002212030386840702,0.05033507070672538,-0.019227598789932854,-0.030051096880490902,-0.011003468953308726,-0.025591733253598647,-0.07901041294037192,-0.1178962745950205,0.1498160082330176,98.63612,99.10558,-0.45,6.931099891662598
2020-03-10,0.09872115738496268,-0.31707696556837073,-0.009239341300194326,0.01029937630385902,0.003954133566807738,-0.017796515889193842,0.015786246966343676,-0.007646222868836539,0.048215052425859106,-0.041170737246246425,0.14189900219620133,98.63612,99.10558,-0.24,6.9456000328063965
2020-03-11,-0.04099181162807364,-0.34955443181006673,-0.010725720864527943,0.00018281726060020986,-0.00871976827050902,-0.03173619953201767,0.001036683392819704,-0.00856331472961891,-0.05010289280860558,-0.13260997941548602,0.14475329573613405,98.63612,99.10558,-0.14,6.955599784851074
2020-03-12,-0.04591375741982695,-0.376477604478461,-0.03225585264372555,-0.04737192717173233,-0.012417598831162335,-0.04009623144222685,0.009897998819149656,0.006691069513446557,-0.09994485240247286,-0.1980440493779767,0.14206040288991856,98.63612,99.10558,-0.04,6.95959997177124
2020-03-13,0.007275045336675667,-0.2631155004337473,-0.047416352203101475,-0.09742523662470859,-0.0028254184649549874,-0.03923625078975146,0.013046752908227432,0.028764213133231742,0.08880840694923542,-0.09203469877635584,0.13844878052606843,98.63612,99.10558,0.04,7.028600215911865
2020-03-16,-0.10036544181943174,-0.08127480814569399,-0.01985668052992029,-0.11949394754146958,-0.030992737072886745,-0.05100138907270535,-0.006706016539184567,0.0330616655473559,-0.12765219747281709,-0.140676483308801,0.16701670826846518,98.63612,99.10558,0.0,7.007199764251709
2020-03-17,-0.06291382368438381,-0.24290978921504047,0.02590818443844789,-0.08434642180282736,-0.03521787164621226,-0.09017339428572535,0.015075972359765544,0.03235139094077777,0.05822631263569189,-0.13066522309896822,0.19866414327086732,98.63612,99.10558,0.39,6.992700099945068
2020-03-18,-0.2799200542262543,-0.48183803181322116,-0.03171271975140133,-0.10533342068970075,-0.06928595665634485,-0.15073958267156118,0.015742098401111626,0.04705680594906969,-0.05322227233208032,-0.13378460262244296,0.2946795657792985,98.63612,99.10558,0.55,7.006199836730957
2020-03-19,0.21357403187235047,-0.22235024252104374,0.0008795472315563657,-0.07219802081441884,0.01811768269532288,-0.12020430114507596,0.015692735027299953,0.05285154215721999,0.004696760970401392,-0.029142989249568707,0.3076945419872743,98.63612,99.10558,0.62,7.04640007019043
2020-03-20,-0.11723794117272979,-0.3468632290304492,0.0036454671159331653,-0.0211362014953842,-0.0043275441887670185,-0.121706426868888,0.0005836906290763721,0.04038847987806893,-0.04432762405336721,-0.16227902025217134,0.3079494740179818,98.63612,99.10558,0.17,7.107699871063232
2020-03-23,0.04062582195027575,-0.2058719652607417,0.05442181862869511,0.0531422976632312,-0.03294966293546986,-0.12366335273147111,-0.0032146716591352487,0.04387982475811825,-0.02973150100957689,-0.06435832378893114,0.31303304819733796,98.63612,99.10558,-0.04,7.094799995422363
2020-03-24,0.027445235677843627,-0.11551290589851426,0.05777508425392419,0.0850091974787075,0.03614017132293079,-0.052305309762328056,-0.007344693602504115,0.021459158795848587,0.08968323251796306,-0.032901403906659965,0.3515901525164319,98.63612,99.10558,-0.13,7.091300010681152
2020-03-25,0.019794441852212685,0.18420159017995275,-0.016947954536260745,0.09977396269384808,0.01647333989533739,0.033453986789354184,-0.006805044347558464,-0.001087983952821503,0.0114689904208225,0.03178985884624286,0.36032356177585334,98.63612,99.10558,-0.19,7.061999797821045
2020-03-26,-0.08031493846071402,-0.10968738015311175,0.010845784249569945,0.10974019971186166,-0.011706582769096419,0.003629721324934887,-0.01626219180094335,-0.033042910781064805,0.06054383107424677,0.08763692895008823,0.36066587378097414,98.63612,99.10558,-0.24,7.113500118255615
2020-03-27,-0.04943196923707527,-0.04188140821745723,-0.016005198817997446,0.09008953377793105,-0.004994297806900971,0.002962967706800934,-0.010617374803561397,-0.044243976213702574,-0.03426784554162676,0.09769670746182868,0.3602440582633611,98.63612,99.10558,-0.22,7.0731000900268555
2020-03-30,-0.06829576749829736,-0.15080299766603034,-0.0011707228298982741,0.03449699231933767,-0.0160591136883661,0.019853516953904693,0.008200476692379333,-0.03282882786218799,0.032966590569975196,0.16039479904138076,0.3613871891782675,98.63612,99.10558,-0.25,7.095300197601318
2020-03-31,0.01922659139750582,-0.15902164194636814,-0.024085506519266886,-0.047363598453853406,0.0354421782560691,0.019155523887043002,-0.001311580183141814,-0.02679571444282569,-0.01614231078841577,0.05456925573500193,0.37856862877908654,98.63612,99.10558,-0.17,7.0991997718811035
2020-04-01,-0.008335428522575405,-0.18715151232115623,-0.0032895230082807814,-0.03370516692587344,-0.02166154106513163,-0.018979357073426018,0.0062399066533576075,-0.01375076344190962,-0.04514636273278683,-0.0020460974186073955,0.38191031634921174,89.62408,92.89221,-0.29,7.081399917602539
2020-04-02,0.22048123592623003,0.11364466206578783,0.029653536057228536,-0.014897415118214852,0.018531661736177152,0.011258887431847553,0.005103860367552393,0.0076152887265861224,0.02257265705696021,-0.04001727143589395,0.39029893140178745,89.62408,92.89221,-0.4,7.099299907684326
2020-04-03,0.11267965442350292,0.275756285726366,0.004908888939362477,0.006016672639145071,-0.010353458004733751,0.005899727234014773,0.003984877973031153,0.022217541503178673,-0.015252860825945014,-0.021002286720212204,0.3902863328529024,89.62408,92.89221,-0.46,7.083199977874756
2020-04-06,-0.08310550551365159,0.2609465477110118,0.026159131678807235,0.03334652714785058,0.011248648337805145,0.03320748926018602,0.001093065225506784,0.015110130036306124,0.06796824414483105,0.013999366854643647,0.39547973943012543,89.62408,92.89221,-0.47,7.091300010681152
2020-04-07,-0.09865167844984546,0.1430682778636605,-0.007301457414060408,0.05013057625305706,0.02365543082064181,0.021420741824758727,-0.007076314612808332,0.009345395606639606,-0.0016043390483631015,0.028537338594696315,0.40612861809727446,89.62408,92.89221,-0.42,7.091300010681152
2020-04-08,0.05995231077672747,0.21135601716296337,0.00036032405214925234,0.05378042331348709,-0.004598695849448831,0.038483587040441525,0.0013992944349991987,0.004504783388281197,0.033489371191285144,0.10717307251876829,0.4049206631008007,89.62408,92.89221,-0.42,7.0447998046875
2020-04-09,-0.09746474714550324,-0.1065899659087699,0.041633439372849246,0.0657603266291078,-0.0002196036341189922,0.01973232167014538,-0.006010898736851011,-0.006609975716122207,0.014383470303699575,0.09898388576550765,0.4050262942836543,89.62408,92.89221,-0.5,7.064899921417236
2020-04-13,-0.015497338310533681,-0.2347669586428065,0.004941175038212897,0.06579261272795822,0.01870432284786061,0.04879010252273974,-0.0017096416204172016,-0.012304495309570562,-0.010156059444677012,0.10408068714677565,0.4118135269795705,89.62408,92.89221,-0.5,7.035099983215332
2020-04-14,-0.10829004686870602,-0.25995149999786094,0.006797057351607627,0.046430538400758614,0.01135523198222499,0.048896686167159586,-0.0046408385293315035,-0.01803839906440885,0.03011455957230691,0.06622700257425151,0.41488777663837506,89.62408,92.89221,-0.53,7.051599979400635
2020-04-15,-0.012006135335280277,-0.17330595688329575,-0.016935449293475457,0.036796546521343565,-0.014808676891256423,0.010432578455261354,0.005747428971737634,-0.005214655479862884,-0.022276732672368738,0.04555460895024588,0.40454712454794284,89.62408,92.89221,-0.56,7.048299789428711
2020-04-16,0.0,-0.23325826766002322,-0.003944735829988666,0.03249148663920565,-0.003465412532233869,0.011565861772476316,0.005714584712107396,-0.0008993652027546872,0.005799837839541411,0.017865075598502145,0.3859641205523256,89.62408,92.89221,-0.42,7.066500186920166
2020-04-17,-0.0839507033545317,-0.21974422386905168,-0.0183018209467809,-0.0274437736804245,0.02103975698186933,0.03282522238846464,-0.0025023785947739796,0.0026091549393223445,0.026440932021320585,0.029922537316123154,0.2994662138449433,89.62408,92.89221,-0.36,7.078800201416016
2020-04-23,0.1801421346990204,-0.1858507178933948,0.002657481434712672,0.007470298017374866,0.002800720266081136,0.008426010232938097,0.00039837582030788354,0.003990841650219679,-0.0005395676601960275,-0.0006252959084172005,0.2749076019114598,89.62408,92.89221,-0.44,7.083099842071533
2020-04-24,0.026317339843796805,-0.0755826746950663,-0.005670027160958213,0.020102091803197553,0.010274134981257954,-0.0023396117676732775,-0.0004980135789969253,0.005995206665996733,0.013822090566839584,-0.0132441373628982,0.2718055296930152,89.62408,92.89221,-0.51,7.065199851989746
2020-04-29,0.199196219392193,0.08882400402722723,-0.004159457378130504,-0.014743384643637114,-0.0018933054046947895,0.024297836429975184,-0.0030084564215586695,-0.008201683288574735,0.026236704045073722,0.048869924942969156,0.2597490762224553,89.62408,92.89221,-0.51,7.078100204467773
2020-04-30,0.2239400270126204,0.13262189634082722,-0.011335623435517306,-0.02873648951386709,-0.008670856538546712,0.012826259625347336,-0.0055390953033516155,-0.014139154412234234,-0.00925514331905486,0.040154349284110324,0.23745471916789052,89.62408,92.89221,-0.43,7.075399875640869
2020-05-01,0.04868908366133429,0.1549936401583647,0.0060970674430942395,-0.01696939490981464,-0.015195604782488048,-0.012643480138398666,-0.0022241803896463352,-0.015865321222883644,-0.02846021101477625,-0.0021279522975055087,0.23015584574815137,95.55644,94.42844,-0.42,7.061299800872803
2020-05-04,0.03037319374379921,0.4671631265973799,0.007291162026341169,-0.0029250049686693202,0.002369345157140712,-0.024650670016215237,0.006859017037953663,-0.005613462481019127,0.004240822578849723,-0.01249399790039174,0.22281552297461135,95.55644,94.42844,-0.43,7.061500072479248
2020-05-05,0.18607452688142878,0.6882730506913757,-0.0014657171235512578,-0.0035725684677636593,0.0072884346234645125,-0.016101986945124325,0.0023093109787888366,-0.0016034040978141206,0.008999935197779863,0.0017621074878721998,0.21893623954111935,95.55644,94.42844,-0.44,7.061500072479248
2020-05-06,-0.023482014223039638,0.46559481707614303,-0.011922512345884151,-0.011335623435517306,0.004900353533281776,-0.00930832800714776,0.003803780983961502,0.005208833307706051,-0.00700388039904265,-0.03147847695624417,0.21692359698480237,95.55644,94.42844,-0.38,7.061500072479248
2020-05-07,-0.01851127924503837,0.22314351081848427,0.022079638978609317,0.022079638978609317,0.013930150522708296,0.013292679054107248,-0.0020001702089409434,0.008747758402116723,0.0114389557548904,-0.010784377882298912,0.2073436132728884,95.55644,94.42844,-0.45,7.103600025177002
2020-05-08,0.049295569647006765,0.22374999680415675,-0.00693538005000871,0.009047191485506367,0.00959540208928733,0.03808368592588263,-0.0016030063598266864,0.009368932431936372,0.016730795065226012,0.03440662819770335,0.2075019450088475,95.55644,94.42844,-0.43,7.083799839019775
2020-05-11,-0.02455116732729401,0.16882563573306353,-0.008575158426649132,-0.006819128967483934,-0.011063670752526678,0.024650670016215237,0.005100721202659919,0.007610636596642628,0.00013306936679136072,0.030298874985644986,0.21272774188564317,95.55644,94.42844,-0.4,7.0731000900268555
2020-05-12,0.06572883376029592,0.04847994261193067,0.005353411843932676,0.0,-0.009066955907762742,0.008295279484987983,-0.0030973453490608094,0.002203980268792982,-0.020713365772047965,0.0005855740158171585,0.2071548009320717,95.55644,94.42844,-0.4,7.0980000495910645
2020-05-13,-0.019189927262821538,0.05277202957214877,0.005558332693372137,0.017480845039256288,-0.004883806280623126,-0.0014888803289169195,0.0030973453490608094,0.0014975446338922893,-0.01761699662428029,-0.010027542209420481,0.2043619441776687,95.55644,94.42844,-0.43,7.082099914550781
2020-05-14,0.08595632988442636,0.1572396387016135,0.014021058879757575,0.009422264940404546,0.0008511036427771845,-0.01456792720884803,0.0022918983474946586,0.005789613190327891,0.011458917804072044,-0.010007580160238838,0.19709552436880792,95.55644,94.42844,-0.43,7.091300010681152
2020-05-15,0.06564914584746884,0.17359321490207558,0.008764225555300875,0.02512187054571413,-0.007471552402105286,-0.03163488170024065,-0.0006969651685233558,0.006695654381631222,0.003918675203722799,-0.02281970002174205,0.19866671274603323,95.55644,94.42844,-0.45,7.094699859619141
2020-05-18,0.0780804407040212,0.2762248229333908,-0.012395415869612236,0.021301613102751027,0.030180644487930453,0.009609433540216483,-0.0072975118474332135,-0.005702578668461911,0.031015208770073244,0.008062439381539832,0.21255699246056578,95.55644,94.42844,-0.44,7.101200103759766
2020-05-19,0.02114507601674198,0.23164106518983685,0.007134611589603601,0.023082812848421952,0.007456590319230627,0.026132979767209852,-0.0030144257249693496,-0.005619659044370451,-0.010539747711598935,0.018236057441988862,0.21095882643900327,95.55644,94.42844,-0.45,7.10860013961792
2020-05-20,0.03000684758886729,0.2808378400415257,0.0036626025539083784,0.021187082708958194,0.01819899874986519,0.04921578479769817,-0.0025190198526710006,-0.01123602424610226,0.016513990613415075,0.05236704467968423,0.18534104529870968,95.55644,94.42844,-0.48,7.098199844360352
2020-05-21,0.012757820017576638,0.20763933017467595,-0.01734362611469109,-0.010177602285490472,-0.006301502328317721,0.042063178826603265,0.0025190198526710006,-0.011008902740925919,-0.007803968309953113,0.03310415856565907,0.17645226672072167,95.55644,94.42844,-0.46,7.09250020980835
2020-05-22,-0.01994998984027241,0.1220401944869347,0.008161878938070188,-0.01077994890272116,-0.017692288023522407,0.031842443205186144,0.0049189263013120765,-0.0053930112710904865,0.002350945686812267,0.03153642904874854,0.19004193733043048,95.55644,94.42844,-0.46,7.114299774169922
2020-05-26,0.03254720714498305,0.07650696092789655,-0.01732899474964178,-0.015713527782750702,0.012171376066252848,0.01383317478350854,-0.009558828408124498,-0.007654327831781771,0.012214285021459936,0.01273550530013523,0.1912290785829527,95.55644,94.42844,-0.44,7.135700225830078
2020-05-27,-0.04586858541796923,0.009493299493185337,0.0032209918291323802,-0.019627147543221923,-0.014873240308350577,-0.008496655844072665,0.0015153197379476069,-0.0031245823688648144,0.014718447490315256,0.03799370050204942,0.19381881214140262,95.55644,94.42844,-0.46,7.134099960327148
2020-05-28,0.027061113258167513,0.006547565162485558,0.0017525415832908564,-0.021537208513839445,0.004361004771189059,-0.022334649822748798,-0.0068881990652585046,-0.007493761581452318,-0.0021101393249196576,0.01936957056371469,0.19418699199910522,95.55644,94.42844,-0.48,7.1682000160217285
2020-05-29,0.051456511865436205,0.045246257010345126,0.013680565277693013,0.009486982878544659,0.005579092755327086,-0.01045405473910399,-0.00040667870457333777,-0.010419460138696657,0.0048007935523077805,0.03197433242597558,0.19466603531299165,95.55644,94.42844,-0.5,7.145199775695801
2020-06-01,-0.0014099269653478075,0.06378631988526973,0.000518044386692118,0.0018431483271665883,0.019588407851699685,0.0268266411361181,-0.005199527558490402,-0.020537913998499135,0.003744216478363427,0.03336760321752674,0.20141616943321822,98.72726,96.29358,-0.52,7.136300086975098
2020-06-02,0.03792849771134854,0.06916761045163522,-0.007277016031961736,0.011895127044846632,0.008049945454515095,0.022705210524380348,-0.0016368664740111782,-0.012615952064385816,0.008177307282400292,0.0293306254784671,0.19172577952513162,98.72726,96.29358,-0.5,7.126699924468994
2020-06-03,0.012955634043798625,0.12799182991340308,-0.016009633407297663,-0.007335498191583412,0.0008014801011313466,0.03837993093386227,-0.004001025042514428,-0.01813229684484785,0.013556670812562288,0.02816884880071413,0.19191748329194988,98.72726,96.29358,-0.44,7.099899768829346
2020-06-04,0.0032128255389749505,0.10414354219421051,0.01235124147390465,0.0032632016990303825,-0.0014029402878716901,0.03261598587480152,-0.00618684667767333,-0.017430944457262676,-0.0033743890836088752,0.026904599042024913,0.19206569377875127,98.72726,96.29358,-0.4,7.114699840545654
2020-06-05,0.055627630641903014,0.10831466097067732,-0.025155268002861497,-0.03557263158152413,0.02534784894310127,0.05238474206257571,0.00268569661010698,-0.014338569142582358,0.025874012821637038,0.04797781831135417,0.2070938980850689,98.72726,96.29358,-0.36,7.1092000007629395
2020-06-08,-0.034992009645173905,0.07473257829085123,0.013098481927345418,-0.022992194040870828,0.005071207205734063,0.037867541416610084,-0.003306468049043332,-0.012445509633135288,0.01196965640580494,0.056203258238795684,0.2039753606705886,98.72726,96.29358,-0.4,7.080999851226807
2020-06-09,0.01944829939922199,0.056252379978724676,0.009610330246712984,-0.006104847762196108,0.011797902372882696,0.041615498334977685,-0.0031098091607431044,-0.013918452319867214,-0.007829743419721424,0.04019620753667397,0.20493861895407836,98.72726,96.29358,-0.42,7.070300102233887
2020-06-10,0.016807115050932353,0.060103860985858404,-0.0008167458702272867,0.009088039774874268,0.021493915880401504,0.06230793411424784,-0.003744549961382404,-0.01366197723873519,-0.0053272557351817795,0.0213122809889299,0.20650909589698177,98.72726,96.29358,-0.52,7.076300144195557
2020-06-11,-0.08591001256121711,-0.029018977114333655,0.010855446283994041,0.007592244584963659,-0.026892108008123694,0.03681876639399584,0.007992198467841938,0.0005170679067800776,-0.060752692996288715,-0.03606602292374994,0.22993192925540668,98.72726,96.29358,-0.55,7.059999942779541
2020-06-12,-0.002203908129980281,-0.08685051588621695,-0.0015600795547294766,0.03118743303309568,0.005782631768605162,0.01725354921949973,0.006080887880907326,0.003912259177580424,0.012976286605210774,-0.048963749140176205,0.22748829058744674,98.72726,96.29358,-0.5,7.0640997886657715
2020-06-15,0.02344072010640197,-0.028417786134641077,-0.005218007981163453,0.012870943124586809,-0.012766127683110029,-0.000583785669344361,-0.006597955787687404,0.0006207714389363517,0.008277860818175498,-0.05265554472780565,0.23527084262443157,98.72726,96.29358,-0.52,7.082399845123291
2020-06-16,0.033380639266205936,-0.014485446267657132,0.005391431183017659,0.008652044060891484,-0.000973827015301354,-0.013355515057528411,0.002891953886846821,0.006622534486526277,0.018784852866710722,-0.0260409484413735,0.23226211500874316,98.72726,96.29358,-0.52,7.090799808502197
2020-06-17,-0.011003568786034812,-0.0422961301046243,-0.00023130821343642083,0.00923748171768235,0.010081521186550146,-0.02476790975137977,0.002060628946820131,0.012427713394728812,-0.0036067962326296055,-0.024320488938821327,0.21400408351473293,98.72726,96.29358,-0.52,7.085999965667725
2020-06-18,0.02291769772823704,0.06653158018482985,-0.002547715531949102,-0.004165680098260793,-0.00038584893545468013,0.0017383493212892454,0.0026723677574223004,0.007107882684309175,0.0005940434038027576,0.037026247461270145,0.21393186111445878,98.72726,96.29358,-0.57,7.084499835968018
2020-06-19,0.023159193748589324,0.09189468206339946,0.012159065950263503,0.009553465406732187,0.009220168665811546,0.005175886218495629,0.002050909011518165,0.0030779038149200133,-0.0056655135656740185,0.018384447290385353,0.20817961295146484,98.72726,96.29358,-0.6,7.088399887084961
2020-06-22,0.017703968011296478,0.08615792996829397,0.006166825249584562,0.0209382986374802,0.015368835295534344,0.03331084919714,-0.005959144524114279,0.003716715078493138,0.006474093296658268,0.016580679768868123,0.2098166116919417,98.72726,96.29358,-0.63,7.071300029754639
2020-06-23,-0.002226900704931367,0.050550389997156664,0.008728248980421682,0.024275116434884225,0.0016932186014246842,0.03597789481386604,-0.003613264325042387,-0.0027885031333960697,0.004298169191484291,0.0020939960936416924,0.1950254790867613,98.72726,96.29358,-0.66,7.067399978637695
2020-06-24,-0.06023766956410759,0.0013162892190838882,-0.003561397084781426,0.02094502756353922,-0.0035778313068887124,0.02231854232042718,0.004746181784582859,-0.00010295029563334168,-0.02619526559566232,-0.020494473269391023,0.19507429597442508,98.72726,96.29358,-0.64,7.057400226593018
2020-06-25,0.018507055092201075,-0.003094353416952078,-0.0020976074000182976,0.021395135695470024,0.0045171714628945425,0.027221562718776404,0.002877983039636156,0.00010266498658051404,0.010899827728216849,-0.010188688944976931,0.18264286948654287,98.72726,96.29358,-0.65,7.077199935913086
2020-06-26,-0.005957783031278474,-0.032211330196819876,0.005884713686692855,0.015120783431899376,0.003561734759798818,0.021563128812763677,0.0007182034342942956,-0.0012300405906433554,-0.024525204274830514,-0.029048379654133427,0.18269318969860832,98.72726,96.29358,-0.68,7.077199935913086
2020-06-29,0.030952696007242153,-0.0189626022008742,0.0012967886103742998,0.010250746792689114,0.0028030184150020787,0.008997311932231411,0.0004101816642787526,0.0051392855977496765,0.01457888811353314,-0.020943584837258555,0.18280763079766274,98.72726,96.29358,-0.7,7.077199935913086
2020-06-30,-0.010890326664015682,-0.027626028159958516,0.010202426588476143,0.011724924400743575,0.012609074564662759,0.019913167895469486,-0.001539029962058791,0.007213519960733272,0.015292349435755526,-0.009949404592987321,0.1771683509157613,98.72726,96.29358,-0.68,7.079599857330322
2020-07-01,0.013908410725421039,0.04652005212957011,-0.011104398270962434,0.004181923214562566,0.001289010295979387,0.024780009498337585,-0.0019528496363134806,0.0005144885398369325,0.0050095639758716,0.0212554249785466,0.17695669355355717,99.77036,97.85164,-0.68,7.0644001960754395
2020-07-02,0.020629582558647108,0.048642579596016144,0.006072237805784475,0.012351768420365339,0.006054507496220607,0.02631734553166365,0.0012338347098168612,-0.0011296597899823624,0.004530970476816165,0.014886567727145916,0.17667008000848014,99.77036,97.85164,-0.73,7.070099830627441
2020-07-06,-0.0004921372423485337,0.054108225384946085,0.0025192455591174223,0.008986300292789906,0.011819404216791396,0.03457501498865623,-0.005460822159623291,-0.007308685383899949,0.015756930832163007,0.05516870283413944,0.17721119501206523,99.77036,97.85164,-0.76,7.065400123596191
2020-07-07,-0.000246206431532503,0.02290932294617143,0.008739973459877426,0.016429485142293032,0.007742857608460829,0.03951485418211498,0.0009293782745833923,-0.006789488773595309,-0.010877477869643215,0.029712336850963084,0.1614710075353094,99.77036,97.85164,-0.78,7.017300128936768
2020-07-08,0.006869570499373534,0.040669220109560644,0.006243658695440857,0.012470717249257746,0.009639556554876805,0.036545336172329024,-0.004655711207452562,-0.00990617001898908,0.0077969862634308384,0.022216973678638396,0.16258529500803404,99.77036,97.85164,-0.75,7.012899875640869
2020-07-09,-0.0317960860448947,-0.005035276660755095,-0.009018817348082742,0.014556298172137438,0.004785113185995504,0.04004143906234514,0.0027960112131895087,-0.005157309169486091,-0.005659591476195658,0.011547818226571138,0.1603245237848774,99.77036,97.85164,-0.77,7.003499984741211
2020-07-10,0.023201747435225517,-0.002463111784176686,-0.0005559571095261617,0.007928103256826802,0.0206481574356141,0.054635089001738635,-0.0005171494582061342,-0.006908293337509086,0.010411809774444336,0.01742865752419931,0.15918401556498885,99.77036,97.85164,-0.76,6.993100166320801
2020-07-13,-0.011159465485959252,-0.013130440027787404,0.0070930414866312574,0.012501899184340637,0.01887166260647155,0.06168734739141879,-0.0019678162924536835,-0.0034152874703394787,-0.009406645216058607,-0.007734918524022305,0.122061446938734,99.77036,97.85164,-0.78,6.992000102996826
2020-07-14,0.004727025666014573,-0.008157207930240329,-0.0002209103260355505,0.0035410153984276604,-0.008876816147913358,0.0450676736350446,-0.0020755190823020797,-0.006420184827224951,0.013317300582903258,0.016459859928524168,0.13269161235283133,99.77036,97.85164,-0.78,6.996399879455566
2020-07-15,0.022334952946734266,0.007308174517120403,0.0004417718614782018,-0.0022608714355349946,-0.01572651501777611,0.019701602062391688,-0.001871689237926688,-0.0036361628576990768,0.009041056936354153,0.017703930601447482,0.138094278657451,99.77036,97.85164,-0.77,6.995800018310547
2020-07-16,-0.010982435186556838,0.028121825375458265,-0.007035885831272459,-0.00027793991872471224,0.005385170742135736,0.02030165961853192,0.002806182194208695,-0.0036259918766798904,-0.003411915214114103,0.019951606863529037,0.13620186540750584,99.77036,97.85164,-0.79,6.987800121307373
2020-07-17,-0.003934105076816685,0.0009859728634160625,0.0053230498055762965,0.005601066996377746,0.0005196604286434869,0.00017316261156130608,-0.004264357502404614,-0.0073731999208783705,0.0028445625875832548,0.012384359676667955,0.13626207980510166,99.77036,97.85164,-0.82,6.9882001876831055
2020-07-20,0.005405448458504658,0.017550886807879973,0.004194021617198729,0.0027020471269452173,0.003802257591055458,-0.014896242403854787,-0.0011472140581441082,-0.006552597686568795,0.008371797255140478,0.03016280214786704,0.13488710263268266,99.77036,97.85164,-0.84,6.991199970245361
2020-07-21,0.02778957864048648,0.04061343978235188,0.014487856747344985,0.017410814200325753,0.014556304430750178,0.008536878174808749,-0.007436526205551353,-0.011913604809818068,0.0016776293345603932,0.018523130899524176,0.13805046534956136,99.77036,97.85164,-0.87,6.9822998046875
2020-07-22,-0.0014308983637967287,0.016847588471820885,0.011709267020526326,0.028678309359373877,-0.011112185097918337,0.013151208094666522,-0.0015782161490154323,-0.011620131720906812,0.00573063059447243,0.015212704557642454,0.14474208635630448,99.77036,97.85164,-0.88,6.979700088500977
2020-07-23,-0.020007942807407364,0.007822080850970359,0.013322162460929654,0.04903635765157599,0.005486052702124322,0.013252090054655108,-0.002952641329870609,-0.017378955244986116,-0.012396378412246278,0.006228241359510278,0.1444663884271729,99.77036,97.85164,-0.9,6.998700141906738
2020-07-24,0.005342441533257691,0.017098627461044735,0.00433133636651295,0.048044644212512644,-0.014639034999461842,-0.0019066053734502209,-0.002643685709843524,-0.015758283452425026,-0.006209640024275487,-0.0028259612523484634,0.1568257655444548,99.77036,97.85164,-0.92,7.0030999183654785
2020-07-27,0.007479768516335916,0.019172947518875993,0.017606154822842335,0.06145677741815625,0.002079738004912901,-0.0036291249595927777,-0.008186790395604326,-0.022797859789885244,0.007367928821482295,-0.003829829686006647,0.15694927725094096,99.77036,97.85164,-0.9,7.01609992980957
2020-07-28,-0.013552907416750415,-0.0221695385383609,0.007069694974014773,0.05403861564482604,0.005869155462043141,-0.012316273928299815,0.0009604009396220192,-0.014400932644711872,-0.0064944354186469155,-0.012001894439213956,0.15709539033242328,99.77036,97.85164,-0.92,6.993199825286865
2020-07-29,0.00558863168572854,-0.015150008488835631,0.004514937092595872,0.046844285716895584,0.00017208975807636584,-0.001031999072305112,-0.005347034326374178,-0.01816975082207062,0.01235178335174325,-0.005380741681943135,0.15760754685723383,99.77036,97.85164,-0.95,6.99970006942749
2020-07-30,-0.033258449281254876,-0.028400514962683143,-0.005749772517706475,0.027772350738259455,-0.00034420913613519843,-0.006862260910564633,-0.0025768265787045053,-0.017793936070904515,-0.003757301763455345,0.003258334966847798,0.15490763302730778,99.77036,97.85164,-0.97,7.00029993057251
2020-07-31,0.008729380655565944,-0.02501357584037489,0.010499187115099673,0.03394020148684618,-0.01578935907837753,-0.00801258498948032,0.005039968145744034,-0.010110282215316957,0.007641236242175609,0.017109211233298893,0.16833214199869614,99.77036,97.85164,-1.0,7.007299900054932
2020-08-03,0.018209112245010317,-0.01428423211170049,0.0016289716145934108,0.017963018278597254,0.01699365504886252,0.0069013320544693,0.00010698044124612949,-0.001816511378466501,0.007155362664359899,0.016896645076176497,0.1754194383847572,99.77036,97.85164,-1.02,6.9741997718811035
2020-08-04,0.016685248624930704,0.01595392392998063,0.01774595450751537,0.028639277812097852,-0.006382113936907574,-0.005349937344481415,-0.001284276164809306,-0.004061188482897826,0.0036054230261335363,0.02699650352095695,0.1751509350555463,99.77036,97.85164,-1.05,6.979400157928467
2020-08-05,0.01168204648542659,0.022047338729678678,0.014830529962694072,0.03895487068219605,0.007584961322957495,0.0020629342203997147,-0.005907276993174726,-0.004621431149698374,0.006409160435516981,0.02105388060473068,0.17508745534536757,99.77036,97.85164,-1.06,6.972700119018555
2020-08-06,-0.00570474248600128,0.049601045524932275,0.009993726704919936,0.054698369904822464,-0.0020629342203997147,0.00034420913613519843,-0.0004309979049095247,-0.0024756024759033934,0.006407126020665288,0.031218308388851312,0.17339971696583265,99.77036,97.85164,-1.08,6.934599876403809
2020-08-07,-0.017554846023437598,0.023316818845928733,-0.020386772968586264,0.023812409821136526,-0.04038470562406937,-0.024251137409556645,0.006980659976232317,-0.0005349106454151098,0.0006328292699571136,0.024209901416632817,0.22545337570348983,99.77036,97.85164,-1.04,6.952400207519531
2020-08-10,0.017316387652937415,0.02242409425385583,0.007088912486167942,0.029272350692711058,0.02407624846713352,-0.017168543991285645,0.0014971597968207462,0.0008552687101595069,0.0027384652733921655,0.019793004025665084,0.22980189530476935,99.77036,97.85164,-1.02,6.9670000076293945
2020-08-11,-0.007899455066354477,-0.0021606094374293505,-0.046407138467370324,-0.03488074228217464,0.00471163082427406,-0.006074799230104011,0.0005341106115732686,0.0026736554865420814,-0.008001055401377855,0.008186525598153693,0.21980078313323953,99.77036,97.85164,-0.99,6.9608001708984375
2020-08-12,0.02515551662467974,0.011312860701823801,0.0011894242271690558,-0.048521848017699654,0.005209285869518299,-0.008450474683543208,-0.0020312704083940147,0.006549662071322793,0.013899502293613253,0.015676867456249965,0.21897362888945157,99.77036,97.85164,-0.98,6.945300102233887
2020-08-13,-0.010128375153481084,0.006889228034343997,0.011203697670107537,-0.04731187705251205,-0.02917099594950634,-0.03555853641264983,-0.001070843920395248,0.005909816055837069,-0.0020492726761567326,0.007220468759427945,0.23512848844914191,99.77036,97.85164,-0.96,6.936200141906738
2020-08-14,-0.0054600339071275705,0.018984040150654025,-0.010118971422733658,-0.037044075506659446,0.018375091977156144,0.023201261188575684,-0.002574533394240852,-0.0036453773146361,-0.00017189739627809786,0.006415742093192733,0.24380001420795122,99.77036,97.85164,-0.94,6.943600177764893
2020-08-17,0.02073103907085505,0.02239869156857166,0.024478529714294872,-0.019654458278532516,0.014598818778809752,0.013723831500251915,-0.0026888965284355137,-0.00783143363989236,0.002706177507423746,0.006383454327224314,0.24935523806723703,99.77036,97.85164,-0.97,6.949399948120117
2020-08-18,0.0,0.030298146634926137,0.007228233622484481,0.03398091381132229,0.02487773715807773,0.03388993783405558,-0.006266246156081401,-0.01463179040754703,0.002300740419816094,0.016685250148418262,0.2635066094657261,99.77036,97.85164,-1.01,6.93179988861084
2020-08-19,0.0009322050469902088,0.006074835057236605,-0.020566184811920962,0.01222530477223227,0.01602708669985753,0.044707738664394814,0.006696965619910067,-0.005903554379242948,-0.004414123345181764,-0.0016283754903767544,0.264494988818557,99.77036,97.85164,-0.99,6.92080020904541
2020-08-20,-0.00818618687712691,0.008017023333590778,-0.012793958632575375,-0.011772351530450642,-0.016363705966904174,0.05751502864699698,-0.0010771055969893695,-0.005909816055837069,0.003153654768345504,0.003574551954125482,0.2681866242023462,99.77036,97.85164,-0.97,6.9191999435424805
2020-08-21,-0.005652433157435688,0.00782462408328266,0.0004135698294724932,-0.0012398102782444909,-0.019206830624312277,0.01993310604552856,0.004945173292177252,0.0016098906305810345,0.0034351999829738133,0.007181649333377393,0.2764908601607647,99.77036,97.85164,-1.0,6.91480016708374
2020-08-24,0.006591332298519159,-0.006315082689053231,-0.003573017054938177,-0.02929135704747754,0.0030842466453611106,0.008418533912079917,0.000536082038459007,0.004834869197475555,0.009993615364901842,0.01446908719085549,0.27158522480466357,99.77036,97.85164,-1.02,6.918499946594238
2020-08-25,0.01698306641838876,0.010667983729335528,-0.008282324903756688,-0.04480191557371871,0.0029042813077739815,-0.01355492193822383,-0.0030056528547328654,0.00809546249882409,0.003589899745540137,0.015758246516579533,0.2716543740034836,99.77036,97.85164,-1.01,6.918900012969971
2020-08-26,0.000922317716120169,0.010658096398465489,0.01500347538793445,-0.009232255373863296,0.00967670050699021,-0.01990530813109115,-0.00010745048552518455,0.0012910463933888394,0.010144001344842835,0.03031637120660413,0.2728840155262714,99.77036,97.85164,-1.03,6.911900043487549
2020-08-27,-0.008099048618543492,0.010745234657048908,-0.009890547937341232,-0.006328844678629153,0.0018566432182376413,-0.001684958945949333,0.0,0.002368151990378209,0.0016716460318093596,0.028834362470067987,0.2728909507467384,99.77036,97.85164,-0.99,6.884900093078613
2020-08-28,-0.0016277109299069892,0.014769956884577606,0.02213049019313118,0.015388075685029534,0.010067189855021974,0.027589061533384918,-0.006904756883040264,-0.009481778184839307,0.006710002849569463,0.032109165336663636,0.27463914964071284,99.77036,97.85164,-1.03,6.889200210571289
2020-08-31,-0.008413244359207983,-0.00023461977314953586,0.001525863699362695,0.020486956439330406,0.01524217896023461,0.039746993848258416,-0.0024931274554909066,-0.01251098767878922,-0.0021973751755091087,0.019918174796252686,0.27109477386175146,99.77036,97.85164,-1.08,6.8643999099731445
2020-09-01,0.003514065067684591,-0.013703621123853704,0.0003048811432240228,0.029074162486311117,-0.010412411438438074,0.02643030110204636,0.0021682245362759645,-0.007337110287780391,0.007496831420706229,0.023825106471418778,0.2698123984913247,101.9215,98.8653,-1.08,6.847700119018555
2020-09-02,-0.02966872527393738,-0.04429466411391125,-0.017322181174838747,-0.0032514940764620803,-0.002162164890733065,0.014591435704323086,0.005507893945037701,-0.0017217658572175054,0.015249050143870235,0.02893015527044618,0.26862613244098765,101.9215,98.8653,-1.07,6.827499866485596
2020-09-03,-0.003378366974981173,-0.039573982470348934,-0.003521520380874499,0.003117533480004653,-0.01509845039870683,-0.0023636579126213864,-0.0011854154362120894,-0.002907181293429595,-0.03575759414218638,-0.008499084903549559,0.2739479144893854,101.9215,98.8653,-1.02,6.837299823760986
2020-09-04,-0.03944308392485052,-0.07738935546529246,-0.0019213045878458956,-0.020934261300972423,0.029480034473963412,0.017049186706320052,-0.0002156437317220039,0.003781931857888665,-0.008166280754274169,-0.02337536850739319,0.2911141006720755,101.9215,98.8653,-0.98,6.845799922943115
2020-09-08,-0.07870261890253127,-0.14767873000861576,0.0047188116955227954,-0.017741313304812323,-0.011223065417682143,-0.0094160576715967,0.008163333384396232,0.014438392697775804,-0.028148829086466876,-0.04932682241835096,0.2522227199907421,101.9215,98.8653,-0.99,6.829500198364258
2020-09-09,0.03449081242937968,-0.11670198264692067,0.006034498194198434,-0.012011696253837911,0.009087188224391252,0.010083541991232625,-0.0023562312950149433,0.009913936866484896,0.019944760662180983,-0.036878893176876204,0.2420641775414204,101.9215,98.8653,-1.0,6.845099925994873
2020-09-10,-0.019907758061094682,-0.10694101543407797,0.004873179121466009,0.010183664042466845,-0.017587967467110666,-0.005342260585144976,0.0008573870012291707,0.005263429922676366,-0.017741245925396498,-0.06986918924614294,0.25211497322955634,101.9215,98.8653,-1.01,6.8317999839782715
2020-09-11,0.0008040357813494659,-0.10275861267774733,-0.00842754337538043,0.005277641047960913,0.015612319120027252,0.025368508933589107,-0.00010708209078647002,0.006341763268101985,0.000532930158087197,-0.03357866494586936,0.2563906510229248,101.9215,98.8653,-0.98,6.8333001136779785
2020-09-14,-0.001877021850955174,-0.06519255060385198,0.007864507194070391,0.0150634528298772,0.010654974767327241,0.006543449226952935,-0.0027897242781715903,0.003767682721652399,0.0126613350250242,-0.012751049166570994,0.23047674726589604,101.9215,98.8653,-0.97,6.833399772644043
2020-09-15,0.027007214569933158,0.04051728286861245,0.0016371176840062063,0.01198175881836061,-0.0011420132708046538,0.016624501373830425,-0.00021487903340045023,-0.004610529696144283,0.005205785930499474,0.020603565850395356,0.22527538575213035,101.9215,98.8653,-0.99,6.809100151062012
2020-09-16,0.0479439368880179,0.05397040732725067,0.0019915248986208667,0.007938785522783043,-0.0016336798210392356,0.005903633328399938,0.0017179863656382466,-0.0005363120354910933,-0.00462964689215184,-0.003970841703937467,0.22204087399194317,101.9215,98.8653,-0.99,6.780300140380859
2020-09-17,0.01996864976985302,0.09384681515819837,-0.010358510867938264,-0.007292904466621231,0.0027756930918438893,0.026267293887354493,-0.002578128653023093,-0.003971827689743357,-0.008447949528552101,0.0053224546929069305,0.20672031215335218,101.9215,98.8653,-0.97,6.753699779510498
2020-09-18,0.003411294402750009,0.09645407377959891,0.0062177306051101056,0.007352369513869306,0.01521070402191027,0.025865678789237512,-0.0004303487446621901,-0.004295094343619077,-0.011245576947828795,-0.006456052413009061,0.20601591486934664,101.9215,98.8653,-0.97,6.764100074768066
2020-09-21,-0.0447724413879067,0.053558654242647386,-0.026420463605422384,-0.02693260128562347,-0.027349941390663712,-0.012139237368753442,0.006542637232110238,0.005037267166662751,-0.011638564027299125,-0.030755951465332387,0.22096970014192954,101.9215,98.8653,-0.94,6.76800012588501
2020-09-22,0.007350105359468007,0.033901545032182234,-0.0013684804683453677,-0.029938199437975044,0.00969047823565461,-0.0013067458622941786,0.00479920881864615,0.010051355018709351,0.010463016398377434,-0.025498720997454427,0.21017558910765038,101.9215,98.8653,-0.94,6.803699970245361
2020-09-23,0.008298848989760632,-0.005743542866075035,-0.020594023641089976,-0.052523747977685886,-0.021644800685149512,-0.021317866726404455,0.004246757966643422,0.012580126619714527,-0.0240073389143749,-0.044876413019677486,0.2259119617849241,101.9215,98.8653,-0.92,6.77839994430542
2020-09-24,0.009471682479420984,-0.01624051015650707,0.004506216653220818,-0.037659020456526804,-0.008218039641832098,-0.03231159946008044,-0.0004238732285575253,0.014734382044180094,0.002983005554629159,-0.033445457936496226,0.22809437157090084,101.9215,98.8653,-0.91,6.808899879455566
2020-09-25,-0.0014896073327479442,-0.021141411892005024,-0.005689815487671446,-0.049566566549308355,0.0013463308664922735,-0.04617597261549844,0.002434800933558634,0.01759953172240092,0.01585043922418805,-0.00634944176447938,0.22573694542340877,101.9215,98.8653,-0.92,6.827700138092041
2020-09-28,0.008658025159889782,0.03228905465579146,0.008095526135782904,-0.015050576808103067,0.005534603954764794,-0.013291427270069933,-0.0033891124168254905,0.00766778207346519,0.015982191853854744,0.02127131411667449,0.22643209260431466,101.9215,98.8653,-0.94,6.822800159454346
2020-09-29,-0.03279797215230351,-0.007859022855980058,0.01141473966161577,-0.0022673566781419296,-0.0020090553926068733,-0.024990960898331416,-0.003933066389008033,-0.001064493134188993,-0.004824282704444016,0.005984015013853039,0.22377916051899585,101.9215,98.8653,-0.98,6.810800075531006
2020-09-30,0.02339435782299626,0.007236485977255569,-0.0035962007873946433,0.014730466175553403,0.014970364631857747,0.011624204418675843,0.0,-0.005311251100832415,0.008219842568379931,0.03821119649660787,0.22354493904668274,101.9215,98.8653,-0.94,6.815400123596191
2020-10-01,-0.038008120760355535,-0.04024331726252095,0.011012005311719975,0.02123625483405256,-0.05602277974110281,-0.03618053568059487,-0.0019189804038077796,-0.006806358276082669,0.005278949564294422,0.04050714050627313,0.2944119589360042,102.2994,99.23334,-0.95,6.789700031280518
2020-10-02,-0.04408796278486182,-0.08284167271463483,-0.004306089358559362,0.022619980963164643,0.039375086795663705,0.0018482202485765598,0.0013862679542446799,-0.007854891255396623,-0.00962381286637104,0.01503288841571404,0.3280214011609907,102.2994,99.23334,-0.94,6.789400100708008
2020-10-05,0.05691852074276804,-0.03458117713175657,0.006452168624350385,0.020976623451732124,-0.004542777443283352,-0.008229161149471587,-0.003522760027887095,-0.007988538866458228,0.01781310900290123,0.016863805564760526,0.32407196824411993,102.2994,99.23334,-0.9,6.78980016708374
2020-10-06,0.03630382300418189,0.03452061802472883,-0.0059786335451814665,0.003583250244934888,0.0001686880288565007,-0.006051417728008213,0.0034162485242594798,-0.0006392239531907151,-0.014072064387523397,0.007616023881681144,0.3060070781356657,102.2994,99.23334,-0.9,6.78980016708374
2020-10-07,-0.017861983587245778,-0.006735723385513204,-0.009247826747493804,-0.0020683757151642723,0.023000936421358142,0.001979154061492183,-0.00213383820018187,-0.002773062153372585,0.01724716377024116,0.01664334508354237,0.31483829794401436,102.2994,99.23334,-0.9,6.78980016708374
2020-10-08,0.030566783797948638,0.06183918117279097,0.002650974493883851,-0.010429406533000396,0.0024685840682929783,0.060470517870887974,-0.00021359371256757242,-0.001067675462132378,0.00797821289486933,0.01934260841411728,0.31335439091369965,102.2994,99.23334,-0.94,6.789700031280518
2020-10-09,-0.014427446083128181,0.09149969787452461,0.0162289345389528,0.010105617364511765,0.012252021117959089,0.03334745219318336,-0.005892801722058749,-0.008346745138435807,0.008755095180752903,0.03772151646124122,0.3092360561589008,102.2994,99.23334,-0.94,6.7891998291015625
2020-10-13,0.019340058974347762,-0.01162366029331885,-0.017843559227287642,-0.006649790002997591,-0.006062143332148162,0.02563386061797357,0.004930332476371646,-0.003202426421557547,-0.006326891629163001,0.043936110375025095,0.3042479853402996,102.2994,99.23334,-0.96,6.7444000244140625
2020-10-14,0.020680208567116498,0.026918531861043427,0.006755025244469692,0.009353061988965905,0.0016419958016991032,0.00427491999831453,-0.0016050672651664044,-0.0026736554865420814,-0.006645172084059681,0.020043774520724256,0.30431229761727446,102.2994,99.23334,-0.96,6.745500087738037
2020-10-15,-0.0019512647911748005,-0.005599516728080012,0.0009987659359627088,0.007700853431044763,0.011581583012424401,0.013387918942445953,0.005127156739225924,0.0026670949652514153,-0.0015289235142130764,0.01053663811164185,0.30698223144048403,102.2994,99.23334,-0.95,6.713600158691406
2020-10-16,-0.001954986355998223,0.006872942999049947,-0.0012617784764215045,-0.009789859584329541,-0.005855542905520261,-0.004719645081033397,-0.0019195943219552092,0.006640302365354955,0.0001349104566301662,0.0019164533875191125,0.307591720835464,102.2994,99.23334,-0.95,6.723899841308594
2020-10-19,-0.0012238218462123918,0.034890194548078846,0.002941783734378589,-0.008409762788898156,0.005206660653562345,0.006512553230017426,-0.0026722264758811676,0.003860601152594789,-0.01646466351494169,-0.030830740285747282,0.3032706988591233,102.2994,99.23334,-0.93,6.696599960327148
2020-10-20,0.015311934748149625,0.030862070321880708,0.0020959973869372206,0.011529793825326706,0.02008260864794864,0.03265730521011423,-0.003860601152594789,-0.004930332476371646,0.004716195320000338,-0.019787653336583944,0.29474930744435807,102.2994,99.23334,-0.91,6.680699825286865
2020-10-21,-0.0350999424156746,-0.02491808066091039,0.007405484259195738,0.012180252840052752,0.0160937141484212,0.04710902355683633,-0.004954761145891773,-0.008280026357097015,-0.002198114011569885,-0.015340595264094148,0.29773982760699985,102.2994,99.23334,-0.91,6.67519998550415
2020-10-22,0.015123645741958569,-0.007843170127777022,-0.012285488081524853,-0.0011040011774348102,-0.014028088394181903,0.021499352150230022,0.003664547562465259,-0.00974263553385768,0.005205354003491536,-0.008606317746389536,0.29119494475760477,102.2994,99.23334,-0.89,6.650000095367432
2020-10-23,-0.019630421306072066,-0.025518605077850864,0.00047331094982627775,0.0006310882488129721,-0.00780822431801087,0.019546670737739413,-0.001938405855572256,-0.009761447067474727,0.003439838320389299,-0.005301389882630403,0.2910095875662379,102.2994,99.23334,-0.9,6.683499813079834
2020-10-26,-0.03290686158892342,-0.05720164482056189,0.00036794027847353306,-0.001942755207092084,-0.011908715230312117,0.0024312948538649515,0.0030137404055983197,-0.004075480185995239,-0.018764472985321135,-0.0076011993530098465,0.295232624481281,102.2994,99.23334,-0.91,6.685699939727783
2020-10-27,0.025855742328293463,-0.046657837240418054,0.0032008935403773364,-0.0008378590536519681,0.00048551956813858155,-0.017165794225945108,-0.001182865959767021,-0.0013977449931674713,-0.0030302053504467352,-0.01534760002345692,0.2949490540041815,102.2994,99.23334,-0.92,6.711299896240234
2020-10-28,-0.05666797501993415,-0.0682258698446776,-0.01722636925734733,-0.025469712570195036,-0.010737045805092826,-0.043996554179459135,0.0050442951639793066,0.008601311316703608,-0.035925542108577346,-0.04907502812046438,0.2978208669759935,102.2994,99.23334,-0.91,6.704400062561035
2020-10-29,-0.03317327732466602,-0.11652279291130219,-0.0056657245971063475,-0.01884994908577653,-0.0016368889066189496,-0.03160535469189618,0.0058707049574744374,0.010807468711712787,0.011876524939998134,-0.04240385718395778,0.2936439049891604,102.2994,99.23334,-0.86,6.72790002822876
2020-10-30,-0.010561444981961987,-0.10745381658719211,0.006305149837346313,-0.013018110198256494,-0.0027889770166602545,-0.026586107390545566,0.0008510833604651324,0.013596957927750175,-0.0122037134452615,-0.05804740894960858,0.21115141496274648,102.2994,99.23334,-0.82,6.714000225067139
2020-11-02,0.028101034340012543,-0.046445920658256146,0.006900605880378663,-0.006485444596351364,0.009808799275682789,-0.00486859288455066,0.00010635478790987918,0.010689572310061735,0.012242950890591686,-0.02703998507369576,0.16703486641791757,102.2994,99.23334,-0.84,6.6890997886657715
2020-11-03,0.02282893447880152,-0.04947272850774809,0.009529133397826683,-0.00015720473890201703,0.00438276023955031,-0.0009713522131389318,-0.0053305028535142185,0.006541935416314537,0.01764273768407776,-0.006367042039171267,0.16582692091707799,102.2994,99.23334,-0.82,6.689700126647949
2020-11-04,0.038801942234723885,0.045997188746909945,-0.007309871629980869,0.009759292888464444,0.004524951956506262,0.014290645548460157,-0.0014976402523352306,0.0,0.02180752565509181,0.05136602572449789,0.1659337901335132,102.2994,99.23334,-0.86,6.676599979400635
2020-11-05,-0.009237956357982746,0.06993250971359322,0.02640851034903058,0.04183352783460137,0.0011280267637863162,0.017055561218865423,-0.009465542021011686,-0.015336246978486123,0.019273265776702075,0.05876276656120183,0.1475458205604547,102.2994,99.23334,-0.87,6.6519999504089355
2020-11-06,-0.043467965563270816,0.03702598913228439,0.0025670000104103252,0.03809537800766538,0.014232230068109475,0.03407676830363515,-0.0032474094233849726,-0.01943473976233623,-0.0002877565853740549,0.07067872342108927,0.15440280854011143,102.2994,99.23334,-0.82,6.605199813842773
2020-11-09,0.08140878243594063,0.09033373722821247,-0.05106938372025738,-0.01987461159297066,0.0007936060264974731,0.025061575054449836,0.005406587368252502,-0.014134507181993605,0.011631974746343587,0.07006774727684117,0.14951023755447737,102.2994,99.23334,-0.77,6.610400199890137
2020-11-10,0.026210923030528743,0.0937157257799397,0.011908134809093696,-0.017495610181703647,-0.0003173365667661354,0.02036147824813339,0.0002156204742496115,-0.008588383854229775,-0.0014007752208673452,0.05102423437189607,0.1473745285024926,102.2994,99.23334,-0.78,6.6280999183654785
2020-11-12,-0.00799330481621885,0.05833209011731988,0.006375091715476344,-0.03808840543706715,0.004464273782602168,0.012325032371035993,-0.0008602347955717349,0.00463638018655832,-0.010028651547070666,0.007537519756024125,0.14829450295218682,102.2994,99.23334,-0.83,6.630799770355225
2020-11-13,-0.024370384276141355,0.07742967140444934,0.006971252371710257,-0.03368415307576722,0.010287351821584467,0.008380154124510986,-0.0021537478380029285,0.005730041771940364,0.013518546706293932,0.021343823047692112,0.14724657227682778,102.2994,99.23334,-0.83,6.610599994659424
2020-11-16,0.02970634704946651,0.02572723601797522,0.0008481832770623754,0.018233413921552533,0.013916294608975255,0.021502842706988767,-0.0020504236345653126,-0.001726969230877451,0.011580734922832292,0.021292583224180817,0.15084343205348238,102.2994,99.23334,-0.81,6.605400085449219
2020-11-17,0.002174705510698871,0.0016910184981453469,-0.0014847284088492785,0.0048405507036095585,-0.00732488752576721,0.014495291747987693,-0.0016217261526181304,-0.0035643158577451928,-0.004803443784647143,0.01788991466040102,0.15406444849875053,102.2994,99.23334,-0.83,6.583799839019775
2020-11-18,0.009369423247755027,0.008886786715560202,-0.00585419447344826,0.006855604481951438,0.0004691191819872209,0.0218121518693819,-0.0010825861756398325,-0.007768718596397939,-0.011631210647481183,-0.0013640243500727678,0.13889664256647843,102.2994,99.23334,-0.82,6.555099964141846
2020-11-19,-0.0019147448416401147,0.014965346690138936,-0.006640641601906694,-0.0061601288354316,0.0017183721209568237,0.019066250207736557,-0.00032499625655990627,-0.00723348005738611,0.003938675690733362,0.01260330288773126,0.1274304085402054,102.2994,99.23334,-0.84,6.559500217437744
2020-11-20,0.00977477878754085,0.04911050975382114,0.0061601288354316,-0.006971252371710257,0.027706840664448507,0.036485739050600596,0.001082937878803314,-0.003996794340579868,-0.006815737372919628,-0.0077309811914823,0.14914971023894663,102.2994,99.23334,-0.86,6.582399845123291
2020-11-23,0.02135980317969155,0.04076396588404618,-0.018758595831691594,-0.026578031480464226,-0.010376995308325476,0.012192449133299865,0.001298028798711215,-0.0006483419073033403,0.005620108181849659,-0.013691607932464933,0.1515506200470947,102.2994,99.23334,-0.85,6.5619001388549805
2020-11-24,0.04206595987329376,0.08065522024664107,-0.01811942127724553,-0.043212724348860476,0.012348636448042294,0.03186597310710937,-0.003031276230071711,-0.002057891984756921,0.016032458814033035,0.007144294666215245,0.14672089879810674,102.2994,99.23334,-0.86,6.584499835968018
2020-11-25,0.017656588612604995,0.08894238561149104,0.0004984918223982504,-0.036860038053013966,0.0036297934421052336,0.03502664736722738,-0.0026056413783965837,-0.0035809471875136722,-0.0015856747555105244,0.017189830558185903,0.14640426818107702,102.2994,99.23334,-0.87,6.590199947357178
2020-11-27,-0.003945649778886562,0.08691148067424459,-0.013268076746218327,-0.0434874731973256,0.026076083099673575,0.05938435834594413,-0.0021764830614943165,-0.0054324339924480824,0.002394111025902035,0.015645265893354576,0.1570702452651132,102.2994,99.23334,-0.91,6.57450008392334
2020-11-30,-0.004181774090930457,0.07295492779577328,-0.0034855405676799123,-0.05313314260043711,0.006158420364391182,0.03783593804588681,0.000871194974620515,-0.005644176896630881,-0.004606140636973066,0.017854862629301138,0.1551944899054641,102.2994,99.23334,-0.93,6.576000213623047
2020-12-01,-0.01757751165344379,0.034017612962637944,0.021394779622498916,-0.012979767146246601,0.01379128928980533,0.062004222644017615,-0.0061142802890792325,-0.013056485984421329,0.011208140661594257,0.023442895109045736,0.15476084960967185,102.6806,100.0476,-0.89,6.5777997970581055
2020-12-02,0.016253270144582554,0.008204923233926742,0.006373984885256867,0.011513639016255794,0.00201641135409103,0.05167199755006635,-0.00208293460929454,-0.012108144363644158,0.0017895645286039041,0.009200000823616605,0.15483662918299018,102.6806,100.0476,-0.9,6.570799827575684
2020-12-03,0.007919104684766864,-0.001532560693911389,0.006061505333917694,0.017076652527775238,0.001150470912733903,0.04919267502069502,-0.0045097547474490796,-0.014012257732696654,-0.0006243520802939884,0.010161323498833141,0.1556244998599918,102.6806,100.0476,-0.94,6.562399864196777
2020-12-04,0.013493108899260697,0.01590619798423587,-0.000490115944199232,0.029854613329794333,0.010010049910142094,0.03312664183116354,-0.00011027105958216765,-0.011946045730784505,0.008797463715186638,0.016564676188117744,0.15626458010655422,102.6806,100.0476,-0.92,6.541399955749512
2020-12-07,-0.0108673101282033,0.009220661946963027,0.014008950144384968,0.047349104041859214,-0.0015663484164623043,0.025401873050310053,0.0009918339933099318,-0.011825406712095088,-0.0019375134389640891,0.01923330338612672,0.15758616092214836,102.6806,100.0476,-0.94,6.530600070953369
2020-12-08,-0.003502627333677122,0.023295546266729694,0.004822385043172339,0.030776709462532637,-0.004141424277075201,0.007469159483429522,0.0019806377850377643,-0.003730488637978091,0.0027832711701716306,0.010808433894704095,0.1580887424740077,102.6806,100.0476,-0.97,6.52869987487793
2020-12-09,-0.001755883183688134,0.005286392938459006,-0.019539712183873625,0.004863012393402144,0.003998845447153121,0.009451593576491613,0.0013181933008041824,-0.00032936072787936865,-0.007980964948473002,0.001037904417627189,0.15741526478934126,102.6806,100.0476,-0.96,6.531700134277344
2020-12-10,0.027303935187085848,0.02467122344077799,-0.0005452265623926422,-0.001743719502908192,0.0176595680110343,0.02596069067479201,-0.0032988310858419467,0.0008815629337277642,-0.0012859345277718148,0.00037632197014936253,0.16187027913525784,102.6806,100.0476,-0.96,6.542200088500977
2020-12-11,-0.0044991846202502295,0.006678929921267063,0.0033756623773708583,0.0021220588186618983,-0.01310892511256112,0.0028417156520887943,0.0020905815716698584,0.00308241556497979,-0.0012657980842316618,-0.009686939829268937,0.16939046110035885,102.6806,100.0476,-0.97,6.544400215148926
2020-12-14,0.00897829839315234,0.026524538442622703,-0.006051591403382517,-0.017938482729105587,-0.0005676568532848592,0.0038404072152662394,-0.0029721445053976225,-0.0008815629337277642,-0.00436878824514686,-0.012118214635451707,0.17073000966201027,102.6806,100.0476,-0.98,6.5457000732421875
2020-12-15,0.013317969794362394,0.04334513557066222,0.012822831309901694,-0.009938036462376232,0.004532594732826523,0.012514426225167963,-0.0026492770033934576,-0.005511477722158986,0.012838482022218045,-0.0020630037834052928,0.16982489920693308,102.6806,100.0476,-0.99,6.549699783325195
2020-12-16,0.004191137019672997,0.04929215577402335,0.0020493625621478273,0.011651038283645221,0.00451207589787983,0.013027656675894672,-0.0002211394289730606,-0.007050810451936229,0.0017712256203239463,0.007689186785391655,0.1668042965796025,102.6806,100.0476,-1.0,6.538300037384033
2020-12-17,0.011229082719173444,0.033217303306110946,0.016616724168514452,0.028812989014552315,0.012026430542292355,0.007394519207152728,-0.006989513839627648,-0.01074149320572193,0.0057411428089828576,0.014716264122146328,0.1626454993360778,102.6806,100.0476,-1.0,6.531300067901611
2020-12-18,0.015185965355918984,0.05290245328228016,-0.0007951443811702319,0.024642182256011225,0.008719203163225275,0.029222647482939124,0.0022241663118558463,-0.010607908465535942,-0.003517296952148641,0.012464765254229349,0.1618617061193936,102.6806,100.0476,-1.0,6.532100200653076
2020-12-21,-0.028089347654327135,0.015834807234800685,-0.0034529504777385256,0.027240823181655216,-0.015413769301266811,0.014376535034957172,0.00022219563272773968,-0.00741356832741058,-0.003913928486909413,0.012919625012466796,0.17769603533614964,102.6806,100.0476,-1.0,6.535999774932861
2020-12-22,-0.015196603221750316,-0.012679765781312025,-0.0067275473090218085,0.007690444562731713,-0.015512951902100003,-0.0056690115999693536,0.006751927826962323,0.0019876365029452003,-0.0020752446917704503,-0.0019941017015217,0.17168640572671123,102.6806,100.0476,-1.01,6.5482001304626465
2020-12-23,0.023124816062136233,0.006253913261151212,0.004330039505094696,0.009971121505678582,0.009618223689987326,-0.0005628638078618575,-0.002651032778647533,-0.000442256846729272,0.000745533271818033,-0.0030197940500276133,0.16571948283019758,102.6806,100.0476,-1.01,6.542200088500977
2020-12-24,0.0022833556800465615,-0.0026918137779756712,0.002769976349497938,-0.003875626313337932,0.002249690773362012,-0.0103396035767922,-0.0008852698223753563,0.00566198717052302,0.0035303499794867577,-0.005230586879523713,0.1630509507411864,102.6806,100.0476,-1.03,6.539599895477295
2020-12-28,-0.01272840596087077,-0.030606185094765426,-0.0014373179976940875,-0.004517799929861788,0.002805048301274926,-0.01625375843874255,0.00011063825701551622,0.0035484591156826895,0.00868470753841244,0.006971417611037367,0.16307480307842734,102.6806,100.0476,-1.03,6.540800094604492
2020-12-29,0.007948192279145783,0.005431354838707492,0.0013308847368813659,0.0002660352847581038,-0.004773267568748185,-0.005613256706223924,-0.0036594906872426947,-0.0003332272042877449,-0.002229864827279826,0.008655481270666954,0.14324410569114515,102.6806,100.0476,-1.02,6.535600185394287
2020-12-30,0.008298834341117889,0.028926792401575696,0.005993626012460673,0.012987208606240586,-0.0028184884850535052,0.007081206710822574,-0.004230744276537912,-0.01131589930778798,0.00134064809508061,0.012071374057518014,0.14341720109196787,102.6806,100.0476,-1.03,6.53000020980835
2020-12-31,0.002476248261376046,0.00827822460081551,0.0011098944610656858,0.009767063562211575,-0.008218848642483678,-0.01075586562164843,0.00345275376168086,-0.005212112767459587,0.006418204711703623,0.017744045497403604,0.14022054138483275,102.6806,100.0476,-1.06,6.522200107574463
2021-01-04,-0.018723274881639718,-0.01272840596087077,0.026892014283006027,0.033889101495719665,0.011037337127537183,-0.001968219267473259,-0.0006673917285882069,-0.0049942346736724375,-0.014864762712026192,-0.0006510671941093449,0.1447552040644765,102.6806,100.0476,-1.08,6.5320000648498535
2021-01-05,0.047369211995845095,0.047369211995845095,0.004105306838480871,0.03943172633189462,0.024328744190622364,0.01955547662187418,-0.00490738005543534,-0.010012252986123293,0.00705763138336124,-0.002278143349160544,0.1656967987752171,102.6806,100.0476,-1.07,6.4604997634887695
2021-01-06,0.01392227645371591,0.05334329617041522,-0.023734105597418065,0.014366735997595192,0.0026061400085379827,0.026934884199160347,0.0010057143081239062,-0.005347047990756693,0.005693603382475487,0.005645324860594769,0.16324440651496924,102.6806,100.0476,-1.02,6.4552001953125
2021-01-07,0.003942460403614234,0.04898692223291157,0.0028278319590517853,0.011200941944186305,0.012388641649463628,0.04214201433367748,0.0033452646131753028,0.0022289608989565224,0.0147382601077517,0.01904293687326586,0.16673009259136554,102.6806,100.0476,-1.01,6.460700035095215
2021-01-08,0.027361749616169995,0.07387242358770552,-0.041752846956852,-0.03166179947373138,-0.0059709326787447115,0.04438993029741645,0.003001132054230027,0.001777339191505689,0.005476837393516121,0.018101569555078356,0.16776181069508936,102.6806,100.0476,-0.93,6.477200031280518
2021-01-11,0.00019137374682998143,0.09278707221617521,0.008415501632621947,-0.05013831212411546,-0.03026142358935391,0.0030911695805253547,0.0048716044407681736,0.00731633536086207,-0.006576327616620858,0.02639000465048369,0.20208021217995478,102.6806,100.0476,-0.91,6.474299907684326
2021-01-12,0.018206440557430703,0.06362430077776082,-0.003628955192789718,-0.05787257415538605,0.011438296923926172,-0.009799277686170837,-0.005426646608110097,0.006797068808187312,0.0004157020305690651,0.019748075297691514,0.19659730541640308,102.6806,100.0476,-0.93,6.479700088500977
2021-01-13,-0.005653977370224883,0.04404804695382003,0.005789249861382295,-0.028349218696585687,0.0033232054179666015,-0.009082212276742219,0.0029938109510210253,0.008785165451084431,0.0022730563867252584,0.016327528301941285,0.1904541726565883,102.6806,100.0476,-0.96,6.462900161743164
2021-01-14,0.012396850163975959,0.052502436714181755,-0.0017818664700346432,-0.032958917125672116,0.014001568268525055,-0.007469285657680791,-0.000886152385596084,0.0045537484523130445,-0.00376051306874281,-0.0021712448745532242,0.19533592478896114,102.6806,100.0476,-0.94,6.4670000076293945
2021-01-15,-0.022846251497574244,0.0022944356004375166,-0.011414407787474268,-0.002620477956294387,-0.017879738594029027,-0.019378091572965106,0.005966219504508707,0.007518835902591725,-0.0072160007982784435,-0.014864083066347789,0.20667923932336776,102.6806,100.0476,-0.99,6.473100185394287
2021-01-19,0.011771522505084508,0.013874584358692044,0.005560388855331944,-0.00547559073358439,0.009117342638361725,0.020000674654750528,-0.00308913287561019,-0.0004419014137866384,0.008103457635762368,-0.00018429781396456235,0.20831188337883877,102.6806,100.0476,-1.0,6.491399765014648
2021-01-20,0.0048955498497216254,0.000563693650982966,0.014249727942710066,0.012403092401915394,0.0031578581146134432,0.011720235845437799,-0.0003315331753253048,0.004653212018998154,0.013839417376511065,0.013239417531977438,0.20467694506700473,102.6806,100.0476,-1.02,6.47790002822876
2021-01-21,-0.0020682644866760747,0.004149406534531774,-0.00032159925993369143,0.006292243280599408,0.002190853137689963,0.01058788356516116,-0.0037652754357981877,-0.002105874367821059,0.00031667316131311907,0.011283034306565298,0.20267923030511423,102.6806,100.0476,-0.98,6.465400218963623
2021-01-22,-0.016319159084152712,-0.024566602713596897,-0.005159967189823256,0.002914142560810795,-0.005486224494399394,-0.00889990919776329,0.001219721982224975,0.0,-0.0030151526629378367,0.012028394712370272,0.1957475416470685,102.6806,100.0476,-0.99,6.461400032043457
2021-01-25,0.009520254609766354,0.007799903393743701,-0.0004311576432209918,0.013897392705064071,0.00137441319744247,0.010354242593708207,0.0016608709809142752,-0.004305348523594432,0.003609317513017629,0.022853713023666344,0.18651049985891577,102.6806,100.0476,-1.03,6.480800151824951
2021-01-26,-0.0030366287481196075,-0.007008247859460415,-0.0022668798944573965,0.006070123955274731,-0.003439515678004712,-0.00220261572265823,-0.0024368778527765755,-0.003653093500760818,-0.0014899431611539171,0.01326031222675006,0.18494223852390249,102.6806,100.0476,-1.03,6.478700160980225
2021-01-27,0.004551456100212903,-0.007352341608969137,-0.0031388308031132794,-0.011318434790548615,-0.015695844799481717,-0.02105631863675339,0.005309196828380713,0.0019876365029452003,-0.026013315126100167,-0.026592420275861173,0.19366638838047104,102.6806,100.0476,-1.04,6.463699817657471
2021-01-28,-0.009696783427044497,-0.01498086054933756,-0.003801459941890073,-0.014798295472504996,0.0032147296487248234,-0.02003244212571853,-0.0020982001046014886,0.0036547118341418994,0.009713298778759594,-0.017195794658414698,0.19374224562738138,102.6806,100.0476,-1.06,6.482100009918213
2021-01-29,-0.002678390513029427,-0.001340091978214275,0.005101511241647927,-0.004536817041033814,-0.0026549381584333176,-0.017201155789752454,0.001325704413947193,0.0037606942658641174,-0.019500377654791734,-0.033681019650268595,0.19319901582633345,102.6806,100.0476,-1.02,6.448400020599365
2021-02-01,0.025533273142231305,0.014672926554250676,0.0072813890080443144,0.0031757296102314925,-0.0032232896853066073,-0.02179885867250153,0.004845767364374254,0.006945590649324096,0.015924300234678057,-0.021366036928608167,0.19328572665518592,102.5749,100.766,-1.02,6.426799774169922
2021-02-02,0.02234418712239572,0.040053742424766,-0.016417375444501836,-0.010974765939812947,-0.006477983976974189,-0.024837326971471008,0.0019756379108075706,0.011358106412908242,0.013802528814311543,-0.006073564953142707,0.1924162345832136,102.5749,100.766,-1.03,6.46750020980835
2021-02-03,0.016840603173096547,0.05234288949764965,0.000928250370819228,-0.00690768476588044,0.011099516193104009,0.0019580340211147185,-0.0008775143366301918,0.005171395247897337,0.0010082606153449802,0.02094801078830244,0.19245991609766078,102.5749,100.766,-1.04,6.456399917602539
2021-02-04,0.009649841221180289,0.07168951414587443,-0.023916484486412593,-0.02702270931040296,-0.0034992120955699146,-0.0047559077231800195,0.004489424778644668,0.011759020131143494,0.010794847643921912,0.02202955965346476,0.17178907920293782,102.5749,100.766,-1.02,6.459199905395508
2021-02-05,0.01096577919291164,0.0853336838518155,0.012223053284327712,-0.019901167267723174,0.02026438669553099,0.018163417130784287,-0.005367793625701722,0.005065522091494579,0.0038899196077633036,0.045419856916019796,0.18668445596803734,102.5749,100.766,-1.02,6.470699787139893
2021-02-08,0.019509463053031695,0.07930987376261589,0.01152972018956877,-0.015652836086198718,0.010932047306130954,0.03231875412222185,-0.0012089973403579535,-0.0009892426132376286,0.007372107476289358,0.0368676641576311,0.18551692837596184,102.5749,100.766,-1.03,6.465700149536133
2021-02-09,0.006705077703835549,0.06367076434405572,0.0018542895508142365,0.0026188289091173544,0.014705183351721995,0.05350192145091803,-0.0054033086894520466,-0.008368189213497246,-0.001114145421722057,0.021950989921597497,0.19117137955720084,102.5749,100.766,-1.04,6.447999954223633
2021-02-10,0.005468224362484619,0.05229838553344379,0.0028836096711604142,0.004574188209458541,0.013831859146124392,0.056234264403938417,-0.0007742900980360901,-0.008264964974903144,-0.00034524452239104164,0.020597484783861475,0.15935766722373834,102.5749,100.766,-1.06,6.434199810028076
2021-02-11,-0.007526525767199921,0.03512201854506358,-0.008566387767498185,0.01992428492837295,0.0005281539944752556,0.06026163049398359,0.0005530773094148955,-0.012201312444132917,0.001661074814588659,0.011463711954528222,0.1564219670606494,102.5749,100.766,-1.04,6.457200050354004
2021-02-12,0.020899571536611816,0.04505581088876376,-0.001809982026078849,0.005891249617966388,0.0038211104503456106,0.04381835424879821,0.0006634072933424662,-0.006170111525088728,0.0046999709261612566,0.012273763272926175,0.1564704354389631,102.5749,100.766,-1.01,6.456900119781494
2021-02-16,0.009705531576051918,0.03525187941178398,-0.013485351319986627,-0.01912382189158901,0.012026289584637695,0.04491259652730495,0.0003314965319756169,-0.004629617652755158,-0.0005694345154143576,0.004332221281222459,0.15476142660948294,102.5749,100.766,-0.94,6.457200050354004
2021-02-17,0.017988770658914355,0.04653557236686279,-0.014629062349107436,-0.03560717379151068,-0.003123397619778645,0.02708401555580431,0.004849505968666179,0.0056231970053630675,-0.0003204533489178374,0.005125913354026679,0.13808338099828527,102.5749,100.766,-0.92,6.457099914550781
2021-02-18,-0.010192409995839924,0.030874938008538244,0.0012978130348191286,-0.03719297042785197,0.020768273130144843,0.03402042953982476,-0.0039660801537939605,0.002431406949605197,-0.004425614227242747,0.0010455436491749737,0.14998909994654402,102.5749,100.766,-0.87,6.457600116729736
2021-02-19,-0.021376878751063977,0.017024585024674188,0.0013524313819193168,-0.027274151278434466,0.043346586160945444,0.07683886170629495,-0.002542092901632209,-0.0006637632614419076,-0.0018566190956654793,-0.0024721502610791646,0.20369722867559942,102.5749,100.766,-0.8,6.487199783325195
2021-02-22,0.037277569529027055,0.03340258301708943,0.01725089665910584,-0.008213272593249776,0.015165591889080066,0.0881833431450294,-0.0038808993522172486,-0.005208069907001622,-0.007762892893710571,-0.014935014080950992,0.20602485335968618,102.5749,100.766,-0.79,6.485799789428711
2021-02-23,0.0029229720502677026,0.02662002349130521,-0.001273809689207539,0.003998269037529312,0.008393297899842445,0.08455035146023415,0.0017759582028693544,-0.003763608236107885,0.0012555296115266401,-0.013110049954009995,0.20178169935751303,102.5749,100.766,-0.79,6.463099956512451
2021-02-24,0.024823166784056383,0.03345441961644724,-0.004443464260402763,0.014183867126233984,0.026743684145325686,0.11441743322533848,0.0001109191718917657,-0.008502195032882298,0.011287667670986323,-0.001501928934105834,0.21216589390399088,102.5749,100.766,-0.79,6.4629998207092285
2021-02-25,0.0048914899675640555,0.04853831957985122,-0.012322324448977184,0.0005637296424376714,-0.008171009534659879,0.08547815056053376,-0.0005546342822544403,-0.005090749161342778,-0.024783394424172656,-0.021859709131035743,0.21596239391762914,102.5749,100.766,-0.6,6.455999851226807
2021-02-26,-0.03247504125137546,0.03744015707953974,-0.02643982642289977,-0.027228528162381416,-0.04103194619546091,0.001099618204127406,0.008836940999225718,0.006288284739515149,-0.004761532293798609,-0.024764622329168873,0.2632285723484424,102.5749,100.766,-0.71,6.453800201416016
2021-03-01,-0.014082443543520284,-0.013919855993007602,-0.0032458010444411656,-0.04772522586592842,0.006087210099527729,-0.00797876358542493,0.0012089973403579535,0.01137818143209035,0.023512173225693545,0.006510443790235243,0.2629637578553482,102.36,101.0765,-0.71,6.47790002822876
2021-03-02,-0.014785540457332047,-0.03162836850060735,0.006134974480583644,-0.04031644169613724,0.02682473962060561,0.010452678135338234,-0.0027498229666642615,0.006852400262556735,-0.008113678739508856,-0.002858764560800253,0.2695741532160435,102.36,101.0765,-0.78,6.463200092315674
2021-03-03,0.025284314700625643,-0.03116722058403809,-0.010323677486388405,-0.04619665492212288,-0.018725640031191926,-0.03501664604117938,0.001760713942217329,0.008502195032882298,-0.013152335894801581,-0.027298768126588158,0.28276737666381274,102.36,101.0765,-0.74,6.4695000648498535
2021-03-04,0.04076982244214733,0.004711111890545183,-0.008842158417798451,-0.04271648889094415,-0.039789124959845656,-0.06663476146636516,0.00744882759252441,0.016505656907661148,-0.013508038064390604,-0.016023411766806106,0.3238010499661762,102.36,101.0765,-0.66,6.466800212860107
2021-03-05,0.03479406611702185,0.07198021925894249,-0.0012947745929183796,-0.017571437060962758,0.02376936815219799,-0.001833447118706255,0.0038124996057016247,0.011481215514137055,0.019308356338710198,0.0080464768657027,0.3293779217213401,102.36,101.0765,-0.66,6.468999862670898
2021-03-08,-0.015861142198869693,0.07020152060359308,-0.01202730919914341,-0.026352945215665002,0.004029062680954265,-0.003891594537279719,0.0035812529460335085,0.01385347111981261,-0.00537364322402567,-0.020839339584016514,0.32757557111779506,102.36,101.0765,-0.62,6.495699882507324
2021-03-09,-0.01611689734524724,0.06887016371567789,0.022921797389634513,-0.009566122306614133,-0.02068277938752794,-0.051399113545413266,-0.0037987616148855707,0.012804532471591301,0.014055400743931301,0.0013297398994236431,0.3367702246559413,102.36,101.0765,-0.66,6.524600028991699
2021-03-10,0.006695241667977747,0.050281090683029994,0.00285042771679489,0.003607982896569162,0.005582111939608669,-0.02709136157461267,-0.0018503207341167283,0.009193497795257244,0.006012203770987767,0.02049427956521299,0.33603907086087254,102.36,101.0765,-0.73,6.5055999755859375
2021-03-11,0.024223079382547752,0.033734347623430416,0.0004646314136564911,0.012914772728024104,0.024680619799534842,0.03737838318476783,-0.004039116330591064,-0.0022944461278582295,0.010341825500656654,0.04434414313026025,0.3415941495230179,102.36,101.0765,-0.74,6.504899978637695
2021-03-12,-0.0062295429183159,-0.007289261411907333,-0.001627084319913763,0.01258246300102872,0.0006032592635767386,0.014212274296146576,0.0028400034205757763,-0.003266942312984078,0.001014883327531635,0.026050670119081687,0.34033457023408736,102.36,101.0765,-0.62,6.493000030517578
2021-03-15,-0.0033588004203428667,0.005213080366619494,0.005451831359563286,0.030061603559735417,0.00024117884471230866,0.01042439045990462,0.0016348052699077797,-0.005213389989109807,0.006470939539413578,0.037895252882520936,0.34037636952469735,102.36,101.0765,-0.65,6.498499870300293
2021-03-16,-0.009063681785908884,0.012266295925957849,0.0009827728334723673,0.008122579003573271,-0.01641277218832493,0.014694397659107628,0.00043550261472802276,-0.0009791257594962133,-0.0015709169785971255,0.02226893515999251,0.347878501853551,102.36,101.0765,-0.68,6.498899936676025
2021-03-17,-0.0030912632851167743,0.002479790972863327,-0.002198142107380896,0.0030740091793974855,0.01194111610517079,0.02105340182466975,-0.005129069025150201,-0.004257874050529686,0.0028752446501592033,0.019131976039163945,0.34785185635282323,102.36,101.0765,-0.67,6.505000114440918
2021-03-18,-0.07386982494603878,-0.0956131133557232,0.003122235750465663,0.005731613516206657,-0.0026682077001747295,-0.006295425675039823,0.0049112998937870245,0.004692542173848402,-0.014870560065947558,-0.006080409527440267,0.347748768193878,102.36,101.0765,-0.56,6.502600193023682
2021-03-19,0.023390922978548723,-0.06599264745885858,0.005297152705863617,0.012655850541984037,0.0015775180322681326,-0.005321166906348429,0.0007618185720010828,0.0026143573252737085,-0.0006028856737536614,-0.007698178528725563,0.3419546222250754,102.36,101.0765,-0.57,6.504799842834473
2021-03-22,0.002114355034371407,-0.060519492004144304,-0.002069427911533417,0.005134591270887334,0.006165095967979539,0.0006027502169188015,-0.0013062827504164432,-0.00032673069505051444,0.007000556898342225,-0.0071685611697969165,0.30855454283235045,102.36,101.0765,-0.64,6.499000072479248
2021-03-23,-0.06355337470977851,-0.11500918492801393,-0.007566879516500258,-0.003415061079085291,-0.01481157276187961,0.0022039496433641226,0.005865046549877739,0.005102813240099202,-0.007660118119334314,-0.013257762310534105,0.3082989187535996,102.36,101.0765,-0.66,6.50629997253418
2021-03-24,0.057523878185677724,-0.05439404345721943,0.004743225748486957,0.0035263067767825618,-0.004044370217163973,-0.01378153667897064,0.0020555256485561557,0.01228740791380556,-0.005482336600348248,-0.021615343561041556,0.30665976995357136,102.36,101.0765,-0.69,6.514900207519531
2021-03-25,-0.04376845060685586,-0.024292669118036514,-0.004627227810274803,-0.004223156783957904,-0.02147415290900101,-0.03258748188779692,0.0037754047499118926,0.011151512769930427,0.0052265834327283045,-0.0015182000623656933,0.2963415149909559,102.36,101.0765,-0.69,6.514599800109863
2021-03-26,0.04033006683703366,-0.007353525259551574,0.004223156783957904,-0.005297152705863617,0.02319193733387115,-0.010973062586193905,-0.001185032338710812,0.009204661859218533,0.01649441865871637,0.015579104270104338,0.3098966905193499,102.36,101.0765,-0.67,6.5447998046875
2021-03-29,0.00963037133775213,0.00016249104382914936,-0.011671575757387309,-0.01489930055171751,-0.008742177867836709,-0.025880336422010153,0.0018308744458312987,0.012341819055466274,-0.0008683896263868007,0.007710157745375312,0.2773108950233852,102.36,101.0765,-0.63,6.540500164031982
2021-03-30,-0.016542873879904718,0.04717299187370294,-0.016608126836268333,-0.023940547871485585,-0.014951731127624157,-0.0260204947877547,0.003865990636924721,0.010342763142513256,-0.0031628294096499587,0.012207446455059667,0.28047475731764687,102.36,101.0765,-0.62,6.568699836730957
2021-03-31,-0.023223822135586936,-0.03357470844756172,0.017600609611378104,-0.011083164008594437,0.005008711435911195,-0.016967413134679532,-0.0007505462467722879,0.007536691247184812,0.0036159535924209507,0.021305736647828866,0.26219827547699376,102.36,101.0765,-0.63,6.571000099182129
2021-04-01,0.03797821316429939,0.04817195532359353,0.007383082103883609,0.0009271459055639752,0.00012494902745108227,0.00463168880177256,-0.0032230694624324485,0.0005382170348404713,0.011755830427674141,0.027834983642774702,0.2556804133546303,102.0628,101.3134,-0.66,6.551199913024902
2021-04-05,-0.04663624731148275,-0.03879435882492288,0.0002895613166309374,-0.0030064495617629916,0.03569840708627203,0.017138158554173444,-0.0035573996792201967,-0.0018341503056689135,0.0143349877622434,0.025675552746301733,0.2477571817420053,102.0628,101.3134,-0.62,6.566500186920166
2021-04-06,0.01152751001658281,-0.0368972201460922,0.008361011659377304,0.017026137855001622,-0.005437760323935947,0.020442576098074206,-0.002811747754088323,-0.006476772505588535,-0.0009740049407973572,0.025569937431891177,0.23555541972871546,102.0628,101.3134,-0.65,6.565899848937988
2021-04-07,0.007388759362158659,-0.012965586904028825,-0.0008042420147873486,0.032830022676482606,-0.015261879291046831,0.02013242793465153,0.0012987312383332394,-0.009044031904180017,0.001474145698107776,0.03020691253964891,0.24128001247288766,102.0628,101.3134,-0.66,6.53849983215332
2021-04-08,-0.002848322025607253,0.007409913205950858,0.009551431317730064,0.024780844382834566,0.009672498938159357,0.024796215436899693,-0.004335596788838103,-0.012629082446245832,0.00421175094059123,0.03080270988781919,0.23195762271613754,102.0628,101.3134,-0.69,6.540999889373779
2021-04-09,-0.004709036344145545,-0.03527733630249408,-0.007714103350808799,0.009683658928142158,-0.012999931559483313,0.011671334849965298,0.0010857248146445286,-0.008320288169168855,0.0076902881356879504,0.026737167595833,0.236209904977586,102.0628,101.3134,-0.64,6.550000190734863
2021-04-12,0.0063855210529482065,0.017744432061936877,-0.006965115310813452,0.0024289823006977684,-0.005073881548938841,-0.029100953785245576,-0.00021708380041562947,-0.004979972290364287,-0.00019609807474019192,0.012206081758849407,0.2190621618385623,102.0628,101.3134,-0.64,6.552000045776367
2021-04-13,0.00800804309483727,0.014224965140191337,0.008627188966826793,0.0026951596081472573,0.003220617363235423,-0.020442576098074206,-0.0031523578351864145,-0.005320582371462379,0.0032890718770630656,0.01646915857670983,0.21953833994534755,102.0628,101.3134,-0.69,6.547900199890137
2021-04-14,0.048172796686320574,0.05500900246435325,-0.006492181509603512,-0.002992779886668906,0.023708710203915517,0.018528013396888143,-0.0017434463598542393,-0.008362759969649858,-0.004096104320730376,0.010898908557871678,0.23590986208694165,102.0628,101.3134,-0.69,6.542600154876709
2021-04-15,0.00489689876893884,0.06275422325889934,0.0174275185107291,0.004883307306330131,0.021624486094410367,0.030480000553139153,-0.0002181966892855769,-0.004245359870097332,0.011033101401119794,0.017720259018400242,0.23948859970642972,102.0628,101.3134,-0.77,6.52810001373291
2021-04-16,-0.005213662429376598,0.06224959717366829,0.007674101250506382,0.020271511907645312,-0.012009036212427882,0.031470895900194584,-0.0012006835794533544,-0.006531768264195215,0.003602323390516915,0.013632294273229206,0.24099632334404586,102.0628,101.3134,-0.77,6.521299839019775
2021-04-19,0.003952261816502656,0.05981633793722274,-0.0054108888186163995,0.021825738399842365,0.016607777466976392,0.05315255491610982,-0.005366030191090054,-0.01168071465486964,-0.0053206898937574465,0.008507702454211952,0.24688526665132746,102.0628,101.3134,-0.73,6.511099815368652
2021-04-20,-0.014942297461873366,0.036865997380512106,0.004454866391930601,0.017653415824946173,-0.006136441950969074,0.04379549560190532,0.001864935774150922,-0.006663421045532303,-0.006825561005078029,-0.001606930427929143,0.2483023391760499,102.0628,101.3134,-0.74,6.509300231933594
2021-04-21,-0.01761092736824299,-0.028917726674051458,0.008404352241679014,0.0325499495762287,0.014688002811720002,0.034774788209709806,-0.0008771294530660612,-0.005797104138744125,0.009263020919853204,0.011752194812654437,0.25219748765717964,102.0628,101.3134,-0.76,6.498499870300293
2021-04-22,0.0013031738584805552,-0.03251145158450974,-0.0062124714463314135,0.008909959619168184,-0.0014007337467381031,0.011749568368561336,0.0018630962025527609,-0.003715811246905787,-0.009253337860554822,-0.008534244449020179,0.2454210250551267,102.0628,101.3134,-0.76,6.489999771118164
2021-04-23,0.01149157399900158,-0.015806215156131564,-0.0023607178798457085,-0.0011248595111839066,0.014495528570305671,0.03825413315129489,-0.005159473703611361,-0.007674601371063794,0.0108694098955322,-0.001267157944004893,0.2478768807148206,102.0628,101.3134,-0.76,6.490300178527832
2021-04-26,-0.0037081790762316658,-0.023466656048865886,0.0012372484577465315,0.005523277765179024,0.02388920803618788,0.04553556372050638,-0.0005504822317883296,-0.002859053411762069,0.0017806845645829128,0.005834216514335466,0.24098668484945138,102.0628,101.3134,-0.78,6.4944000244140625
2021-04-27,0.016500154750741736,0.007975796163749216,-0.000674660538547478,0.0003937508347009455,0.06421530667284814,0.11588731234432359,0.0011006615996027591,-0.003623327586310232,-0.0002149189814453223,0.012444858537968173,0.3111818441883718,102.0628,101.3134,-0.76,6.484499931335449
2021-04-28,0.014511327027076248,0.040098050559068454,-0.002703340739679483,-0.010713942146657551,-0.044403813130381664,0.05679549640222192,-0.00330545744656785,-0.006051655579812021,-0.0008458975873963936,0.002335940030718575,0.3555430713399272,102.0628,101.3134,-0.78,6.482100009918213
2021-04-29,0.01784794023211944,0.05664281693270734,-0.002880286458204928,-0.007381757158531066,-0.009745403319025625,0.0484508268299344,0.0,-0.007914751782364782,0.0067400415367036,0.018329319427976998,0.35221338762668425,102.0628,101.3134,-0.77,6.47790002822876
2021-04-30,-0.022242152794524905,0.022909090139180854,-0.00045252405155782327,-0.005473563330243181,-0.0031208092146690625,0.030834489044959668,0.00736710321065015,0.00461182513189673,-0.007220713417121161,0.0002391961153236366,0.35354861184385666,102.0628,101.3134,-0.76,6.471199989318848
2021-05-03,0.01421115561541697,0.04082842483082949,0.013544464845169024,0.006833653057179312,0.0141878078134976,0.021133088822269386,-0.003621820770754347,0.001540486592930712,0.002744321649512216,0.0012028332002529396,0.3542852188739037,102.0628,101.3134,-0.79,6.473499774932861
2021-05-04,0.018436604172652693,0.04276487425274045,-0.008746397574940445,-0.0012380839792136555,-0.001542118671627346,-0.0446243365222061,0.003731391195875844,0.004171216189203797,-0.0067007374898473415,-0.00528298530814908,0.3380949608955562,102.0628,101.3134,-0.81,6.472799777984619
2021-05-05,-0.0009138774338097733,0.027339669791854426,0.004663019601776064,0.006128276362241891,0.0006612142306958724,0.0004406908388714381,0.00021902128492268247,0.007695694920694329,0.00070321644711413,-0.003733871273638556,0.33655036214557743,102.0628,101.3134,-0.88,6.472799777984619
2021-05-06,-0.014117131715124742,-0.004625402155389757,0.01744683915797829,0.026455401978425108,0.01747149132571968,0.027657585483616742,-0.003950412480798526,0.003745282439895803,0.008132299498631923,-0.0023416133117102333,0.33134891946203315,102.0628,101.3134,-0.87,6.4730000495910645
2021-05-07,0.002931912300259576,0.020548662939394724,0.008555953960273754,0.035463879990256686,0.03132911309116371,0.06210750778944951,-0.0079478681993006,-0.011569688970054948,0.007346291419187523,0.01222539152459845,0.34259629234127875,102.0628,101.3134,-0.89,6.463200092315674
2021-05-10,0.0003080672203283896,0.006645574544306143,0.0034890862723271354,0.025408501417414797,-0.00684244806235057,0.04107725191360134,-0.00022172769089134903,-0.00816959589019195,-0.0104904805031385,-0.0010094106280522652,0.33867997666278327,102.0628,101.3134,-0.91,6.43149995803833
2021-05-11,0.005529977514751039,-0.006261052113595511,-0.000871114322687383,0.03328378466966786,0.009461819095785806,0.052081189681014495,-0.0007762650283504868,-0.01267725211441828,-0.008711750141781494,-0.0030204232799864172,0.3356530669371054,102.0628,101.3134,-0.89,6.41510009765625
2021-05-12,0.012180464966032645,0.006833290286246907,-0.007270798097462006,0.02134996697042979,-0.005455899067965619,0.045964076382353,0.006303584042597343,-0.0065926893567436196,-0.021682782358302788,-0.025406422085403335,0.3385793007031267,102.0628,101.3134,-0.85,6.428299903869629
2021-05-13,-0.03479954085411041,-0.013849118852738762,0.000658223605463526,0.004561351417915027,-0.00993874335107936,0.018553841705553964,0.0004408786110117191,-0.002201398264933374,0.012099644578093205,-0.021439077005942053,0.3385957205886805,102.0628,101.3134,-0.85,6.4552001953125
2021-05-14,0.023996863572300242,0.007215832419301904,0.007701365482795097,0.00370676294043637,-0.00885860766012958,-0.021633879045739324,-0.0047495566823823054,0.000996913251984921,0.014807778563623586,-0.01397758986150599,0.3374460760492474,102.0628,101.3134,-0.88,6.450900077819824
2021-05-17,0.013673775804153188,0.020581541003126702,0.01597700925187162,0.016194685919980856,0.012253072344894811,-0.0025383586384939427,-0.0011077709520348478,0.00011086999084142235,-0.0025332581839609958,-0.006020367542328486,0.3327928045246476,102.0628,101.3134,-0.9,6.436100006103516
2021-05-18,-0.011839828833954513,0.00321173465442115,0.00016065581069657497,0.017226456053364814,0.002960759124341017,-0.009039418609938732,-0.0052231181421547035,-0.004335983122962794,-0.00855377238403321,-0.005862389784580202,0.3305591441464746,102.0628,101.3134,-0.88,6.438199996948242
2021-05-19,-0.03306466947153197,-0.042033399783143466,0.007201759353875126,0.031699013504701945,-0.031316213006871596,-0.03489973254884471,0.00489055587881726,-0.005749011286742878,-0.0029477518113782963,0.01287264076234429,0.3521927596288539,102.0628,101.3134,-0.8,6.424200057983398
2021-05-20,-0.020892257784187684,-0.02812611671322074,0.00026573834868415247,0.03130652824792257,-0.0016355391276825504,-0.0265965283254479,-0.004222282748473027,-0.010412172646227624,0.010499429334508648,0.011272425518759732,0.35045809817274354,102.0628,101.3134,-0.78,6.434000015258789
2021-05-21,0.024358484926824353,-0.027764495358696628,-0.002713902241079147,0.020891260524048327,-0.018947464727376406,-0.036685385392694725,0.0023355300750775854,-0.0033270858887677335,-0.0007841880752526009,-0.004319541120116455,0.3585228139504454,102.0628,101.3134,-0.8,6.433899879455566
2021-05-24,0.03811309289020404,-0.003325178272645779,0.004200694539000516,0.009114945811177222,0.010069303102651972,-0.038869154634937564,-0.002112814949141395,-0.004332129885874281,0.009862497481215371,0.008076214545059912,0.3569562325329269,102.0628,101.3134,-0.83,6.433199882507324
2021-05-25,0.0003027042507328659,0.0088173548120416,0.007137789140429618,0.016092079140910265,-0.004303036537704585,-0.046132950296983166,-0.002117373500862385,-0.0012263852445819623,-0.002127545400828268,0.014502441528264853,0.34856188600858695,102.0628,101.3134,-0.86,6.418300151824951
2021-05-26,0.002116713686307392,0.04399873796988096,0.001684515438402201,0.01057483522543734,0.002429632694067374,-0.012387104596044196,0.00445238408273152,-0.0016645570406677024,0.0018750575506114586,0.01932525089025461,0.26181137497338447,102.0628,101.3134,-0.82,6.409999847412109
2021-05-27,0.009619785613413256,0.0745107813674819,-0.002949750706768839,0.007359346169984349,0.02902537536717409,0.018273809898812443,-0.0007777312096202138,0.0017799944981851112,0.001164636089862725,0.009990457645608686,0.23467467953772833,102.0628,101.3134,-0.81,6.390699863433838
2021-05-28,-0.007959774497063421,0.04219252194359413,0.0035806730456284797,0.013653921456691975,0.003422785253166305,0.040644059879355154,0.0006666395646188761,0.00011110398772640195,0.0007685864528870212,0.011543232173748308,0.23124533573352563,102.0628,101.3134,-0.84,6.381999969482422
2021-06-01,0.020890069065199413,0.024969498118589506,0.0002102404020440929,0.009663467319735553,-0.0043875518245004574,0.026187204952202725,-0.002223918936867797,0.0,-0.0004924547586302452,0.0011882799339026917,0.2316378215640023,101.2927,101.3689,-0.84,6.36899995803833
2021-06-02,0.01625814772216483,0.04092494159002147,0.0024144330207267473,0.004940111200032682,-0.013388296308475045,0.017101945181432265,0.0007789428259741271,0.002896316326836512,0.0014458890369013488,0.0047617143716323085,0.23291018000796157,101.2927,101.3689,-0.85,6.38070011138916
2021-06-03,-0.0002906752788502942,0.03851755262486378,-0.019213573983194898,-0.015957978221564417,-0.028332377874284775,-0.013660065386919884,0.006651892255237435,0.005095824499342427,-0.0036353030560487554,-0.0007486462350279055,0.2535778391054691,101.2927,101.3689,-0.79,6.380099773406982
2021-06-04,0.011702874100351757,0.04060064111180228,0.009891119010829286,-0.0031171085039662927,0.014652273684639283,-0.02803316706945469,-0.0039858402145291905,0.0018877154944334507,0.008795303383015707,0.006882021058125076,0.25908356616655887,101.2927,101.3689,-0.84,6.402699947357178
2021-06-07,-0.005617578654828037,0.042942836954037666,0.0036972523073179886,-0.0030005292422767837,-0.0005511286529771287,-0.03200708097559812,-0.00211008402207824,-0.0008890080922636656,-0.0007970562694215033,0.005316378335816552,0.2511571135708757,101.2927,101.3689,-0.82,6.3942999839782715
2021-06-08,0.011774973168924063,0.03382774105776232,-0.0024281340281699926,-0.005638903672490869,0.006155296333228311,-0.021464232817869355,0.0014442582490907796,0.002779169093694911,0.00017500954944082991,0.005983842643887627,0.22417751123854163,101.2927,101.3689,-0.83,6.396299839019775
2021-06-09,-0.0012856792844759823,0.016283914051121506,0.0005283457753790799,-0.007524990917838537,-0.0058245616713974435,-0.013900498180791754,0.00044396132262125576,0.0024441875903420396,-0.001825532590615353,0.002712421016370925,0.22393222737574514,101.2927,101.3689,-0.82,6.399499893188477
2021-06-10,0.004705917148854155,0.021280506478825956,0.0005280667735245714,0.012216649838880933,-0.0103031338039552,0.0041287458895378215,-0.00044396132262125576,-0.004651665987516651,0.00464145477646305,0.01098917884888273,0.2216134960151837,101.2927,101.3689,-0.9,6.386499881744385
2021-06-11,0.008781964747559101,0.0183595971260333,-0.008908706107218833,-0.006583175279167186,0.011404723341019274,0.0008811955459178122,0.00531440277751738,0.004648577004529919,0.0019465389328079397,0.004140414398674963,0.2268606170236695,101.2927,101.3689,-0.85,6.392300128936768
2021-06-14,-0.0004232514132960219,0.023553924367565315,-0.007163137661542862,-0.017443565248028037,-0.002094016644187846,-0.0006616924452929052,-0.00044180381553893255,0.006316857211069227,0.0018135563851373604,0.006751027053233827,0.22509322977214388,101.2927,101.3689,-0.85,6.39769983291626
2021-06-15,0.01734316887153753,0.02912212007017878,-0.005109598315891084,-0.020125029535749128,-0.043288974204270136,-0.05010596298279135,0.00022096843932484234,0.0050935674013032894,-0.0020137199542773487,0.004562297549515648,0.26650757458137764,101.2927,101.3689,-0.87,6.397200107574463
2021-06-16,0.000415869949966563,0.030823669304621326,0.0026925164354798525,-0.017960858875648356,0.012024140439162556,-0.03225726087223135,0.006495276249203208,0.011144882327885242,-0.005404703747025508,0.0009831263931054934,0.2663389715402409,101.2927,101.3689,-0.75,6.40500020980835
2021-06-17,-0.015504194797176574,0.010613557358590597,-0.04718346889536029,-0.06567239454453322,-0.04851124925652672,-0.07046537632480288,0.008305174501725077,0.019894018152231574,-0.00043581054367258787,-0.004094138927030144,0.30729010761792,101.2927,101.3689,-0.75,6.396699905395508
2021-06-18,0.008410457101401647,0.010242049712433143,-0.00333175014814735,-0.060095438585461736,-0.005271442057981579,-0.08714154172380373,0.003693290774446467,0.01827290614916066,-0.013211355687284154,-0.019252033547122238,0.2930521165197696,101.2927,101.3689,-0.79,6.447400093078613
2021-06-21,0.027806392060502283,0.03847169318623145,0.007831701368744781,-0.04510059955517409,0.005988064755717559,-0.07905946032389832,-0.0040198081030276,0.014694901861671994,0.013905163512319518,-0.00716042641994008,0.29522219698403335,101.2927,101.3689,-0.75,6.452099800109863
2021-06-22,-0.008178972782629579,0.01294955153206434,-0.0030915399958519885,-0.043082541235135,0.011161344012827978,-0.024609142106800208,-0.0014161694246412893,0.013057763997705862,0.005111406378990324,-3.530008667240736e-05,0.2948072039714317,101.2927,101.3689,-0.83,6.46589994430542
2021-06-23,0.00027376861460837176,0.01280745019670615,0.0033721157314259287,-0.04240294193918892,0.022533186717704323,-0.014100095828258441,0.0007628147526199669,0.007325302501122621,-0.0010838705186486663,0.004285533141704434,0.3046873475164072,101.2927,101.3689,-0.84,6.480299949645996
2021-06-24,0.003005893961120165,0.03131753895500289,-0.0037663122158093643,0.0010142147403620072,-0.00451253966079479,0.029898613767473492,0.00021780462745191187,-0.0007620673731505434,0.005794429545916913,0.010515773231293934,0.3047059120990183,101.2927,101.3689,-0.81,6.4730000495910645
2021-06-25,0.01017993139952278,0.03308701325312402,0.0005630313834590339,0.004908996271968391,-0.00290350039811349,0.03226655542734158,-0.00010893793377952932,-0.00456429608137654,0.0033250631646861706,0.02705219208326426,0.3042291957971603,101.2927,101.3689,-0.8,6.4710001945495605
2021-06-28,-0.015514727879787138,-0.0102341066871654,0.0016871946194525478,-0.0012355104773238423,-0.004896805697030215,0.021381684974593806,0.000762150364088221,0.0002176623857392812,0.0023122888604731884,0.01545931743141793,0.2817701884283666,101.2927,101.3689,-0.84,6.446300029754639
2021-06-29,0.0009596229601500639,-0.001095510944385758,-0.00948512454602124,-0.0076290950274930935,-0.0003506114582629838,0.009869729503502844,0.0018485929045954919,0.0034824247149760623,0.0002772977426861445,0.01062520879511375,0.28079571342347726,101.2927,101.3689,-0.83,6.455100059509277
2021-06-30,0.006691699240879423,0.005322419681885293,0.00452796776501696,-0.006473242993902062,0.004665815048149113,-0.007997642166052366,0.00422787098454247,0.0069474809468985654,0.0013272784229076962,0.013036357736670112,0.28251395428372866,101.2927,101.3689,-0.87,6.463099956512451
2021-07-01,0.023672955947228402,0.02598948166799353,0.002875900975945811,0.0001689701978531133,-0.012765905292922985,-0.01625100779818056,0.0017293133570674968,0.00845898967651415,0.005208041432254618,0.012449969623007817,0.28225834728778193,100.8614,101.3146,-0.87,6.456200122833252
2021-07-02,-0.0009309089249587288,0.014878641343512022,0.003765608592876113,0.0033715474072701923,0.009385324889507052,-0.0039621825105600195,-0.00400363152891714,0.00456429608137654,0.007472095894691222,0.01659700235301287,0.27106986851610826,100.8614,101.3146,-0.89,6.467599868774414
2021-07-06,-0.024104053108866985,0.006289316114432175,0.006096058971481355,0.007780411759299,-0.005620663029976436,-0.00468603984350624,0.003463578348616103,0.007265724065904422,-0.002023902770021735,0.012260810722517945,0.2643327089649638,100.8614,101.3146,-0.94,6.462800025939941
2021-07-07,-0.01607516652991059,-0.010745473375628478,0.00445063321581074,0.02171616952113098,0.01653702529637524,0.012201596911131984,0.0009719352426031946,0.006389066403912125,0.003353346553662817,0.015336859533494618,0.2728409831308217,100.8614,101.3146,-0.95,6.478099822998047
2021-07-08,0.010197215221300127,-0.0072399573952077745,-0.0010552467875140081,0.01613295496860001,-0.013371488070429427,-0.005835706207446556,-0.0030270161415693053,-0.0008658207221996506,-0.008597881009555053,0.005411700101031869,0.2736778285856401,100.8614,101.3146,-0.92,6.471499919891357
2021-07-09,0.02196691878118706,-0.008945994561249115,0.005762440859236939,0.01901949485189114,0.018785304387606727,0.025715503473083157,-0.002493397785878315,-0.0050885318651454625,0.01121482590241385,0.011418484571191101,0.2837333991521723,100.8614,101.3146,-0.91,6.489099979400635
2021-07-12,-0.0061886259232695195,-0.014203711559559906,-0.0024892835423582227,0.012764602716656803,-0.006800788799357971,0.009529389784218134,0.0010849003362283227,0.0,0.003445232695593603,0.007391621372093482,0.28269508800585474,100.8614,101.3146,-0.95,6.478000164031982
2021-07-13,0.015400391919102141,0.02530073346840922,0.002157750367033806,0.008826294112209254,-0.0019681857282249915,0.013181867085969579,0.005622207842502114,0.0021586294938860107,-0.003523011181165714,0.005892512960949503,0.2785873635598196,100.8614,101.3146,-0.94,6.474599838256836
2021-07-14,-0.028577261903654616,0.012798638094665193,0.008201066475029606,0.01257672737142812,-0.008729591718295016,-0.012084749928700678,-0.00367246395866605,-0.002485769707383234,0.001164256565468591,0.003703422972755277,0.2794300429710636,100.8614,101.3146,-0.97,6.46750020980835
2021-07-15,-0.020445466154863645,-0.01784404328149858,0.002244902250705394,0.015876876409647522,0.013008367366183382,0.014295105507912131,0.002269893178035609,0.0028111396122216803,-0.0032675735627449853,0.009033730419565345,0.24209996036139905,100.8614,101.3146,-1.01,6.468299865722656
2021-07-16,0.002230532553620712,-0.03758042950906493,-0.0076313331571569165,0.0024831023932536667,-0.00011544681092656717,-0.004605645690621163,0.0007554875203057421,0.0060600249184057375,-0.007567415006812794,-0.0097485104896613,0.2380733389944203,100.8614,101.3146,-1.02,6.460100173950195
2021-07-19,-0.07802551974330907,-0.10941732332910448,-0.003201619485909468,0.0017707664497024211,-0.028563388889063734,-0.026368245780326927,0.0021553726015177688,0.007130497183695184,-0.015996781399984172,-0.029190524585239075,0.19338361064051898,100.8614,101.3146,-1.05,6.4781999588012695
2021-07-20,0.014943494266210777,-0.10987422098199584,0.0012156445618103362,0.0008286606444789513,0.01485180627403504,-0.009548253778066895,0.000860882769104343,0.002369172110297413,0.015048806004799076,-0.010618707399274285,0.19857947857226838,100.8614,101.3146,-1.03,6.4893999099731445
2021-07-21,0.04183015958012426,-0.039466799498216965,-0.004427479639319998,-0.011799885469870652,0.0021037466339359767,0.001285084574164097,-0.002369172110297413,0.00367246395866605,0.008208041662143728,-0.0035749223025991483,0.19786711106941424,100.8614,101.3146,-0.98,6.48390007019043
2021-07-22,0.022643545813575194,0.003622212470221875,0.0011640986772754047,-0.012880689043300642,0.015179078440340499,0.0034557956483212138,0.0007544290376619855,0.0021569998182924266,0.00201463920924283,0.001707290469388667,0.2009153942823298,100.8614,101.3146,-1.01,6.4670000076293945
2021-07-23,0.0022224766612248814,0.0036141565778260443,-0.0019964378645118686,-0.007245793750655594,0.013364711728006018,0.0169359541872538,0.0009691915436782494,0.002370703841664934,0.0100943323862559,0.01936903786245736,0.190946456977574,100.8614,101.3146,-1.05,6.469699859619141
2021-07-26,-0.0022224766612248814,0.07941719965991023,-0.0014999993148858692,-0.005544173579631995,0.04058149206515793,0.08608083514147546,-0.002802352868234159,-0.002587021628086994,0.00237936692272811,0.037745186185169644,0.2340920855814923,100.8614,101.3146,-1.11,6.480400085449219
2021-07-27,-0.003622212470221875,0.06085149292347758,0.00044469393150237124,-0.00631512420993996,-0.009414458188131247,0.06181457067930918,-0.0023773646222675637,-0.005825269019458901,-0.004723583382176599,0.01797279679819397,0.23721628492449592,100.8614,101.3146,-1.13,6.4816999435424805
2021-07-28,0.010274984303148216,0.029296317646501535,0.0,-0.0018876445706199618,-0.014847898603880694,0.04486292544149251,-0.0011908051242235373,-0.004646902033385025,-0.00018627923155278836,0.009578475904497452,0.2436286562912738,100.8614,101.3146,-1.15,6.509699821472168
2021-07-29,0.016848605384812032,0.023501377217738373,0.017462614454720082,0.014410871206824716,0.00911216195873843,0.03879600895989044,-0.004995113912144689,-0.0103964449831917,0.0041973318452726005,0.011761168540527223,0.2445904175178814,100.8614,101.3146,-1.15,6.4893999099731445
2021-07-30,0.004472382630526184,0.025751283187039675,-0.01020919782220897,0.006198111249127614,-0.008777292901011702,0.016654004330872718,0.0033689925974984547,-0.007996643929371494,-0.005420713608261352,-0.003753877453990029,0.24760004898000817,100.8614,101.3146,-1.16,6.4552998542785645
2021-08-02,-0.037053957733289344,-0.009080197885024788,0.003029721145291653,0.010727831709305136,-0.010883711128238716,-0.03481119886252393,-0.0013027373071636816,-0.006497028368301017,-0.00184450567006067,-0.007977750046778809,0.2462683077550641,100.8614,101.3146,-1.17,6.4604997634887695
2021-08-03,-0.009871813057557688,-0.0153297984723606,-0.004409907432068039,0.005873230345734726,-0.011117587657581529,-0.03651432833197421,0.0003258434667543497,-0.003793820279279103,0.008169961338918341,0.004915794674316132,0.24884009749542463,100.8614,101.3146,-1.19,6.460999965667725
2021-08-04,-0.0347521965655595,-0.06035697934106832,0.0002209713408758418,0.0060942016866105675,-0.012165873542960393,-0.03383230327105391,0.002061240909723594,-0.0005417742453319718,-0.004643150661296502,0.00045892324457241784,0.25208262027952766,100.8614,101.3146,-1.16,6.469200134277344
2021-08-05,0.013698768963243069,-0.06350681576263728,-0.00298707183632807,-0.014355484604437585,0.003573300745127961,-0.03937116448466438,-0.0003251724075044038,0.004128167259308313,0.005987485990420538,0.0022490773897203553,0.24580639452705896,100.8614,101.3146,-1.1,6.465199947357178
2021-08-06,-0.011793069447452176,-0.07977226784061564,-0.025302169337170888,-0.029448456119399502,0.0,-0.030593871583652676,0.006052819876153137,0.006811994537962995,0.0016738645485290249,0.009343655546510732,0.24083111289533662,100.8614,101.3146,-1.06,6.460299968719482
2021-08-09,-0.026715679005755888,-0.06943398911308218,-0.021014711060311164,-0.05349288832500232,-0.013553595701871757,-0.03326375615728572,0.0016150086577244593,0.009729740502851136,-0.0009403502649565354,0.010247810951614866,0.23644642279556627,100.8614,101.3146,-1.04,6.482500076293945
2021-08-10,0.026862155336878857,-0.03270002071864564,0.003128456464730256,-0.045954524428204024,0.014933391699381904,-0.007212776800322285,0.0011827388465475153,0.010586635882644302,0.0009921869538640493,0.0030700365665605744,0.24134223700506754,100.8614,101.3146,-1.04,6.485199928283691
2021-08-11,0.013959788687986752,0.016011964534900613,0.012416792738750182,-0.033758703030329684,0.0028684109943628577,0.007821507737000966,-0.0016130981128634758,0.006912296860057232,0.0012749307180150993,0.008988117945872176,0.24134780465768796,100.8614,101.3146,-1.07,6.484899997711182
2021-08-12,-0.0023131955716575447,0.0,-0.0008001511567643504,-0.031571782350765965,-0.0018348393211125025,0.0024133676707605023,0.0013981959816726786,0.008635665249234314,0.00413780773547856,0.007138439690930198,0.23918211440008655,100.8614,101.3146,-1.05,6.4781999588012695
2021-08-13,-0.009452464799585059,0.002340604647867117,0.014868869094078363,0.008599256080483286,0.007091448503645514,0.009504816174406017,-0.005604716970648127,-0.0030218715975669497,0.001606016320923942,0.0070705914633251155,0.23625944457427142,100.8614,101.3146,-1.08,6.478300094604492
2021-08-16,-0.016945833890281925,0.01211044976334108,0.006569223434738092,0.03618319057553254,-0.014927377051027424,0.00813103482525035,0.001188232534920175,-0.003448647720371234,0.002617422261993241,0.010628363990274892,0.2423107080757602,100.8614,101.3146,-1.1,6.476399898529053
2021-08-17,-0.010457289678278414,-0.02520899525181619,-0.0010638733336794104,0.031990860777122876,-0.0286337843867972,-0.035436141260928755,0.005383303426821584,0.0007519168599028347,-0.007085743507136755,0.0025504335292740876,0.24241494226907914,100.8614,101.3146,-1.07,6.473599910736084
2021-08-18,-0.017115106040668238,-0.05628388998047118,-0.0019065919740288706,0.017667476064343823,-0.020202619271785682,-0.058507171527077295,0.00010739395952530373,0.0024724089322916143,-0.010806652845255726,-0.009531150033996738,0.24553220341135215,100.8614,101.3146,-1.05,6.485099792480469
2021-08-19,-0.027411712265815957,-0.08138240667462959,-0.000786133143328982,0.017681494077779192,-0.019008566265899418,-0.07568089847186421,0.004606085025175233,0.0056802979757941685,0.0012559032561583194,-0.012413054513316979,0.2521194348616968,100.8614,101.3146,-1.04,6.4832000732421875
2021-08-20,-0.02174514615558376,-0.0936750880306283,0.00044931419327998157,0.0032619391769808104,0.023493114300061846,-0.05927923267544788,-0.0007483797317098251,0.01053663521473247,0.008108603890741861,-0.00591046694349906,0.2610731512279735,100.8614,101.3146,-1.01,6.49370002746582
2021-08-23,0.05190286025784374,-0.02482639388250263,0.01238783291725376,0.009080548659496479,0.023898832525377056,-0.0204530230990434,-0.005792153039656078,0.003556249640156217,0.008487667984411473,-4.022122108082726e-05,0.27143150731637805,100.8614,101.3146,-1.02,6.491600036621094
2021-08-24,0.02853477158933604,0.014165667385111824,0.0013300957751090081,0.011474517768284898,0.00482954775695732,0.013010309044711121,-0.0007532924262481089,-0.0025803462129134758,0.0014946188019617779,0.008540141088017705,0.22526307091187658,100.8614,101.3146,-1.01,6.480000019073486
2021-08-25,0.012067838663122998,0.04334861208890306,-0.009683432986546947,0.003697676755766821,0.0023473607180048983,0.0355602890345017,-0.0006461076920798448,-0.0033338478645186242,0.0022176574032517493,0.02156445133652518,0.22512148434137533,100.8614,101.3146,-1.0,6.469900131225586
2021-08-26,-0.013846184528889971,0.056914139825829047,0.00223438820984434,0.006718198108940143,-0.004464830380560336,0.050104024919840784,0.0024745370450904858,-0.005465395844603371,-0.005841949827603443,0.014466598252763418,0.22109585073850602,100.8614,101.3146,-0.99,6.474899768829346
2021-08-27,0.01938955769773454,0.09804884367914735,0.013522720423364554,0.019791604339024715,0.016467612738665593,0.04307852335844453,-0.00398380195452841,-0.008700818067421956,0.0087690715404527,0.015127065902474257,0.22736127490551897,100.8614,101.3146,-1.08,6.480500221252441
2021-08-30,0.006814107280795234,0.05296009070209884,-0.004192402233391235,0.00321136918837972,0.010256470859228095,0.02943616169229557,-0.0004316490265692252,-0.003340314054335103,0.004297324106874001,0.010936722024936785,0.22996242888660037,100.8614,101.3146,-1.08,6.470799922943115
2021-08-31,-0.010311602357339744,0.014113716755423056,0.00331126130365611,0.005192534716926822,-0.00022931487279609364,0.024377299062542157,-0.00021593558582111427,-0.0028029572139081083,-0.001350026915892144,0.008092076307082863,0.22730676314775783,100.8614,101.3146,-1.03,6.465099811553955
2021-09-01,0.0013129528517472622,0.0033588309440473196,-0.0010473937325583549,0.013828573970915414,-0.022498947515922962,-0.00046900917138570364,-0.0019451087915154375,-0.004101958313343701,0.00031164006095174557,0.006186058964782859,0.23703951178320157,100.0577,101.1935,-1.03,6.45959997177124
2021-09-02,0.020205646059582527,0.03741066153251982,-0.0024297457991773186,0.009164439961893756,0.006313583580268123,0.010309404789442755,-0.002382431178271638,-0.008958926536705825,0.002838605754405421,0.014866614546791723,0.23502292515439638,100.0577,101.1935,-1.03,6.459000110626221
2021-09-03,-0.010051735327239797,0.007969368507545482,0.01219933438580334,0.007841053924332542,0.008241019236161495,0.0020828112869386572,-0.002062218530817894,-0.007037343112995309,-0.00033508726118114396,0.0057624557451578795,0.23657879359016754,100.0577,101.1935,-1.01,6.455399990081787
2021-09-07,-0.013659068006801611,-0.012503806780051363,-0.019301359933995066,-0.0072679037762712895,-0.011158980827595144,-0.019332640399884582,0.0052015259656847945,-0.0014041681207412893,-0.0034013524523217598,-0.0019362208140378812,0.23958720137671508,100.0577,101.1935,-0.98,6.456699848175049
2021-09-08,0.013803409387297627,0.011611204964586008,-0.0028997250439291022,-0.013478890123856502,-0.01069409764641116,-0.02979742317349965,0.0014041681207412893,0.00021593558582111427,-0.0013194368138158552,-0.0019056307119615923,0.2378604732237032,100.0577,101.1935,-1.03,6.4654998779296875
2021-09-09,-0.016880546957262155,-0.006582294844423409,0.0037346122321668673,-0.00869688415913128,0.012095813030311486,0.0047973373727348,-0.0018365279775611754,0.0003245163997753764,-0.004616247150002195,-0.006833517922915533,0.2357168145779516,100.0577,101.1935,-1.08,6.460700035095215
2021-09-10,0.022922834884966825,-0.0038651060190391107,-0.00434907227353154,-0.010616210633485501,0.037684068816507654,0.03616782260897433,0.0010807141581157254,0.0037876617361627396,-0.007752552286277137,-0.01742467596359809,0.2707076143450873,100.0577,101.1935,-1.05,6.4542999267578125
2021-09-13,0.010415956866150822,0.016602586174351508,0.0013401970011459596,-0.02147534801814288,-0.01918003193451101,0.008746771438301826,0.00043197532570893316,0.006281855592689567,0.0022739003463705387,-0.014815688356046408,0.2794489598053424,100.0577,101.1935,-1.04,6.443399906158447
2021-09-14,0.00014196489289464154,0.03040361907404776,0.007062031376286804,0.004888043292138988,-0.010482219734218257,0.009423532531678713,0.00032383849373651685,0.0014041681207412893,-0.005763213966258007,-0.017177549869982656,0.28052363915410444,100.0577,101.1935,-1.05,6.450799942016602
2021-09-15,0.030057501878528292,0.046657711565278426,-0.006838828378295858,0.0009489399577722324,0.019607402467313184,0.03972503264540306,-0.0017284617313624295,-0.0017284617313624295,0.008438294222079534,-0.007419818834087266,0.2840270579516389,100.0577,101.1935,-1.04,6.438300132751465
2021-09-16,0.0,0.06353825852254058,-0.021314620752901803,-0.024100293027296438,-0.02879719785590873,-0.001167978240817158,0.00399248169530253,0.004100547941501276,-0.001552344712765219,-0.00435591639685029,0.2842415661612362,100.0577,101.1935,-1.01,6.431399822235107
2021-09-17,-0.008853279317054152,0.0317621443205196,-0.0029680108385328197,-0.022719231592297717,-0.007742880476100167,-0.04659492753342498,0.0036546997827722194,0.00667453356615777,-0.009152630275798046,-0.005755994386371199,0.27574627023380316,100.0577,101.1935,-0.96,6.456600189208984
2021-09-20,-0.02361982826817499,-0.0022736408138062103,0.007063155449170466,-0.01699627314427321,-0.030734851318193313,-0.05814974691710728,0.0004291023090985391,0.006671660549547376,-0.017123077726381553,-0.02515297245912329,0.28937701385635684,100.0577,101.1935,-0.98,6.465199947357178
2021-09-21,0.00383382288529166,0.0014182171785908082,0.008027603161512964,-0.01603070135904705,0.0026682077001747295,-0.044999319482714295,-0.0004291023090985391,0.00591871974671232,-0.0008126886585468895,-0.020202447151412173,0.2776605354982674,100.0577,101.1935,-0.96,6.465000152587891
2021-09-22,0.023392141440261582,-0.0052471432596759016,0.00039403900726320273,-0.00879783397348799,0.029714083238213673,-0.034892638711813806,0.002785838528990503,0.010433020007065252,0.009474585224218401,-0.019166156149273306,0.28463028065502255,100.0577,101.1935,-0.96,6.466000080108643
2021-09-23,0.014705131988040243,0.009457988728364342,-0.016457073725568705,-0.003940286946154892,-0.0050686996281630314,-0.011164140484068108,-0.003859359583008981,0.0025811787287537413,0.012061680369937378,-0.005552131066570709,0.2846679150869186,100.0577,101.1935,-0.9,6.4608001708984375
2021-09-24,0.009234181254130114,0.027545449299548608,0.0011437069101942754,0.00017143080257220333,0.01326543113348655,0.009844171125518608,0.002467451303454382,0.001393930249435904,0.0014599428113637458,0.005060442020591083,0.28842022076818274,100.0577,101.1935,-0.87,6.457900047302246
2021-09-27,0.019675312985898863,0.07084059055362246,0.00017147117355520436,-0.0067202534730430585,0.0013984484427296273,0.04197747088644155,0.0005355409330336514,0.0015003688733710163,-0.0027802439201884965,0.01940327582678414,0.28792714409541875,100.0577,101.1935,-0.87,6.465700149536133
2021-09-28,-0.002122808744394078,0.06488395892393672,-0.008147357577374947,-0.02289521421193097,-0.01136044588733598,0.02794881729893084,0.00416777950204672,0.0060972506845162755,-0.020574317739892933,-0.00035835325456190503,0.28463688746417987,100.0577,101.1935,-0.84,6.455999851226807
2021-09-29,-0.006128437460249714,0.03536338002342543,-0.008272426561606316,-0.03156167978080049,-0.010657312928060048,-0.012422578867342882,0.0060602994060321436,0.009371711561557916,0.0015679543362843162,-0.00826498414249599,0.28362327522768777,100.0577,101.1935,-0.82,6.459000110626221
2021-09-30,0.002669118726309705,0.02332736676169489,0.01944380650125943,0.004339200446027647,-0.026539472513996687,-0.03389335175317654,-0.0009544127097909083,0.012276658434775989,-0.011981202945015923,-0.03230786745744929,0.2961642210113322,100.0577,101.1935,-0.85,6.469600200653076
2021-10-01,0.011265091582320252,0.02535827708988503,0.0009679989072592932,0.0041634924430926645,0.024990710086426615,-0.02216807280023647,-0.002230592920741792,0.007578614210579815,0.011425952113334858,-0.022341858155478178,0.302479967353833,99.73495,101.1644,-0.9,6.445499897003174
2021-10-04,0.022672052455314784,0.02835501655930095,0.005222509201740166,0.009214530471277627,0.012559400382500474,-0.011007120860465625,-0.002448799294529458,0.004594273983016706,-0.013070952048643392,-0.03263256628393307,0.30508879920054865,99.73495,101.1644,-0.89,6.445700168609619
2021-10-05,0.016736226260983145,0.04721405156467817,-0.003743821789051971,0.013618066259600603,-0.010534481818709862,-0.010181156791839507,0.0018105952814799764,0.002237089762449962,0.010469517498600922,-0.0015887310454392178,0.30525498877647794,99.73495,101.1644,-0.91,6.445199966430664
2021-10-06,-0.019187081246777815,0.03415540777815007,0.0005113629953221732,0.022401855816529093,-0.010766960141822102,-0.010290804005601561,0.0030809404039535693,-0.0007422692396286124,0.004094399349623856,0.0009377139679003221,0.30509972220353815,99.73495,101.1644,-0.9,6.445199966430664
2021-10-07,0.01117333563200873,0.042659624683849096,-0.001477930901064184,0.001480118414205478,0.022360556456066494,0.03860922496446162,-0.0005304835705066679,-0.000318340100344372,0.008264039225066355,0.0211829561379826,0.31372387461046763,99.73495,101.1644,-0.88,6.445199966430664
2021-10-08,0.013320785770737587,0.04471531887226643,-0.000910577464654061,-0.0003984579577078762,0.007499464525189792,0.021117979403224796,-0.0015933034880504238,0.00031894933234699607,-0.0019155566024213755,0.007841447422226366,0.3119292556042011,99.73495,101.1644,-0.89,6.445199966430664
2021-10-12,0.0014892376733053325,0.021433409167492812,0.0021065641406039504,-0.0007390356792162933,-0.010455613767918814,0.02977593156616809,0.002118163809536888,0.0057293874087873675,-0.002419705686554252,0.001133734641374673,0.2859043377313979,99.73495,101.1644,-0.9,6.4496002197265625
2021-10-13,-0.002483201499114074,0.03813728891515655,0.019933037412386057,0.01868263873784759,0.043286080122214354,0.08382897183020455,-0.0046659131900588235,-0.0020174661852250253,0.003017955870230793,5.729116198160966e-05,0.32053521257614614,99.73495,101.1644,-0.96,6.447999954223633
2021-10-14,0.010757384938741232,0.037721338221889056,0.00167112342901099,0.021831693067922764,0.02425809176892857,0.08572650714306662,-0.001276353566144195,-0.0027633361808625523,0.016919162285711664,0.008712414222626919,0.3241057453444693,99.73495,101.1644,-1.0,6.426599979400635
2021-10-15,0.011859069754950546,0.036259622206102016,-0.01655527628627862,0.006186994246298205,0.021889815135657686,0.10011685775353452,-0.00021284345906913416,-0.0013828761518812627,0.00743252063718991,0.018060491462238204,0.3098727261054781,99.73495,101.1644,-0.97,6.439000129699707
2021-10-18,0.0019427356878063406,0.023565226555689378,-0.0013589483086544618,0.0057965003870679155,-0.0007396026716168791,0.07823877058726492,0.00010638678884333785,-0.003930559616891927,0.003369087801804227,0.028319020908382342,0.30723437943697746,99.73495,101.1644,-0.95,6.434800148010254
2021-10-19,0.006287767248904785,0.02836375613128883,0.0027726159189187527,0.006462552165382718,-0.003494099675485307,0.08520028467969842,-0.0017044430943800037,-0.0077531665208088185,0.007366142784235308,0.0381048693791719,0.2804696151737888,99.73495,101.1644,-0.89,6.428899765014648
2021-10-20,0.010909460858902875,0.04175641848930578,0.0081040596104609,-0.005366425636542438,0.008870135393080458,0.05078433995056453,-0.002455334660880659,-0.005542587991630654,0.003657333598560797,0.038744247107501906,0.2802391891939803,99.73495,101.1644,-0.92,6.381800174713135
2021-10-21,-0.01646972040377115,0.014529313146793399,-0.0016268056619157534,-0.008664354727469181,-0.03628974508804461,-0.009763496906408653,0.0022420240104521483,-0.002024210415034311,0.002991393168359835,0.024816477990150076,0.30431105446127943,99.73495,101.1644,-0.96,6.392899990081787
2021-10-22,0.01515729872583016,0.017827542117673012,0.007996267631640741,0.01588718919045018,-0.013278690294991735,-0.044932002337058075,-0.0017077177280722111,-0.003519084684037388,-0.0010731292246628499,0.016310828128297317,0.3085573660177866,99.73495,101.1644,-0.98,6.3917999267578125
2021-10-25,0.0,0.01588480642986667,0.005830920310793353,0.023077057809897994,0.005618262331948953,-0.03857413733349224,0.0021342122090421967,-0.0014912592638385291,0.004736959440853283,0.017678699767346373,0.30654777738771305,99.73495,101.1644,-1.02,6.383900165557861
2021-10-26,0.010569534538419134,0.02016657371938102,-0.007391618953336732,0.01291282293764251,-0.014383974458996862,-0.0494640121170038,0.0014912592638385291,0.0017044430943800037,0.0018181414322437917,0.012130698415354857,0.3123075863534509,99.73495,101.1644,-1.06,6.384699821472168
2021-10-27,-0.02378927321801605,-0.014532160357537904,0.0028964946878655695,0.007705258015047178,-0.022427198827258632,-0.08076134633734289,-0.0009583765076293105,0.0032014012476313525,-0.005064370371105298,0.003408994445688762,0.3205586759527825,99.73495,101.1644,-1.11,6.381499767303467
2021-10-28,0.0018129441767182897,0.003750504222951534,0.0020558146825893076,0.01138787835955224,0.011445513487450487,-0.03302608776184779,-0.005448463227110345,-0.004489085989931141,0.009781288424184353,0.01019888970151328,0.31907919471923724,99.73495,101.1644,-1.0,6.391600131988525
2021-10-29,0.009135802798019732,-0.0022709917048588935,-0.010377806530908806,-0.006986195802997308,-0.014070309600734632,-0.033817707067590685,0.008214739398917814,0.005433371137058884,0.0019474372317169752,0.013219456157893106,0.30743278614537184,99.73495,101.1644,-0.96,6.390399932861328
2021-11-01,0.00572729580185527,0.0034563040969963765,0.006763378213492821,-0.00605373790029784,0.006038126637894603,-0.033397842761645036,-0.0025532513143495805,0.0007459076136671072,0.0017984589459025813,0.010280955662942404,0.29736213966141556,99.46453,101.1417,-0.92,6.404699802398682
2021-11-02,-0.0016670566381833396,-0.008780287079606097,-0.0035716453755405553,-0.0022337643225016635,-0.006381033013645343,-0.025394901316293517,0.0022343903708126334,0.0014890387206412115,0.0036736071203886667,0.012136421351087279,0.29637374346262857,99.46453,101.1417,-0.95,6.396200180053711
2021-11-03,-0.03702556776440247,-0.022016581625992515,-0.014131911060620617,-0.01926217007098785,-0.011034561912988572,-0.014002264402023457,-0.002447415228270522,0.0,0.00644049461288887,0.023641286335081446,0.2966326095435453,99.46453,101.1417,-0.93,6.398900032043457
2021-11-04,-0.025679410373699696,-0.0495089361764105,0.016533033964661215,-0.004784950788915943,0.0,-0.025447777889473944,0.005206938772963632,0.010655402000073977,0.004173222342817695,0.018033220253714788,0.2934022898767745,99.46453,101.1417,-1.03,6.406199932098389
2021-11-05,0.030737042071998566,-0.027907696902431667,0.012966339059569343,0.018559194801562207,0.005302551440580006,-0.006074916848159306,-0.0003180026484423948,0.002122659952713768,0.0037258500452850285,0.01981163306728284,0.28421887763704123,99.46453,101.1417,-1.09,6.396399974822998
2021-11-08,0.008088324419384563,-0.025546668284902374,0.00603767125981669,0.017833487847886076,0.01279437866509281,0.0006813351790389,-0.0028666647982911186,0.0018092464687722298,0.0008873940607010411,0.0189005681820813,0.28630867089389594,99.46453,101.1417,-1.11,6.397900104522705
2021-11-09,0.02673571089110105,0.0028560992443820155,0.0015310188776389566,0.022936152101065588,-0.005691556501315143,0.0013708116913691004,-0.0009574381483750116,-0.0013825820504154152,-0.0035049109263987077,0.011722050135293927,0.2778903681113761,99.46453,101.1417,-1.17,6.391600131988525
2021-11-10,-0.033963083312826825,0.005918583695957658,0.009462262540359312,0.046530325702045516,-0.011943193107045502,0.00046218049731217015,0.009427530246825633,0.01049236342468074,-0.008259842163861109,-0.0029782866414560516,0.27864637819042376,99.46453,101.1417,-1.14,6.39169979095459
2021-11-12,-0.009853453732612039,-0.005923696635370845,0.0025194048720464934,0.027958284570881453,0.011512569024587638,0.02419338797184256,-0.0005254905527820597,0.00855109535290488,0.0071966975641295505,-0.0031298731324405082,0.22640324961943561,99.46453,101.1417,-1.15,6.389500141143799
2021-11-15,0.0011133339296822697,-0.012898687125073138,-0.0009641397790911554,0.020956473531973607,-0.010945115749440237,0.00045389355730951486,0.0029390848001371594,0.014356844951333159,-1.0739878016252646e-05,-0.004028007071157802,0.2110853453967492,99.46453,101.1417,-1.13,6.378600120544434
2021-11-16,-0.0014847208572588144,-0.041119118873433,-0.006720997509486182,0.012704457144848469,-0.01106623823031705,-0.004920788171692392,0.005331058483243112,0.020645341582951282,0.003857779057126365,0.0033346829123672705,0.21246691991985656,99.46453,101.1417,-1.1,6.3821001052856445
2021-11-17,-0.030168219030816346,-0.03732425459142252,0.008648283108735555,0.011890477713224712,-0.019811861032998257,-0.012789456097645147,-0.000938684166871262,0.010279127169254387,-0.0026050154828958227,0.008989509593332556,0.21947768965458084,99.46453,101.1417,-1.1,6.39109992980957
2021-11-18,0.008260852906700755,-0.032132206784304174,-0.004663986413491195,-0.0011814357212864834,0.008621789527720525,-0.02168885646044738,-0.0030307899185171294,0.00377517864520982,0.003379064740171245,0.011817786000515085,0.2192861441011015,99.46453,101.1417,-1.14,6.3769001960754395
2021-11-19,-0.0375262089554429,-0.05980496200713503,-0.005279926579310867,-0.008980767172643844,0.022596648836052946,-0.010604776648982073,0.005532071700573127,0.009832740898565007,-0.0013996446049873157,0.0032214438313982185,0.2068917340905078,99.46453,101.1417,-1.11,6.385000228881836
2021-11-22,0.008505141650638315,-0.05241315428617899,-0.024719596086009155,-0.03273622347956184,-0.0029532077089218234,-0.0026128686084636588,0.004465919099891025,0.011359575198318872,-0.003202258316960638,2.992539245383341e-05,0.20277792143525902,99.46453,101.1417,-0.98,6.386199951171875
2021-11-23,0.02254523832105626,-0.028383195107863912,-0.01253672917798454,-0.0385519551480602,0.006349919772657531,0.014803289394510921,-0.00010365445204563173,0.005924862263030128,0.001655761383194232,-0.0021720922814782995,0.20311224734886843,99.46453,101.1417,-0.95,6.384300231933594
2021-11-24,-0.0014022643738220708,0.0003827595491303626,0.00033634689746619983,-0.04686389135932956,0.0077690242978962765,0.042384174725405455,0.003620740360880781,0.010484286790782171,0.0022912237766679056,0.002724146978085429,0.19967981254776224,99.46453,101.1417,-0.97,6.3907999992370605
2021-11-26,-0.139985179881994,-0.14786327323956439,0.0006724229725980635,-0.0415274819732403,-0.04039689262802093,-0.006634507430336001,-0.007774880075842816,0.005740196633456485,-0.022987011159321113,-0.02364192892140693,0.23187362942845943,99.46453,101.1417,-1.07,6.386000156402588
2021-11-29,0.026069476951239068,-0.08426758733288242,-0.0016818032430743202,-0.03792935863700375,0.01287945681614322,-0.016351699450245727,0.0025983490117962305,0.0028064739446795883,0.013113836082823127,-0.009128448233596487,0.23290669534004538,99.46453,101.1417,-1.02,6.392000198364258
2021-11-30,-0.05540235037902086,-0.1481750793625416,-0.0048933268890927195,-0.018103089440087317,-0.013697258099476306,-0.02709574984080021,-0.003639566069002065,-0.005299011224213501,-0.019143381187848973,-0.025069571104484822,0.23264819014479257,99.46453,101.1417,-1.07,6.38700008392334
2021-12-01,-0.00926003748343529,-0.17998035516703315,0.004500457702866889,-0.0010659025592358873,-0.007155021033390607,-0.04060069064684835,0.0006249238664342016,-0.004570432905733668,-0.01188554145795706,-0.038610873945636115,0.23205524572829994,99.22209,101.0959,-1.01,6.3632001876831055
2021-12-02,0.014083678040478276,-0.1644944127527328,-0.011800393739535231,-0.013202643196237318,0.012051826730420823,-0.0363178882143238,0.0008324925190246191,-0.00735868074758983,0.014094638396057846,-0.026807459326246175,0.23612101077576864,99.22209,101.0959,-1.03,6.367300033569336
2021-12-03,-0.0036155185499371356,-0.028124751420675942,0.01202489953057917,-0.001850166638256212,-0.007588569722410954,-0.0035095653087138245,-0.00010397406340612037,0.00031222526484686597,-0.008484455141738678,-0.01230490330866374,0.2345398049777961,99.22209,101.0959,-1.08,6.3755998611450195
2021-12-06,0.04759639747281241,-0.006597830899102597,-0.002528446353358582,-0.002696809748540474,0.016389022124857044,0.0,0.0017670413174339927,-0.0005190824295153718,0.011662599309685717,-0.01375614008180115,0.24187702979917686,99.22209,101.0959,-1.01,6.37529993057251
2021-12-07,0.03617753821695757,0.08498205769687583,0.002865076323460336,0.0050615934640125815,0.00023053084914304023,0.013927788948619346,0.000830497603366176,0.003950981242852869,0.02049560318625332,0.025882844292301144,0.2411450047770576,99.22209,101.0959,-0.99,6.374800205230713
2021-12-08,0.004293304160383649,0.09853539934069477,0.00044870938953955886,0.0010098451506852513,0.012143573592484413,0.03322638357449437,-0.0049932835631123496,-0.0016672261866936822,0.0030805355865854978,0.0408489213368437,0.24071598734147137,99.22209,101.0959,-1.0,6.366300106048584
2021-12-09,-0.019819185201463085,0.06463253609875341,-0.004946636746660182,0.0078636021435603,-0.013989420272332742,0.007185136571740802,0.0039550141194206745,0.0014552954137023733,-0.007206988232523415,0.01954729470826244,0.24480376327909073,99.22209,101.0959,-0.98,6.343699932098389
2021-12-10,0.010237740696854125,0.07848579534554467,0.004666234090445087,0.0005049367034262175,-0.010913827542635923,0.003859878751515833,-0.0022877879327269923,-0.0007285184556184987,0.009503769118209604,0.037535518968210724,0.24422525077595073,99.22209,101.0959,-0.96,6.376500129699707
2021-12-13,-0.005316146485581541,0.02557325138715072,0.001905203055442506,0.004938586112227306,-0.0007006382375669418,-0.013229781610908153,0.002807057404996982,0.00031149763194449065,-0.009178158342793452,0.016694761315731554,0.23527918429117445,99.22209,101.0959,-0.98,6.360000133514404
2021-12-14,-0.007886219462695188,-0.01849050629250204,-0.008940945262644107,-0.006867435473877137,-0.006093297896441863,-0.019553610356493056,0.0025921524265175577,0.0020731524550958724,-0.0074987228546241624,-0.011299564725145927,0.2310029140051451,99.22209,101.0959,-0.93,6.365499973297119
2021-12-15,0.001977393068239408,-0.02080641738464628,-0.004415545712583402,-0.011731690576000098,-0.017668113917494566,-0.049365297866472035,-0.000621478764821326,0.006444957253386896,0.016216267351891744,0.0018361670401603192,0.23534162937557176,99.22209,101.0959,-0.92,6.366499900817871
2021-12-16,0.021082728611518498,0.020095496428335302,0.019105998391674817,0.012320944562334901,0.028539628694200125,-0.006836248899939168,-0.004881871168030294,-0.0023919280340640725,-0.008781863311112303,0.0002612919615714304,0.2562876836791897,99.22209,101.0959,-0.98,6.366499900817871
2021-12-17,-0.021223872138086186,-0.011366116406605009,0.003999601595126023,0.011654312067015837,-0.0022114952662113385,0.0018660833764854168,0.00550334993285162,0.00539920983151454,-0.010340964584054646,-0.01958344174069282,0.2467720729657479,99.22209,101.0959,-0.97,6.367199897766113
2021-12-20,-0.03782170802322238,-0.043871677944245846,-0.005615079468241468,0.004134029543331863,-0.0006993315504948416,0.001867390063557517,-0.00020709033609644933,0.0023850620904211084,-0.011453398323256536,-0.021858681721155904,0.24486911528930685,99.22209,101.0959,-0.96,6.374000072479248
2021-12-21,0.04148422979704236,0.005498771315491702,-0.0032387379200198296,0.00983623688595614,0.011592922396493677,0.019553610356493056,-0.0006216865896844226,-0.0008287769257808719,0.01762175538519628,0.0032617965186645392,0.23469209919465187,99.22209,101.0959,-0.96,6.374599933624268
2021-12-22,0.022797753185247238,0.026319131432499532,0.007633384981113878,0.02188516757965342,0.011801986464597292,0.049023710738584914,-0.004258157063561363,-0.004465455224520909,0.010128728029126677,-0.0028257428041005284,0.2384959576031729,99.22209,101.0959,-1.01,6.37060022354126
2021-12-23,0.014056850467597748,0.019293253288578782,0.005314436655822874,0.008093605843801477,-0.0005697162249116428,0.019914365819473145,-0.0006247286873142244,-0.00020831274380483933,0.006204412685251626,0.0121605331922634,0.23735266908849717,99.22209,101.0959,-0.97,6.369100093841553
2021-12-27,0.02383614151683311,0.06435326694349808,-0.0017130253953698826,0.002380978853305571,0.01762360718859779,0.039749468274282274,0.0007287460359135522,-0.004982916640742907,0.013744051573606697,0.036245549349924744,0.2439855510053491,99.22209,101.0959,-1.02,6.366600036621094
2021-12-28,0.0054108169469753165,0.10758579191369577,0.00116075276468397,0.00915681108623101,-0.010129535152001212,0.030319264672775903,0.0011441117706736392,-0.0036317145339728185,-0.0010106653988870562,0.046688282274294224,0.19913085313793072,99.22209,101.0959,-1.01,6.369800090789795
2021-12-29,0.007604523314618028,0.07370608543127144,-0.0028213310498177435,0.009574217956433095,-0.004080741511986119,0.014645600764296107,-0.0028105639375155533,-0.005820591881803949,0.0014009134018575509,0.030467440290955494,0.19557140891707867,99.22209,101.0959,-0.98,6.367199897766113
2021-12-30,0.005600800287199448,0.05650913253322365,0.004201441162821951,0.006142274138141168,-0.0039833715111297074,-0.0011397572114308918,0.00041689333807770623,-0.00114554148016488,-0.002994233841905114,0.017344478419923703,0.18935187882642268,99.22209,101.0959,-1.06,6.367300033569336
2021-12-31,-0.023391326877737484,0.019060955187888418,0.008131493091743103,0.008959330574061397,0.01595144346974342,0.015381402483224171,-0.003130904798370082,-0.003651717591220738,-0.0026296343734735217,0.008510431361198556,0.19342431579760677,99.22209,101.0959,-1.04,6.372099876403809
2022-01-03,0.011501253639260689,0.006726067310315997,-0.015495623073023879,-0.004823267103592599,-0.009132412861813988,-0.011374617567187606,0.00594029891871628,0.0015598352915819902,0.006353824170387767,0.0011202039579796264,0.19384773691289428,99.22209,101.0959,-0.97,6.354899883270264
2022-01-04,0.011890073238476795,0.013205323601817476,0.008081062124172256,0.002097042255895687,0.011598540419920145,0.010353458004733751,0.0005194312906988685,0.0009351548116072195,-0.0006298202522039276,0.001501049104662755,0.19420367359390042,99.22209,101.0959,-0.91,6.355100154876709
2022-01-05,0.011108363136662192,0.01670916342386164,0.00582641985579091,0.01074479316150434,-0.013866424055518856,0.0005677754612010144,-0.0010390532146073994,0.0027066655345153734,-0.019583264304500858,-0.019483128601695654,0.1945850853769432,99.22209,101.0959,-0.82,6.354300022125244
2022-01-06,0.020469860184824107,0.0315782233214863,-0.0198716998297801,-0.013328347831097709,-0.012910766635443549,-0.008359619663112827,0.0006235456222878355,0.0029133178187255027,-0.000964233740180731,-0.01745312849997127,0.20025703648593976,99.22209,101.0959,-0.73,6.354000091552734
2022-01-07,-0.007072491673356218,0.047897058525867564,0.004629536082466856,-0.016830304840373955,0.012570118384815032,-0.011740944748041215,-0.005312811516362537,0.0007314111007330482,-0.004058441082335662,-0.01888193520883341,0.20058518329082353,99.22209,101.0959,-0.72,6.381899833679199
2022-01-10,-0.00852799858316633,0.027867806303440545,0.0007787864912476294,-0.0005558952761024472,-0.013375406825257619,-0.015983938711484846,0.0026078354691954075,-0.0026010523487878245,-0.0014420705375393084,-0.026677829916760487,0.2000511654013815,99.22209,101.0959,-0.7,6.376200199127197
2022-01-11,0.03750828867967382,0.05348602174463757,0.01116956659235857,0.002532609192083868,0.017342074765996918,-0.010240404365408073,-0.0038619651988414105,-0.006982448838328104,0.00911828645239865,-0.01692972321215791,0.20424663219505226,99.22209,101.0959,-0.79,6.373899936676025
2022-01-12,0.017332280137976497,0.059709938745951874,0.00471775287160181,0.0014239422078947683,0.0319466934278132,0.03557271311792398,-0.006505140321344527,-0.012448535945065231,0.002813792014666916,0.005467333107009864,0.2295484513930504,99.22209,101.0959,-0.74,6.372900009155273
2022-01-13,-0.0063121918290258705,0.032927886732101896,-0.0032891160891033167,0.01800652594857155,-0.006594926000907719,0.04188855375245981,-0.002212963477110641,-0.015285045044463708,-0.014346029234399538,-0.007914462387208943,0.22980689723690761,99.22209,101.0959,-0.73,6.357600212097168
2022-01-14,0.020490013259388817,0.06049039166484693,-0.002584024988407485,0.010792964877697209,-0.027389771925188544,0.0019286634424562354,0.004000818720991006,-0.005971414807110165,0.0008196442695904693,-0.0030363770352828112,0.2429350122958684,99.22209,101.0959,-0.66,6.358099937438965
2022-01-18,0.01902569187968073,0.08804408212769399,-0.002314788905823484,0.007699389480626095,-0.008079713934942223,0.007224356332771631,0.005867017180523071,-0.0027122330957825014,-0.018559105398008313,-0.020153411895751816,0.22615592608747853,99.22209,101.0959,-0.59,6.346700191497803
2022-01-19,0.0177509015490509,0.06828669499707107,0.01685213955594911,0.013381962444216633,0.019574119919829602,0.009456401486604316,-0.0023007876117349113,-0.0011510555086760021,-0.009736790941460072,-0.03900848928961054,0.23488884944006627,99.22209,101.0959,-0.57,6.352200031280518
2022-01-20,-0.0006901824544431889,0.05026423240465139,-0.00032557824789059,0.008338631324724233,0.02522533202944155,0.0027350400882326653,0.002405185238322005,0.00775927005099053,-0.011098742304332276,-0.05292102360860973,0.24811648344702084,99.22209,101.0959,-0.5,6.343500137329102
2022-01-21,-0.020461096599159845,0.03611532763451741,-0.005824228438788381,0.005803518975039168,-0.014083219115166967,-0.004753253026026583,-0.0010450254431679795,0.008927208084933191,-0.01909599532463524,-0.05767098969884543,0.25293901083334924,99.22209,101.0959,-0.59,6.3394999504089355
2022-01-24,-0.021728392549470676,-0.00610307817434208,0.005389914964327502,0.013777458927774155,-0.024565182341618197,-0.0019286634424562354,0.002923355421501128,0.007849744785443313,0.0027679047582704897,-0.05572272921016541,0.26599647959767253,99.22209,101.0959,-0.63,6.337699890136719
2022-01-25,0.027116704640271827,0.0019879345862490183,0.005954976611818985,0.022047224445416624,0.009043688843895392,0.01519473933638138,0.0003126990181350209,0.0022954266230552633,-0.012246590556866721,-0.04941021436902382,0.2677493142857349,99.22209,101.0959,-0.63,6.329800128936768
2022-01-26,0.02023775378949466,0.004474786826692778,-0.012382674325461807,-0.0071875894359942905,0.01374708973833183,0.009367709154883608,0.0056121632448951075,0.010208377479685282,-0.0014977569258860512,-0.0411711803534498,0.26496680766732467,99.22209,101.0959,-0.53,6.326499938964844
2022-01-27,-0.008507729721423551,-0.0033427604402875843,-0.020203808692924596,-0.027065819881028297,-0.020522123140249038,-0.03637974601480698,0.007948473046866411,0.015751665288229688,-0.005398635199970414,-0.03547107324908794,0.2725182144556792,99.22209,101.0959,-0.59,6.3196001052856445
2022-01-28,0.0024217169663280913,0.019540053125200352,-0.004695120268888964,-0.02593671171112888,-0.025242306840425055,-0.04753883374006507,0.00010275543008742005,0.016899446161485088,0.024055967914735632,0.007680889990282935,0.2859647077024556,99.22209,101.0959,-0.66,6.3668999671936035
2022-01-31,0.015202919797498993,0.05647136547217002,0.005642617008804862,-0.02568400966665152,0.003479847337282793,-0.019493804061164077,-0.0075331426541023205,0.006442948085881639,0.01870982622298456,0.023622811454997006,0.2861795928010023,99.22209,101.0959,-0.65,6.35099983215332
2022-02-01,0.0005670022584096657,0.02992166309030786,0.0029483228634132885,-0.028690663415057216,0.02538150755916102,-0.003155985345898449,-0.0015549842519737567,0.0045752648157728615,0.00683956034831823,0.04270896236018196,0.2948380617931488,98.73634,100.8534,-0.62,6.359499931335449
2022-02-02,0.0006800996329197062,0.010364008933732904,0.004931386829102102,-0.011376602260493307,0.013901630631165451,-0.0030014444530648277,-0.004679433942635036,-0.005716332371757282,0.009378400448323276,0.053585119734391284,0.2969126067017527,98.73634,100.8534,-0.63,6.359499931335449
2022-02-03,0.022518114077128004,0.04138985273228446,-0.003432787411576932,0.005394419020854357,-0.005470372576170224,0.012050306111013986,-0.005854137447264485,-0.019518942865888178,-0.02469347172011993,0.03429028321424177,0.294985121358822,98.73634,100.8534,-0.56,6.359499931335449
2022-02-04,0.02234730943178942,0.06131544519774579,0.001994667998608257,0.012084207288351578,0.0037989316585367305,0.04109154460997577,0.0010479525552558044,-0.018573745740719794,0.005143678439862853,0.01537799373936899,0.29083630027708296,98.73634,100.8534,-0.48,6.359499931335449
2022-02-07,-0.01078263323438744,0.035329892165859356,0.007719491459363681,0.014161081738910397,-0.004918922281595295,0.032692774991097684,-0.0008382421803503348,-0.011878845266967808,-0.003708580927828109,-0.00704041341144368,0.2873700468033907,98.73634,100.8534,-0.48,6.359499931335449
2022-02-08,-0.021696656728566133,0.013066233178883557,0.0032901982304380795,0.014502957105935188,-0.0004484546376708476,0.006862812794265816,0.0025125417595850408,-0.0078113192554090105,0.008366113466633962,-0.005513860293127948,0.28441881221936777,98.73634,100.8534,-0.46,6.35230016708374
2022-02-09,0.0033516179804982116,0.015737751526462063,0.004697138876945672,0.014268709153778758,0.03112840111612214,0.024089583279222504,-0.0015696286175002072,-0.0047015139302741815,0.014412842079265076,-0.0004794186621861485,0.2982946986560111,98.73634,100.8534,-0.48,6.365699768066406
2022-02-10,0.002450637187107141,-0.004329725363558801,0.0005447513489835742,0.018246247914339264,0.012313761988535843,0.04187371784392857,0.0006281950342756915,0.0017808185512659946,-0.01828182448505622,0.0059322285728775626,0.29568755621517373,98.73634,100.8534,-0.42,6.361400127410889
2022-02-11,0.03519875113453885,0.008521716339190633,0.0025020941289906062,0.018753674044721613,-0.03329086198279696,0.00478392420259488,0.005531494204194409,0.0062643602002045995,-0.019151682638085532,-0.018363132505070823,0.30011827986282846,98.73634,100.8534,-0.51,6.35260009765625
2022-02-14,0.025033134093715326,0.0443374836672934,0.014668053542140846,0.02570223612749878,0.0005547977154443107,0.010257644199634486,0.0030137815342463625,0.010116383914801297,-0.003847990755629027,-0.01850254233287174,0.2993456386538272,98.73634,100.8534,-0.5,6.353099822998047
2022-02-15,-0.03615814800191064,0.02987599239394889,-0.007091439946204758,0.015320597950855941,0.005310266028424104,0.016016364865729438,-0.003950981242852869,0.003652860912363387,0.015643717646064204,-0.0112249381534415,0.28301774751159087,98.73634,100.8534,-0.43,6.355899810791016
2022-02-16,0.017122088870282326,0.043646463283733006,0.008268451050257752,0.01889191012416802,0.0019841940669005353,-0.013127842183492167,-0.0030257305506147247,0.0021967589792488695,0.0008808197202831991,-0.024756960512423376,0.28096479382715556,98.73634,100.8534,-0.43,6.3379998207092285
2022-02-17,-0.020494746753687565,0.0207010793429383,0.01617686277440189,0.03452402154958634,-0.0034195760465944858,-0.028861180218622495,0.0010444502622117824,0.0026130142071849605,-0.021400504136936505,-0.02787564016430366,0.2737917186534005,98.73634,100.8534,-0.46,6.335599899291992
2022-02-18,-0.007548057873018266,-0.02204572966461882,-0.0011054540785266909,0.03091647334206904,-0.0012162789263079343,0.0032134028378665302,0.0025020640535000638,-0.00041641594350938504,-0.007191961663865598,-0.015915919190083727,0.2588141498288465,98.73634,100.8534,-0.49,6.3358001708984375
2022-02-22,0.013957251893741862,-0.03312161186459228,0.003942497337925843,0.020190917137854036,-0.002104115036818399,0.0005544900856038204,-0.00010415094762805666,-0.0035343484253838042,-0.010194735435016256,-0.022262663869470956,0.2542352559075795,98.73634,100.8534,-0.51,6.334199905395508
2022-02-23,-0.0027107634288379145,0.00032577270848044293,0.001625023629923561,0.028907380713982356,-0.006339359251972709,-0.011095135194792993,0.0016647976074102289,0.0020814304248792936,-0.01858373574878769,-0.05649011726432285,0.23948129418885641,98.73634,100.8534,-0.54,6.325300216674805
2022-02-24,0.007679439608249794,-0.009116876553552089,0.008293621186042266,0.02893255084976687,-0.006155277033755402,-0.01923460629544893,0.009827803088777287,0.014934964064271306,0.014846105252724229,-0.04252483173188182,0.23870870292209834,98.73634,100.8534,-0.59,6.312300205230713
2022-02-25,-0.013232310870709085,-0.0018544406705736094,-0.020254641338243395,-0.007498953262878416,0.004033195170668913,-0.011781835078185532,-0.005367443081482293,0.00852307072057723,0.022126080551265304,0.00100175295631999,0.23404664951358248,98.73634,100.8534,-0.57,6.3267998695373535
2022-02-28,0.044105220361855935,0.04979883756430059,0.00681479925805295,0.00042130007370122513,-0.00616839331615604,-0.016733949468033638,0.0009310127092421183,0.006952019376319285,-0.0024455914631271725,0.005748123157058416,0.22349893554887545,98.73634,100.8534,-0.79,6.315999984741211
2022-03-01,0.07727442881735058,0.11311601448790931,0.022386274771780457,0.01886507750755584,0.031449872730158646,0.016820038298943407,0.007212112115519531,0.014268282439466873,-0.015594467786611332,0.0003483908054633389,0.22797739844742496,98.49151,100.6409,-0.9,6.3084001541137695
2022-03-02,0.06721837068148417,0.1830451485982314,-0.011130495531632256,0.006109558346000021,0.014932059853336455,0.03809145740425257,-0.00020538267164127433,0.01239810216041537,0.01847104678065037,0.037403173334901396,0.23167855780574004,98.49151,100.6409,-0.85,6.311500072479248
2022-03-03,-0.026849098470408173,0.14851661051957343,0.007003374578962607,0.004819311738920362,0.024611441643241916,0.06885817608124989,0.00409880198033985,0.006669101051977933,-0.005268520744245109,0.01728854733793206,0.23077926392839057,98.49151,100.6409,-0.83,6.3196001052856445
2022-03-04,0.07175678422710519,0.2335057056173877,0.015745908688366228,0.040819861765529986,0.032475363541119906,0.09730034445170088,0.00875591624986427,0.020792460383324496,-0.007965684543002283,-0.012803217756335528,0.2494903626100698,98.49151,100.6409,-0.93,6.319200038909912
2022-03-07,0.031651452689499315,0.22105193794503109,0.01454940988733533,0.048554472394812365,-0.04290364308635897,0.060565094681497955,0.006466622330018268,0.026328070004100645,-0.029962586814415104,-0.04032021310762346,0.29732308959441694,98.49151,100.6409,-0.99,6.316699981689453
2022-03-08,0.03538004098974756,0.17915755011742807,0.022906282220362506,0.049074479843394414,-0.004563576043598472,0.024551645907740838,-0.0023191677518852316,0.016796790136695883,-0.007260043975698238,-0.031985789296710365,0.2983250759469934,98.49151,100.6409,-1.04,6.319300174713135
2022-03-09,-0.1292674886756897,-0.01732830923974582,-0.02692659011377163,0.03327838526125504,-0.02946942805330366,-0.019849841998899276,-0.011064380697838772,0.0059377921104983855,0.02537359812214035,-0.025083237955220383,0.31727942672632886,98.49151,100.6409,-0.9,6.317599773406982
2022-03-10,-0.024964042155666277,-0.015443252925003925,0.00612449262362702,0.03239950330591945,0.017268899777085567,-0.027192383865055625,0.005496765736484832,0.0073357558666433675,-0.0043010499202473795,-0.024115767131222654,0.3221023732862127,98.49151,100.6409,-0.88,6.3165998458862305
2022-03-11,0.030743124297906377,-0.056456912854202734,-0.007737189270017986,0.008916405347535239,-0.005939792974359426,-0.06560754038053496,0.006173177477547753,0.00475301709432685,-0.013046278933238398,-0.02919636152145877,0.3048924631285709,98.49151,100.6409,-0.94,6.320799827575684
2022-03-14,-0.0595447565606646,-0.14765312210436665,-0.011719169211707126,-0.017352173751507216,-0.022677285829660443,-0.04538118312383643,-0.0006055625161938138,-0.0023191677518852316,-0.007448675095533375,-0.00668244980257704,0.3113441312267013,98.49151,100.6409,-0.79,6.338699817657471
2022-03-15,-0.06590501300543394,-0.24893817609954816,-0.01599785965743994,-0.05625631562930966,-0.002440578011937866,-0.04325818509217583,0.00010096539017467876,0.00010096539017467876,0.021182629724146196,0.021760223897267394,0.28921564422861634,98.49151,100.6409,-0.69,6.364500045776367
2022-03-16,-0.014623213380847488,-0.13429390080470593,-0.01068692564005147,-0.0400166511555895,0.01903345680997881,0.005244699771106642,-0.006989164455433183,0.004176181632580267,0.02213692164839287,0.018523547423519915,0.2966796277575162,98.49151,100.6409,-0.61,6.369100093841553
2022-03-17,0.08023696196850416,-0.029092896680535496,0.01771427625221378,-0.02842686752700274,0.022094980037891565,0.01007078003191264,-0.003767967371965497,-0.005088551475870062,0.01227220506870097,0.035096802412468264,0.3054326329039616,98.49151,100.6409,-0.71,6.351200103759766
2022-03-18,0.016564261512938216,-0.043271759465503656,-0.007182949353329526,-0.027872627610314282,0.008491811707014074,0.02450238471328614,0.002242165783862937,-0.009019563169554878,0.01159481441188781,0.05973789575759447,0.3063549687567463,98.49151,100.6409,-0.72,6.3454999923706055
2022-03-21,0.06847066206454322,0.08474365915970417,0.00020743851021265414,-0.015946019888394503,-0.006149358180897124,0.04103031236204946,0.002744846317045635,-0.0056691543363154295,-0.00043475485430199967,0.06675181599882585,0.3071030880432423,98.49151,100.6409,-0.58,6.360199928283691
2022-03-22,-0.0032160167302421883,0.14743265543489592,-0.004104660928568649,-0.004052821159523212,-0.0026622259850659358,0.04080866438892139,-0.0001015496862537546,-0.005871669412743863,0.01124069955407414,0.05680988582875379,0.3073241085612875,98.49151,100.6409,-0.53,6.354499816894531
2022-03-23,0.027969515972833925,0.19002538478857733,0.00824416808200823,0.014878272562536488,0.015553332635635186,0.037328540214577766,0.0013191101543430506,0.002436605197032371,-0.012348630252494885,0.022324333927866036,0.3106012470940773,98.49151,100.6409,-0.62,6.365300178527832
2022-03-24,-0.022793295530145308,0.08699512728992786,0.012826608725130306,0.009990605035453015,-0.00705891738191422,0.00817464279477198,0.0017222856776593076,0.007926858246657176,0.014242012281618699,0.024294141140783765,0.31087189733278703,98.49151,100.6409,-0.58,6.371300220489502
2022-03-25,0.013790929343949543,0.08422179512093919,-0.003984235085693122,0.01318931930308942,-0.009134470614113654,-0.009451639526355748,0.0002023951749903219,0.0058870876377845605,0.005053380704236332,0.017752707433132286,0.31209315035168184,98.49151,100.6409,-0.47,6.366300106048584
2022-03-28,-0.07225922808623242,-0.05650809502983645,-0.007294465566171304,0.005687415226705461,0.005957539850870441,0.002655258505411817,0.00282970161461904,0.005971942935357966,0.007119551020043247,0.025307013307477533,0.312289770997225,98.49151,100.6409,-0.49,6.365200042724609
2022-03-29,-0.01636574344035413,-0.06965782173994839,-0.01433193903268748,-0.00453986287741337,0.0005301056007096516,0.005847590091187405,-0.006987671548293939,-0.0009141789266822187,0.012182044101392009,0.0262483578547954,0.3108029596103086,98.49151,100.6409,-0.45,6.370699882507324
2022-03-30,0.03376725486989951,-0.0638600828428828,0.011182017436005331,-0.001602013523416268,0.004864696710383809,-0.004841045834063973,-0.006218487878745904,-0.008451776959771173,-0.0063135889990899585,0.03228339910820033,0.29309552500101904,98.49151,100.6409,-0.51,6.363100051879883
2022-03-31,-0.07249690607595749,-0.11356369338869499,0.00808717487165822,-0.006341447376888354,0.0007381987602403939,0.0029560703080906414,0.0053033948587186686,-0.0048706677787118124,-0.0157763352268816,0.0022650515997000298,0.28903375691075117,98.49151,100.6409,-0.52,6.346199989318848
2022-04-01,-0.010122884331710047,-0.13747750706435458,-0.015562693516429249,-0.01791990580762448,-0.012837722433705734,-0.000747181511501438,0.0032497205734935974,-0.001823342380208537,0.003404420961462762,0.0006160918569264595,0.279249524089741,98.27409,100.3679,-0.41,6.338900089263916
2022-04-04,0.03960035793359484,-0.025617921044527314,0.005249070482197915,-0.005376369759255262,0.019875976951628127,0.013171255589256248,0.0036433662328771987,-0.0010096777619503783,0.00805838253213409,0.0015549233690173025,0.26322895169963506,98.27409,100.3679,-0.38,6.362100124359131
2022-04-05,-0.012863164190395793,-0.022115341794568977,-0.0032709080317570027,0.005684661241675215,0.0030310269629587605,0.015672176951505357,0.004837290084944712,0.010815283871288273,-0.012631159074006248,-0.023258279806380955,0.21605207603073703,98.27409,100.3679,-0.3,6.362400054931641
2022-04-06,-0.057839376275845567,-0.11372197294031405,-0.00234295785350902,-0.007840314047839136,-0.012074247417858563,-0.0012667671767370159,0.0013060458340881098,0.018339817584122287,-0.009764433912478054,-0.02670912471976905,0.2198861311541793,98.27409,100.3679,-0.22,6.363100051879883
2022-04-07,-0.0020805643145935804,-0.043305631178950144,0.007995486299765986,-0.007932002619731371,-0.008166738169883336,-0.010171704106860746,0.0015049064994894223,0.01454132922489304,0.004244365552036555,-0.006688423940850896,0.19441377967041598,98.27409,100.3679,-0.16,6.358500003814697
2022-04-08,0.022956418542896984,-0.010226328304343113,0.004025358538915391,0.01165604943561327,0.005310605923722456,0.007976624250567443,0.0005011581261804565,0.0117927667775799,-0.002654546675552538,-0.012747391577866196,0.18631920541085756,98.27409,100.3679,-0.15,6.3597002029418945
2022-04-11,-0.0412418992938095,-0.09106858553174746,0.001389677377058085,0.007796656330473439,-0.019575916918115555,-0.03147526961917624,0.0013017300314404068,0.009451130576143107,-0.01702133458469568,-0.037827108694695966,0.19812786119340403,98.27409,100.3679,-0.12,6.363999843597412
2022-04-12,0.06477709331057291,-0.013428328030778758,0.014196912221042801,0.025264476583273243,0.016180371556952178,-0.01832592502518282,0.0035960543013233703,0.008209894792521766,-0.003423300530453588,-0.028619250151143305,0.18719420276035595,98.27409,100.3679,-0.14,6.36870002746582
2022-04-13,0.035639618181054544,0.08005066642612135,0.004502815262256377,0.03211024969903864,0.0006375056286458403,-0.005614171978678417,-0.004096560316163789,0.0028072886422698673,0.011112603268902177,-0.007742212969763074,0.18658118174585153,98.27409,100.3679,-0.1,6.364999771118164
2022-04-14,0.025569546315068692,0.10770077705578363,-0.005111464112836472,0.01900329928643618,0.0021222905055258146,0.004674856696730734,0.00439563592983383,0.005698018072614275,-0.012218480383507924,-0.024205058905307553,0.17617877597651663,98.27409,100.3679,-0.06,6.367199897766113
2022-04-18,0.011712368128923956,0.0964567266418106,0.00607012833134668,0.02104806907886747,0.016609232041109312,0.01597348281411759,0.0045748372973113405,0.009771697243745159,-0.00020488927240691623,-0.02175540150216193,0.16890289997201446,98.27409,100.3679,-0.07,6.370200157165527
2022-04-19,-0.05362580575520681,0.08407282018041329,-0.0138122712855413,0.005846120416268086,-0.017245385702313154,0.01830401402991999,0.0017844785847858091,0.010254445797090561,0.015930044749387307,0.011195977831921056,0.17792246243274576,98.27409,100.3679,0.0,6.366199970245361
2022-04-20,0.0018508840086477463,0.021146610878488126,-0.0017399709321992418,-0.010090762736973957,-0.013777188294921583,-0.01165354582195377,-0.005661795101053357,0.0009965963947138334,-0.0006186664061829106,0.014000611956191733,0.18304279009673843,98.27409,100.3679,-0.07,6.392399787902832
2022-04-21,0.010070782421812474,-0.004422224880753944,-0.0037976152973984156,-0.01839119329662875,0.01154720467062087,-0.0007438467799787407,0.0018908543251452414,0.0069840110360228635,-0.014862855551310616,-0.01197484686402106,0.1875204467731631,98.27409,100.3679,-0.12,6.417699813842773
2022-04-22,-0.01671078637261747,-0.046702557568440106,-0.0071725709734078436,-0.02045230015720012,-0.02606217206456707,-0.028928309350071624,0.0063429288970562325,0.008931304003245266,-0.02813207637736781,-0.027888442857880946,0.19947270384961133,98.27409,100.3679,-0.08,6.4492998123168945
2022-04-25,-0.03519628301880129,-0.09361120871616535,-0.01976951018774109,-0.04629193867628789,-0.029565371325842582,-0.07510291271702352,0.0052224464768722,0.009578913182806126,0.0056817651441125605,-0.02200178844136147,0.22097702353766915,98.27409,100.3679,-0.1,6.50029993057251
2022-04-26,0.0315647066403244,-0.008420696320634136,0.004321976524201965,-0.028157690866544627,-0.002024935912011694,-0.05988246292672206,0.005390878466330129,0.013185313064350446,-0.028550008928597492,-0.06648184211934627,0.21982167406303532,98.27409,100.3679,-0.08,6.5578999519348145
2022-04-27,0.0031415665430554185,-0.007130013786226463,-0.00818529630107978,-0.034603016235425166,0.0032604763781425294,-0.042844798253657945,0.0063337010416564254,0.02518080920706023,0.0020958490249647355,-0.06376732668819862,0.21869938574542902,98.27409,100.3679,-0.06,6.556300163269043
2022-04-28,0.032214223637917705,0.015013427429878767,0.0014835623851352508,-0.0293218385528915,-0.009246878261905511,-0.06363888118618433,0.0064869840622430175,0.029776938944158005,0.024445655340832317,-0.02445881579605569,0.21950302087659104,98.27409,100.3679,-0.12,6.559500217437744
2022-04-29,-0.006379437576433666,0.02534477622606257,0.010847972444223863,-0.011301295135259792,-0.004200460650535476,-0.041777169772152734,-0.006389833497131292,0.01704417654997048,-0.03695915978469522,-0.033285899203383096,0.21756401286327978,98.27409,100.3679,0.01,6.62529993057251
2022-05-02,0.00457444546990704,0.0651155047147709,-0.025192920384565554,-0.016724705332084255,-0.0322553005119095,-0.04446709895821965,0.00754719393529335,0.01936892400839163,0.005659199293818418,-0.03330846505367724,0.23831784593614336,98.27409,100.3679,0.18,6.607500076293945
2022-05-03,-0.02659367127486867,0.0069571267995778285,0.0037527518532813886,-0.01729393000300483,0.0036357441380119315,-0.03880641890819603,-0.0026060209165841286,0.011372024625477373,0.004825465075359858,6.700895028011189e-05,0.23846711192971956,98.27409,100.3679,0.14,6.607500076293945
2022-05-04,0.05138599605893379,0.0552015563154562,-0.0009636752202482057,-0.010072308922173256,0.013373043660184436,-0.02869385162615412,-0.008541301011444347,-0.0035029774276233994,0.029425221557326964,0.02739638148264234,0.2310823807684147,98.27409,100.3679,0.07,6.607399940490723
2022-05-05,0.004165365195665238,0.027152697873203735,0.0037423192566450325,-0.007813552050663475,-0.010100497643646067,-0.029547471007894677,0.01124373270774015,0.0012537712178737337,-0.036300677564099715,-0.03334995142228969,0.2300290342534554,98.27409,100.3679,0.18,6.607500076293945
2022-05-06,0.013851476016464304,0.047383611466101705,0.0038346613166861943,-0.014826863178201144,-0.0054993332095145675,-0.03084634356687377,-0.0008678110211626233,0.006775793693842402,-0.005690384413952643,-0.002081176051547118,0.2287186350492718,98.27409,100.3679,0.26,6.654600143432617
2022-05-09,-0.06278487953283118,-0.01997571353663652,-0.012893727062383675,-0.0025276698560192656,-0.01620475325248405,-0.014795796307448317,-9.649448640125513e-05,-0.0008678947278522031,-0.03256151953960362,-0.04030189488496916,0.2317942121578959,98.27409,100.3679,0.3,6.665599822998047
2022-05-10,-0.03283503479939398,-0.02621707706116183,-0.009304882483388788,-0.015585304192689442,-0.009224344018651687,-0.027655884464111935,0.0026015011392512832,0.004339627327983209,0.002454881760408867,-0.04267247819992015,0.228792912507368,98.27409,100.3679,0.34,6.729800224304199
2022-05-11,0.057932164334348,-0.01967090878574762,0.0068788090723765904,-0.007742819900064646,0.013864232358316686,-0.027164695765979685,-0.0006738191134783023,0.012207109225949253,-0.01660023209569772,-0.08869793185294483,0.23321595241876109,98.27409,100.3679,0.21,6.73360013961792
2022-05-12,0.003965244774492227,-0.019871029206920632,-0.015667781369351985,-0.027152920526061664,-0.02585057076683772,-0.04291476888917134,0.00958320716594141,0.010546583684150512,-0.0012968049941122217,-0.05369405928295734,0.23173468993056837,98.27409,100.3679,0.25,6.720699787139893
2022-05-13,0.04026026789661241,0.006537762673227476,-0.009032901296614604,-0.04002048313936246,0.018225116357163396,-0.019190319322493377,-0.0027696968283255075,0.008644697876987628,0.023589267956868554,-0.024414406912136144,0.24610989248871265,98.27409,100.3679,0.24,6.785900115966797
2022-05-16,0.03302627070805553,0.10234891291411419,0.0033693177472660096,-0.023757438329712777,0.00381993881792253,0.0008343727479132035,-0.0035448671102900065,0.005196325253098877,-0.003954208517722435,0.004192904109745044,0.24685442309212324,98.27409,100.3679,0.2,6.788000106811523
2022-05-17,-0.01588731946396127,0.1192966282495469,0.0025882941096000422,-0.011864261736723947,0.01019454583362589,0.02025326260019078,-0.007998132916947398,-0.0054033088030998044,0.019968919581462075,0.02170694193079825,0.2405119074021235,98.27409,100.3679,0.27,6.785099983215332
2022-05-18,-0.025317854976180776,0.03604660893901812,-0.0012657478221989038,-0.02000881863129944,-0.013655709241902292,-0.007266679000028198,0.004344235747732128,-0.0003852539418893741,-0.041233809291247425,-0.0029266352647514537,0.23868782837194347,98.27409,100.3679,0.17,6.736199855804443
2022-05-19,0.02362601145887755,0.05570737562340344,0.013836280412999002,0.009495243151051547,0.024330877122361816,0.04291476888917134,-0.010555429861685006,-0.02052389096951579,-0.005850864777348974,-0.007480695047988206,0.2581550358630258,98.27409,100.3679,0.25,6.753399848937988
2022-05-20,0.00904907045525949,0.02449617818205052,0.00032587437499831395,0.018854018822664464,-0.0009338571984141009,0.023755795333593843,0.004177402484633497,-0.013576791656556786,0.0001461310919914638,-0.030923831912865296,0.2523068663982041,98.27409,100.3679,0.23,6.712100028991699
2022-05-23,-0.02630790935383498,-0.034838001879839986,0.0032523878632941816,0.018737088938692636,0.015414272906901116,0.03535012942257243,-0.010427416776148668,-0.020459341322415447,0.018384995412059624,-0.008584627983083237,0.24848838467442003,98.27409,100.3679,0.26,6.691999912261963
2022-05-24,-0.004726031501443018,-0.023676713917321734,0.009318889191803237,0.02546768402089583,-0.005073188864434419,0.02008239472451212,-0.002157510085405434,-0.014618718490873484,-0.008153950903556861,-0.03670749846810217,0.2285700731483842,98.27409,100.3679,0.21,6.649799823760986
2022-05-25,0.005088654250673841,0.006729795309532882,-0.010185211745309175,0.01654822009778556,-0.011275925634071982,0.02246217833234243,0.0019615242660186993,-0.017001429972586912,0.009406385648931703,0.013932696472076955,0.2311510223634673,98.27409,100.3679,0.19,6.6529998779296875
2022-05-26,0.03351168714147423,0.016615470992129566,0.0006498122657294658,0.003361751950516023,-0.005157028728976831,-0.0070257275189962165,-0.002256077549481539,-0.008702077660383445,0.019688166007719943,0.03947172725714587,0.23067645807755827,98.27409,100.3679,0.13,6.691699981689453
2022-05-27,0.008553057673427844,0.01611945821029792,0.002108862996304417,0.005144740571822126,0.011450010894338059,0.005358140573755943,-0.0015725178877730173,-0.014451998032789959,0.024441130195821614,0.06376672636097602,0.2338100638062601,98.27409,100.3679,0.11,6.737800121307373
2022-05-31,-0.0034822141011021657,0.038945153463030735,-0.00465626052750423,-0.0027639078189762856,-0.002093226615656585,-0.012149358948801758,0.0007865680454184343,-0.0032380132112228566,-0.006294135193666506,0.03908759575524989,0.23358275957745628,98.27409,100.3679,0.21,6.660299777984619
2022-06-01,0.0051320424603567005,0.04880322742483045,0.0003256091489705071,-0.011757187861809015,0.008115951194898052,0.001039781110530713,0.007831689954414855,0.006751186828597433,-0.007510905041154814,0.03973064161765194,0.20595842251331925,97.99844,99.71861,0.29,6.6717000007629395
2022-06-02,0.013871764903703898,0.05758633807786051,0.012507549362994475,0.010935573246494634,0.05043842146787436,0.06275412821247706,-0.007635182058773005,-0.002845519496194271,0.018263225415545037,0.048587481384265274,0.2683619314877521,97.99844,99.71861,0.26,6.685200214385986
2022-06-03,0.016968252652057814,0.04104290358844409,-0.011368949980496978,-0.00108318899973181,-0.0169410994293977,0.05097005751205619,0.003629083025514568,0.0030396410788018358,-0.01648240560981762,0.012416909766727713,0.2741595866206333,97.99844,99.71861,0.22,6.659200191497803
2022-06-06,-0.003117521523109623,0.029372324391906623,-0.0033654014737374283,-0.006557453469773655,-0.008523121594769423,0.030996925022948707,0.002932869920011072,0.007545028886585925,0.003132489407036587,-0.008891731022057314,0.27336382614475097,97.99844,99.71861,0.28,6.659299850463867
2022-06-07,0.007650019638471228,0.04050455813148002,0.0045027059219524546,0.0026015129796830294,0.0,0.03309015163860529,-0.0011721308758474436,0.005586329965320047,0.009478331531719064,0.006880735703328256,0.27220364917357054,97.99844,99.71861,0.25,6.652900218963623
2022-06-08,0.022359302629648248,0.057731818300771565,0.0023787784288540337,0.004654682259566556,0.004270641220114779,0.02924484166382202,0.0021478209960195116,-9.753899307529679e-05,-0.010852623040154441,0.0035390177043286286,0.2641192216953157,97.99844,99.71861,0.28,6.6697001457214355
2022-06-09,-0.004925701342088473,0.03893435205497919,-0.0016753458803275834,-0.009528212983755502,-0.015710969258667218,-0.03690454906271956,0.006609669262763518,0.014147312328461226,-0.024086457665156047,-0.038810665376372455,0.26879289501068393,97.99844,99.71861,0.29,6.682700157165527
2022-06-10,-0.006937049589774702,0.015029049813146678,0.012203441973600349,0.014044178970341825,-0.02025381550319394,-0.0402172651365158,0.008969537810954442,0.0194877671139011,-0.0295424148114094,-0.05187067457796424,0.27666961378764704,97.99844,99.71861,0.39,6.690800189971924
2022-06-13,0.0021523364093152253,0.020298907745571526,-0.023517775330388346,-0.006108194886309093,-0.01984222740401176,-0.051536370945758136,0.00888979988491645,0.025444697078806477,-0.039539931990040245,-0.09454309597504107,0.27002838880999386,97.99844,99.71861,0.69,6.707900047302246
2022-06-14,-0.016676781015592113,-0.004027892908491815,-0.010171909010297853,-0.0207828098185594,-0.013129773188470084,-0.06466614413422822,0.004178494353134887,0.03079532230778881,-0.0037808180394893753,-0.10780224554624951,0.2670595183099715,97.99844,99.71861,0.89,6.753499984741211
2022-06-15,-0.03091095469468641,-0.05729815023282647,0.003200206190689947,-0.019961382056723487,0.0014407595155048192,-0.06749602583883818,-0.003417441909967067,0.02523005940180223,0.014487058836534672,-0.0824625636695604,0.2667333522433876,97.99844,99.71861,0.63,6.739500045776367
2022-06-16,0.019579834081810965,-0.032792614808927034,0.01660781266368705,-0.001678223512708854,-0.013406814849765691,-0.06519187142993665,-0.014656197993455855,0.003964192145582857,-0.03305220711384038,-0.09142831311824473,0.2675281793571706,97.99844,99.71861,0.66,6.712299823760986
2022-06-17,-0.07073164458115055,-0.09658720980030289,-0.005487192637812832,-0.019368858124122035,-0.02324972573064077,-0.06818778165738348,0.01027225203646065,0.005266906371089064,0.0021984473410121552,-0.059687450965823174,0.2750015368322755,97.99844,99.71861,0.67,6.703400135040283
2022-06-21,0.009899758176058704,-0.08883978803355941,-0.0005449294523733883,0.0036039877538929233,0.006327245744323973,-0.04201830850904775,-0.0024863215217623136,-0.006109215035589699,0.02418247496067316,0.004034955984890232,0.2600186961849567,97.99844,99.71861,0.7,6.691400051116943
2022-06-22,-0.04114211488052,-0.1133051218984873,-0.0001634968281960525,0.013612399935994723,-0.022891807166630862,-0.05178034248720853,-0.0023006671753256214,-0.012588376564050208,-0.0013024200953584142,0.006513353929021193,0.26903622768618735,97.99844,99.71861,0.62,6.688399791717529
2022-06-23,-0.018246308799802158,-0.10064047600360304,-0.004699515565206092,0.005712678180098685,-0.050075270192680765,-0.10329637219539411,0.002204893381994033,-0.006966041272089107,0.009487072485557135,0.0015133675780436562,0.30350310905208755,97.99844,99.71861,0.59,6.701099872589111
2022-06-24,0.031622872975508365,-0.08859743710990564,0.00043811886075140194,-0.010457015622836963,0.0003989868412959119,-0.08949057050433251,-0.002300814557414377,0.005389342163952371,0.0301055397299006,0.06467111442178464,0.3045157802615802,97.99844,99.71861,0.57,6.697299957275391
2022-06-27,0.01795708204970481,9.12895209497222e-05,-0.0030706694898494646,-0.008040492474873595,0.005040481110548223,-0.06120036366314352,-0.0024023457874360332,-0.007285255659944312,-0.0029774998903402405,0.05949516719043224,0.3066455398483503,97.99844,99.71861,0.65,6.688799858093262
2022-06-28,0.01979012243106304,0.009981653775954058,-0.0018689673378133875,-0.009364530360313594,0.0013221940432881496,-0.06620541536417934,0.005468947977946392,0.000670013839764394,-0.02034867314949551,0.014964019080263569,0.30766170380253993,97.99844,99.71861,0.72,6.690700054168701
2022-06-29,-0.017875382060949185,0.03324838659552487,-0.0020929997061278627,-0.011294033238245405,-0.0013221940432881496,-0.04463580224083663,0.005724645595198474,0.00869532661028849,-0.0007119988201722549,0.015554440355449728,0.30187739538811037,97.99844,99.71861,0.74,6.707300186157227
2022-06-30,-0.03730595569997597,0.01418873969535106,-0.005307091775333284,-0.011901609448372596,-0.01721536971692994,-0.011775901765085806,-0.004003800990449946,0.0024866322378445105,-0.008797866246368358,-0.002730498376475765,0.30382756891089024,97.99844,99.71861,0.65,6.69980001449585
2022-07-01,0.02493240999635926,0.007498276716201957,-0.0028864583859107285,-0.015226186695034727,-0.02604633327227268,-0.0382212218786544,0.00428916393456813,0.009076610729827017,0.0104985112966407,-0.022337526809735664,0.3055752769402517,97.95757,99.44106,0.54,6.698200225830078
2022-07-05,-0.08594716213403952,-0.09640596746754238,-0.02083933914969993,-0.032994856354885194,-0.05509627519484517,-0.09835797818404779,0.012852195563310076,0.024331152080573126,0.001582875106192816,-0.017777151813202607,0.26489949791476486,97.95757,99.44106,0.52,6.698599815368652
2022-07-06,-0.00979658621931545,-0.12599267611792087,-0.015386252486003116,-0.04651214150307492,-0.002045878120812139,-0.10172605034814808,0.005617978056987383,0.024480182159614117,0.003566795705065573,0.0061383170413584764,0.2675212327574866,97.95757,99.44106,0.64,6.718800067901611
2022-07-07,0.04174316196018779,-0.06637413209678389,0.001727712914113333,-0.042691428882833726,0.04686572875972961,-0.05353812754513032,0.00028006143015701923,0.01903559799457266,0.0148537231809307,0.02170403904246143,0.338279094090879,97.95757,99.44106,0.68,6.706500053405762
2022-07-08,0.019854136318212312,-0.009214040078595609,0.001552365510466558,-0.035831971597033885,-0.014057007328479143,-0.050379765156679523,-0.0011207166348095043,0.021918682350213103,-0.0008306163961275814,0.029671288892702208,0.33642775456226054,97.95757,99.44106,0.72,6.700500011444092
2022-07-11,-0.006702481878399169,-0.04084893195335404,-0.006108458837355002,-0.03905397204847816,-0.027119838109684435,-0.05145326999409128,0.00939405608596644,0.027023574501611414,-0.01159441766052538,0.0075783599355361275,0.3361781956794308,97.95757,99.44106,0.67,6.694300174713135
2022-07-12,-0.08257577818875106,-0.037477548008065575,-0.003880322870210229,-0.022094955768988456,-0.04188317325764013,-0.03824016805688624,0.0004627984034213384,0.014634177341722676,-0.009286868497493828,-0.003291383668150516,0.3513256830792155,97.95757,99.44106,0.64,6.717199802398682
2022-07-13,0.0047882543377104625,-0.022892707451039662,0.006305098165451106,-0.00040360511753423367,0.008758752448603913,-0.027435537487470185,-0.001018382821644792,0.007997816463090501,-0.004466864111815738,-0.011325043485031827,0.358731172948641,97.95757,99.44106,0.6,6.723299980163574
2022-07-14,-0.005414468324593358,-0.07005033773582081,-0.017274371209107464,-0.01940568924075503,-0.03519335333759033,-0.10949461958479012,0.005357997400631476,0.013075752433564958,-0.0030031388127653713,-0.0291819054787279,0.3666788701804648,97.95757,99.44106,0.62,6.717599868774414
2022-07-15,0.018721109458313734,-0.07118336459571939,-0.0012327780896654872,-0.022190832840887076,0.007447646427040766,-0.08798996582927021,-0.004432171247331418,0.009764297821043044,0.01901923165863373,-0.009332057423966589,0.3734392296164525,97.95757,99.44106,0.57,6.755199909210205
2022-07-18,0.050062926236642546,-0.014417956480677674,0.003986361713753439,-0.012096012289778635,0.034488832166270855,-0.02638129555331492,-0.006405766796278911,-0.006035525061202307,-0.008398742485836053,-0.006136382249277261,0.40466853972324085,97.95757,99.44106,0.59,6.756499767303467
2022-07-19,0.01566614332926708,0.08382396503734046,0.00046797429465961216,-0.007747715124908794,-0.017019751698683416,-0.0015178739943582098,-0.006447136852099966,-0.012945460316723612,0.027253517643730518,0.030404003891947085,0.40519702243537575,97.95757,99.44106,0.62,6.742300033569336
2022-07-20,-0.018985450651782365,0.06005026004784764,-0.006159280360534147,-0.020212093650894047,0.01147871479771756,0.0012020883547554373,0.0037425335775482793,-0.00818454391753054,0.005878493941057883,0.040749361944820706,0.4093720769351951,97.95757,99.44106,0.66,6.74370002746582
2022-07-21,-0.059531231518497485,0.0059334968539435096,0.007736953992707463,0.004799231550920879,-0.008293771177248166,0.0281016705150976,-0.0015888424724863626,-0.015131383790648378,0.009813066689504879,0.053565567447090956,0.4056154119201873,97.95757,99.44106,0.58,6.754899978637695
2022-07-22,-0.017273411057041166,-0.03006102366141139,0.00837264308512431,0.014404652725710676,0.013984128994097178,0.03463815308215401,-0.00168508090109043,-0.01238429344440739,-0.009376287293813235,0.025170048494643993,0.41052180312515707,97.95757,99.44106,0.43,6.765600204467773
2022-07-25,0.020899402933721056,-0.05922454696433288,-0.0047009608311539,0.005717330180803337,0.0007463414598674056,0.0008956623757505611,-0.002345106765170968,-0.008323633413299447,0.0013143029733058142,0.03488309395378586,0.3814299076622372,97.95757,99.44106,0.45,6.750500202178955
2022-07-26,-0.01794699243566278,-0.09283768272926274,-0.0007565681663264101,0.004492787719817315,0.009356231511626678,0.027271645586060655,0.006645777866585156,0.004769281305385675,-0.011610342599263745,-0.003980766289208404,0.3844153403417041,97.95757,99.44106,0.45,6.749499797821045
2022-07-27,0.023721448475201967,-0.050130783602278406,0.0008147256292714289,0.011466793709622891,0.01379944666309374,0.029592377451436835,-0.00692762080883913,-0.005900873081001734,0.025820048778628646,0.01596078854836236,0.3884847895371256,97.95757,99.44106,0.36,6.76230001449585
2022-07-28,-0.008674196952688007,0.0007262509635310721,0.01798634584799874,0.02171618556491417,0.013179943583044196,0.0510660922117292,-0.0009398353724892061,-0.005251865981004578,0.012060319791912022,0.018208041650769502,0.39291688628263366,97.95757,99.44106,0.2,6.757400035858154
2022-07-29,0.022560478659059413,0.04056014067963165,0.007172964446712449,0.02051650692650231,0.030885074406484803,0.06796703762411682,-0.004240260282498909,-0.0078070453624130565,0.014107775781754484,0.04169210472633722,0.4111576698707684,97.95757,99.44106,0.14,6.745800018310547
2022-08-01,-0.04915023087638559,-0.029489493130474997,0.003454221019279835,0.028671688776936044,-0.008968687961960375,0.05825200820228904,-0.004258389031584819,-0.009720327628826908,-0.002827076544916096,0.03755072520811531,0.40842793359776464,98.00436,99.22607,0.09,6.743199825286865
2022-08-02,0.005629017955736337,-0.0059134827390758815,0.0011863935181128937,0.030614650461375348,-0.00777228609106162,0.04112349059960074,0.007463787636079466,-0.008902317859332598,-0.006684688378872039,0.042476379428507016,0.39975883058809447,98.00436,99.22607,0.27,6.7677001953125
2022-08-03,-0.040636609818898606,-0.07027154103317645,-0.007424009432775769,0.02237591539932815,-0.01572804187747434,0.011596002059032662,0.0025382318911608692,0.0005635348406674012,0.015517456270091046,0.032173786919969416,0.3535470458093296,98.00436,99.22607,0.23,6.751800060272217
2022-08-04,-0.023661848262321428,-0.08525919234280988,0.017200480453950284,0.021590050005279693,0.003883492834934499,0.002299551310922965,-0.007728593390747385,-0.006225223177590777,-0.0007776424495844481,0.019335824678472946,0.35358147066337764,98.00436,99.22607,0.22,6.756999969482422
2022-08-05,0.00529430932646946,-0.10252536167539983,-0.008760642024044252,0.005656443534522992,0.019898306639490215,-0.008687216456071623,0.008760833034145321,0.006775870139053453,-0.0016270690189177373,0.003600979877800725,0.3201678001927186,98.00436,99.22607,0.37,6.747799873352051
2022-08-08,0.019469936478044403,-0.033905194320969834,0.007809700130070318,0.010011922645313476,0.009663298145692334,0.009944769651581087,-0.0016896681086784326,0.00934459106195984,-0.0012383171221213018,0.0051897393005955195,0.31794345690352344,98.00436,99.22607,0.29,6.760900020599365
2022-08-09,-0.002868832742896288,-0.04240304501960246,0.004021425813642843,0.012846954940843425,0.0013927233381700876,0.019109779080812794,-0.0006578609618177467,0.0012229424640626263,-0.004257744235927063,0.007616683443540495,0.3013704125053873,98.00436,99.22607,0.33,6.749899864196777
2022-08-10,0.0156775704894363,0.013911135288732446,0.0008914506924311283,0.021162415066050322,0.017384534003716867,0.052222354962004,-0.011060336790090552,-0.012375626217188795,0.021067158460407853,0.013166385633857303,0.25939329526795163,98.00436,99.22607,0.35,6.751699924468994
2022-08-11,0.02587781784259402,0.0634508013936479,-0.0032912335706649642,0.0006707010414350734,0.014933773931209648,0.06327263605827915,-0.0010461802643630946,-0.005693213090804505,-0.0007057229222020567,0.013238305161239694,0.2614180951775367,98.00436,99.22607,0.4,6.722799777984619
2022-08-12,-0.024138919071270415,0.03401757299590802,0.004960590165981493,0.014391933231460818,-0.009341402279006816,0.03403292713978212,0.0051253048030170945,-0.009328741321932732,0.017174046951492272,0.032039421131649704,0.22368174822200276,98.00436,99.22607,0.37,6.743599891662598
2022-08-15,-0.029533746260804072,-0.014986109742940457,-0.009608985203733766,-0.0030267521023432664,-0.012868122622951894,0.011501506371137893,0.008671991353023323,0.0010329181397690235,0.003961684056234205,0.03723942231000521,0.23339726509312295,98.00436,99.22607,0.35,6.741799831390381
2022-08-16,-0.032741413194471214,-0.04485869019451538,-0.004613789368584698,-0.011661967284570807,0.0020645340532499112,0.012173317086217716,-0.00046940203670153835,0.0012213770648852318,0.0018739228259470053,0.04337108937187928,0.2082967090804387,98.00436,99.22607,0.38,6.771999835968018
2022-08-17,0.018094880294427185,-0.0424413803895245,-0.0073015195437200475,-0.019854937520721982,-0.010643498782088923,-0.015854715699588073,0.0006570582197662489,0.012938772074742033,-0.007264114867647109,0.015039816043824317,0.20126643061201985,98.00436,99.22607,0.43,6.787399768829346
2022-08-18,0.026763809900088198,-0.04155538833203032,-0.0028444665106128753,-0.019408170460669893,0.013389684468500418,-0.017398805162297304,0.008502771611143878,0.022487723950249006,0.0022669896063849393,0.018012528572411313,0.20223896887794143,98.00436,99.22607,0.36,6.779900074005127
2022-08-19,0.002978946849800934,-0.01443752241095897,-0.00439640617260828,-0.028765166799259667,0.010095567341773526,0.0020381644584830383,0.0063992317342433935,0.023761650881475305,-0.012983928713039106,-0.012145447092120065,0.19775810643488895,98.00436,99.22607,0.43,6.784599781036377
2022-08-22,-0.005966794345088289,0.009129429504756814,-0.007812525766742517,-0.026968707362268418,-0.003535497640371865,0.011370789441063067,0.008102473917944941,0.023192133446396923,-0.0216323664664948,-0.03773949761484907,0.19727191915707892,98.00436,99.22607,0.46,6.815700054168701
2022-08-23,0.038162966495077555,0.08003380919430558,0.007354692223818127,-0.015000225769865594,0.00922038258103619,0.018526637968849347,-0.00395094273972596,0.0197105927433725,-0.0022403704344373665,-0.04185379087523344,0.19749340128260728,98.00436,99.22607,0.47,6.847899913787842
2022-08-24,0.012193349847795076,0.07413227874767347,0.0005723115660449807,-0.007126394660100566,-0.011948522410051954,0.017221614340886315,0.0005522094733159122,0.019605743996922165,0.0029119166987232603,-0.031677759308863074,0.20491742960992407,98.00436,99.22607,0.49,6.833600044250488
2022-08-25,-0.025293518473556986,0.02207495037402829,0.005648226308946569,0.0013662981594588786,0.013566875289911406,0.017398805162297304,-0.0019341390602107822,0.009168833325567505,0.013993241836107728,-0.019951507079140285,0.20477541295364593,98.00436,99.22607,0.43,6.858500003814697
2022-08-26,0.005819619101838924,0.02491562262606628,-0.01236490425398351,-0.006602199921916352,0.0002694496189850071,0.007572687439508785,0.0030377141651287687,0.00580731575645288,-0.03426857631703939,-0.04123615468314057,0.20215141164078926,98.00436,99.22607,0.47,6.848299980163574
2022-08-29,0.0415696678121682,0.07245208478332277,0.000287960382690855,0.0014982862275170206,-0.023168122718755235,-0.012059937638874585,0.00036751779723509514,-0.0019276403642569662,-0.006688675197326077,-0.026292463413971845,0.1952616169671594,98.00436,99.22607,0.54,6.870800018310547
2022-08-30,-0.05694623706893953,-0.02265711878069432,-0.007746165501607116,-0.013602571497908222,-0.022729784336666947,-0.04401010455657772,-0.0006433500252418511,0.0013799523502271427,-0.011089416492115589,-0.03514150947165007,0.20905582233262723,98.00436,99.22607,0.56,6.9070000648498535
2022-08-31,-0.023070688339442036,-0.05792115696793143,-0.0060535122831444355,-0.02022839534709764,-0.0075033936028920944,-0.03956497574941786,-0.0006437641909649017,0.00018397868594632882,-0.007847738208154098,-0.045901164378527426,0.2089334231106184,98.00436,99.22607,0.67,6.910799980163574
2022-09-01,-0.033381873195454936,-0.06600951168982938,-0.009503252799611062,-0.03537987445565527,-0.030003719042358323,-0.0831355700816876,0.009066461628455258,0.011184579374612369,0.002991752267195835,-0.05690265394743932,0.22743712280393935,98.14442,99.058,0.81,6.888899803161621
2022-09-02,0.0029974904989016338,-0.06883164029276667,0.007750199166291161,-0.015264771035380598,0.00204797307319482,-0.08135704662747778,-0.0014597544898355963,0.006687110719648004,-0.010794552570724036,-0.033428630201123966,0.2270533998537291,98.14442,99.058,0.73,6.9054999351501465
2022-09-06,0.00011504468313017213,-0.1102862634218047,-0.0055129013074628475,-0.0210656327255343,0.013787355194825324,-0.04440156871389722,0.006189155205599484,0.012508748128012392,-0.004103464690896175,-0.030843419694694063,0.22092186927159144,98.14442,99.058,0.85,6.93310022354126
2022-09-07,-0.058540522658338645,-0.11188054901120381,0.008724489039539485,-0.004594978184387699,-0.008976500708669954,-0.03064828508590023,-0.0033629002770174665,0.009789197876236777,0.018174848666170362,-0.0015791545364081117,0.21886419482344072,98.14442,99.058,0.82,6.953100204467773
2022-09-08,0.019338268114405643,-0.06947159255735613,-0.004264925533493447,-0.0028063914347367103,0.028106252131502307,0.004961360648494173,-0.0011842156348933486,0.00924874643230833,0.006588966880441305,0.012857550552187291,0.24241893167073497,98.14442,99.058,0.88,6.9653000831604
2022-09-09,0.038165848176740624,0.0020761288148394286,0.004789420573202641,0.011486281938076992,0.012645967498656319,0.047611047189508815,-0.0064926302552796855,-0.006310345451426613,0.015156014981211996,0.025021813266203452,0.23847500250584786,98.14442,99.058,0.91,6.956500053405762
2022-09-12,0.011342252148776488,0.010420890464714283,0.006910009010536733,0.010646091782322564,0.012350083783838173,0.05791315790015217,-0.006165741369104083,-0.0110163323306951,0.010528651483996398,0.04634501732092389,0.2364619825174702,98.14442,99.058,0.95,6.92549991607666
2022-09-13,-0.005368694493483872,0.004937151288100239,-0.01345741421463753,0.002701578875147881,-0.012350083783838173,0.03177571892148867,0.013660518211814576,-0.0035449693244800073,-0.044199163031974464,0.006249318979845597,0.2380073095700436,98.14442,99.058,0.98,6.925000190734863
2022-09-14,0.01331159985383934,0.07678927380027822,-0.004997805493332841,-0.011020715657724445,-0.009962910990771068,0.030789308639387558,-0.0014579557008271848,-0.0016400247482897257,0.003381289078845384,-0.00854424060747938,0.23642747526476562,98.14442,99.058,0.95,6.924099922180176
2022-09-15,-0.038949558065144885,0.018501447620727696,-0.018501955762986633,-0.02525774588721763,-0.006224401018001036,-0.0035413445101157848,0.0007292087935137914,0.00027339968011741433,-0.011382272168150465,-0.02651547965607115,0.23676918555494608,98.14442,99.058,1.02,6.960999965667725
2022-09-16,0.00011752701128919796,-0.01954687354472373,0.0037756940386222126,-0.02627147242179806,0.010586630784932272,-0.005600681223839832,0.0001822712757757472,0.006948301211172847,-0.007208049775663028,-0.048879544412946174,0.23786173682677778,98.14442,99.058,1.07,6.993000030517578
2022-09-19,0.007258317187514685,-0.023630808505985534,-0.0032954882641922367,-0.03647696969652703,-0.0009834160131192426,-0.018934181020797247,-0.0001822712757757472,0.012931771304501183,0.00683369772470499,-0.05257449817223758,0.23244177987066567,98.14442,99.058,1.15,6.979000091552734
2022-09-20,-0.01504325473076129,-0.03330536874326295,-0.00390872152890509,-0.026928277010794588,-0.002673926948828731,-0.009258024185787805,0.004364467365699731,0.003635720458386338,-0.011336114736598901,-0.01971144987686202,0.2288200107882638,98.14442,99.058,1.17,7.0055999755859375
2022-09-21,-0.018042122862901522,-0.06465909146000381,0.0029480059385473822,-0.018982465578914365,-0.010198392195088113,-0.00949350539010485,0.0038033023097083785,0.008896978468921901,-0.017264674098507626,-0.04035741305421503,0.23061936174057598,98.14442,99.058,1.13,7.017199993133545
2022-09-22,0.006609354365198605,-0.019100179029660325,0.003717743202048318,0.003237233386120586,-0.0038513633893701993,-0.007120467761474014,0.006396698159980119,0.014564467835388228,-0.008463293830454077,-0.03743843471651864,0.22694944358036978,98.14442,99.058,1.29,7.047900199890137
2022-09-23,-0.05857558023383547,-0.07779328627478499,-0.015379814777475964,-0.01591827542997759,-0.03697658256135128,-0.054683681107757565,0.016389464213498073,0.030771660773110554,-0.017382828767329883,-0.0476132137081855,0.2546381129685228,98.14442,99.058,1.32,7.076600074768066
2022-09-26,-0.02611919234912019,-0.11117079581141986,-0.013461623673599377,-0.02608441083938473,-0.017352743046095798,-0.07105300814073412,0.008007399281431127,0.03896133133031743,-0.010394360890281007,-0.0648412723231715,0.2503805316155611,98.14442,99.058,1.56,7.127399921417236
2022-09-27,0.023066558752073085,-0.07306098232858549,0.0020922483593892593,-0.02008344095109038,0.0028629649246225686,-0.06551611626728282,8.765730053017506e-05,0.03468452126514787,-0.0021226109548244665,-0.05562776854139706,0.2512785714636408,98.14442,99.058,1.64,7.1479997634887695
2022-09-28,0.0454482382692154,-0.009570621196468565,0.02050515912687434,-0.002526287762763424,0.01759926585601601,-0.037718458216178696,-0.013321198641120802,0.01756002031431869,0.0194811441811531,-0.018881950261736336,0.2543467528663253,98.14442,99.058,1.39,7.176799774169922
2022-09-29,-0.011262184668438202,-0.027442160230105372,-0.0011449724954992746,-0.007389003460311017,0.017004246566302728,-0.01686284826050577,-0.0031131755319036003,0.008050146622434973,-0.021352794823098264,-0.03177145125438052,0.2533903474507777,98.14442,99.058,1.57,7.198999881744385
2022-09-30,-0.021653477678323263,0.009479942325406832,0.0023487766438892166,0.010339587961054164,0.0005811842797627254,0.020694918580608235,-0.0011587758289692829,-0.009498093420032383,-0.015181351546209143,-0.029569974033259783,0.2524955607585007,98.14442,99.058,1.68,7.123899936676025
2022-10-03,0.050771073840549796,0.08637020851507682,0.018180693033650996,0.04198190466830454,0.004637698966480475,0.04268536059318451,-0.0033055172997160653,-0.020811010001179575,0.02555457753092938,0.006378964387950603,0.22994776294920297,98.14442,99.058,1.43,7.114999771118164
2022-10-04,0.03397328773398023,0.09727693749698396,0.016520558026137167,0.056410214335052444,0.01720224306202245,0.05702463873058439,-0.015147709230938666,-0.036046376532648416,0.030125341416800566,0.038626916759575636,0.23703097058751169,98.14442,99.058,1.38,7.1149001121521
2022-10-05,0.014230278023360299,0.06605897725112886,-0.0056518438412807015,0.030253211366897403,0.004113229348263525,0.0435386022228319,0.009044106168690114,-0.013681071722837501,-0.0020199875589383964,0.01712578501948414,0.23295587692714845,98.14442,99.058,1.54,7.114999771118164
2022-10-06,0.007831545794454442,0.0851527077140215,0.00017523692601439933,0.03157342078841108,-0.016411392102800626,0.010122963553728548,0.010656998111934435,8.910192100053393e-05,-0.010297922911394863,0.028180656931187542,0.23827597497801226,98.14442,99.058,1.61,7.114999771118164
2022-10-07,0.04628362113309947,0.15308980652544424,-0.006564674728268827,0.022659969416253034,-0.01814931900831218,-0.008607539734346359,0.00479873757518412,0.006046615325153937,-0.02840319653147816,0.014958811945918526,0.22423819075195367,98.14442,99.058,1.62,7.114999771118164
2022-10-11,-0.01972580384098155,0.032185662242541824,0.006814074389340341,-0.024943951849285106,0.007069175608445555,-0.011435219783086481,0.000706854869853224,0.02821631512746592,-0.006540518412323948,-0.0547822985477886,0.22021828309302632,98.14442,99.058,1.62,7.153600215911865
2022-10-12,-0.02355450181873575,-0.005599117599554226,-0.005016375012451668,-0.024308483020456073,-0.009678647353026149,-0.025227096484376155,0.0008828328790659867,0.02005504183784179,-0.0032961996501654767,-0.05605851063901568,0.2188229195119675,98.14442,99.058,1.62,7.164400100708008
2022-10-13,0.020864845764892337,0.0074341823708836685,-0.00017965381824769366,-0.024663373764718166,0.006655117764567953,-0.002160586617007576,-0.008507664601121512,0.000890379124785845,0.025634259307631524,-0.020126328419989292,0.21863248714729458,98.14442,99.058,1.63,7.174099922180176
2022-10-14,-0.040069462590208715,-0.07891890135242452,-0.017091365852745177,-0.03519006488919452,-0.004914713560715489,0.011074018830589116,0.008419396178068972,0.004511037727670697,-0.02394712074452876,-0.015670252633039894,0.21828943684931817,98.14442,99.058,1.59,7.16949987411499
2022-10-17,-0.0017536863808924608,-0.06423860886592614,0.009276477868507271,-0.006196842425596927,0.0014479805876363994,0.0005789130469082693,-0.011271445282878823,-0.009770025957012152,0.02613552455756185,0.01798594505817519,0.2144407415833725,98.14442,99.058,1.57,7.190000057220459
2022-10-18,-0.031378845070331174,-0.07589165009527576,-0.004839694866963562,-0.01785061168190083,-0.014281731075751036,-0.020771993637288322,0.0008029294148261812,-0.009673951412039195,0.01136276820708737,0.03588923167758651,0.2189899740677341,98.14442,99.058,1.6,7.195499897003174
2022-10-19,0.032431461577801635,-0.01990568669873838,-0.013123948476875036,-0.025958185146324197,-0.013595599532649105,-0.02468894581691128,0.007551953631584674,-0.0030048306595205077,-0.006694455239685482,0.0324909760880665,0.2226106392457757,98.14442,99.058,1.72,7.2006001472473145
2022-10-20,0.00501371410091167,-0.035756818362719045,0.0020256268035838687,-0.023752904524492635,0.026574235556435122,-0.004769828025044109,-0.0008855583970674985,0.004617275544533506,-0.007982686738765565,-0.001125969958330586,0.24233760887235567,98.14442,99.058,1.73,7.22730016708374
2022-10-21,-0.01087539538753024,-0.00656275116004057,0.012310443033820562,0.005648904362073104,0.020648862969661508,0.020793748505332887,-0.007737111117251949,-0.011539231750787415,0.023447759860447448,0.04626891064664562,0.25311645085196616,98.14442,99.058,1.69,7.215799808502197
2022-10-24,-0.0055415010306631984,-0.010350565809811307,-0.001394095969132536,-0.0050216694755667035,-0.012424278700876146,0.006921489216820342,-0.0001786095760190065,-0.00044639604392759935,0.011811940205111782,0.03194532629419555,0.21958606077205195,98.14442,99.058,1.66,7.242800235748291
2022-10-25,0.008711036333179045,0.029739315593698912,0.002483779957048071,0.0023018053484449297,-0.008369469804456742,0.012833750488114637,-0.009329940646513712,-0.010579266105267493,0.01613577001587352,0.0367183281029817,0.21193923726367261,98.14442,99.058,1.59,7.261899948120117
2022-10-26,0.029904715494257772,0.02721256951015505,0.0067534934731101615,0.022179247298430127,0.0505757221740033,0.07700507219476704,-0.011330282410837889,-0.029461502147690055,-0.007415140398988385,0.0359976429436788,0.2708486585933784,98.14442,99.058,1.6,7.303800106048584
2022-10-27,0.013221257423768229,0.03542011283301161,-0.0019851715705820894,0.01816844892426417,-0.0011026737354187244,0.0493281629029132,0.008080296510916796,-0.02049564723970576,-0.006101185053184466,0.0378791446292599,0.2669116428359308,98.14442,99.058,1.51,7.171899795532227
2022-10-28,-0.013335040893947436,0.03296046732659441,-0.01278687607064466,-0.006928870180201052,-0.04499098542763025,-0.01631168549437856,0.000723147758539433,-0.012035388363914379,0.024328036770855377,0.03875942153966783,0.3097896027290673,98.14442,99.058,1.51,7.22790002822876
2022-10-31,-0.015708661539025393,0.022793306818232217,-0.002259168215868357,-0.007793942426936873,-0.01526303585557165,-0.019150442649074062,0.00774081832986262,-0.0041159604580327525,-0.007482327030336577,0.019465154304219467,0.3144728619392931,98.14442,99.058,1.58,7.251399993896484
2022-11-01,0.021041416099027543,0.035123686584080716,0.0055472576754134195,-0.004730464708571525,0.027735406246531813,0.016954433401914493,-0.00044836933520375766,0.004765610853277202,-0.00410966372035837,-0.0007802794320124207,0.3289758564681035,98.70769,98.81596,1.56,7.301799774169922
2022-11-02,0.018277093719872184,0.023496064809695127,0.00042541173173926694,-0.011058546449942419,-0.0011403988240250573,-0.034761687596113866,-0.0011668527262473916,0.0149290405378677,-0.025319843737483083,-0.01868498277050712,0.32347560740404097,98.70769,98.81596,1.57,7.276599884033203
2022-11-03,-0.0205429219986506,-0.0102681146127237,-0.011243566259036442,-0.02031694113839677,-0.0140766541190529,-0.04773566797974804,0.01408978043799447,0.020938524464945374,-0.010642422531956797,-0.02322622024927945,0.3265636129641681,98.70769,98.81596,1.74,7.288700103759766
2022-11-04,0.049130385441120694,0.05219731172234443,0.027397283330208744,0.019867218262456632,0.07198753440505024,0.06924285185293244,-0.01831964976709166,0.0018957269393142795,0.013526823285562983,-0.034027433734571844,0.4076327866932806,98.70769,98.81596,1.69,7.30079984664917
2022-11-07,-0.00889376456758395,0.05901220869378587,0.002388773903899022,0.02451516038222401,-0.02314919268988347,0.06135669501862062,-0.006877805454706731,-0.012722896845255072,0.009568061679360085,-0.01697704502487518,0.41127985318543053,98.70769,98.81596,1.69,7.175099849700928
2022-11-08,-0.03187870588315622,0.006092086711602107,0.02101238604477107,0.03998028875158166,0.02072329847077148,0.05434458724286029,-0.004550840542671963,-0.016825368052723277,0.0055822828287599435,-0.007285098475756868,0.41481225767922913,98.70769,98.81596,1.64,7.228799819946289
2022-11-09,-0.035256046258361984,-0.04744105326663206,-0.0011688389084403283,0.038386038111402065,0.00966840198968022,0.06515338805656556,0.008448070235228755,-0.007210445091247131,-0.020996784712302485,-0.0029620394505762704,0.4152031302322621,98.70769,98.81596,1.7,7.248199939727783
2022-11-10,0.007428930025776381,-0.01946920124220508,0.023235395651179047,0.07286500002161755,0.01446130772298515,0.09369134989860362,-0.0213941597857783,-0.0426943853150199,0.05395251566479686,0.06163289874617739,0.41398454314526145,98.70769,98.81596,1.43,7.240799903869629
2022-11-14,-0.03535226354107923,-0.0666688125354078,0.004294263372938367,0.0563030786305605,-0.024597693190473002,0.06027613839384949,0.003475023347901285,-0.03192446570924812,-0.008975940544917904,0.0387603855411065,0.4434158317576097,98.70769,98.81596,1.51,7.107100009918213
2022-11-15,0.012153577652508574,-0.022636528999743,0.00011279993292134805,0.03540349251871078,-0.00402887509057992,0.03552396483249809,-0.002440648258366096,-0.02981427342494225,0.008675376414668534,0.04185347912701509,0.4444167517177981,98.70769,98.81596,1.45,7.07289981842041
2022-11-16,-0.015419723215384984,-0.002800205956766,-0.0004511383955572157,0.03612119303159389,-0.013503933351268316,0.012351629491549554,-0.001128481842625817,-0.03939082550279682,-0.008286283111873516,0.05456398072744406,0.4439991297336973,98.70769,98.81596,1.38,7.043000221252441
2022-11-17,-0.04724908064135658,-0.05747821662389896,-0.00690474813130848,0.005981049249106363,-0.026347230673519073,-0.02845690890495467,0.003850346680662753,-0.01414631903635577,-0.0030941046442301,-0.0024826395815829017,0.45285720376193533,98.70769,98.81596,1.49,7.087200164794922
2022-11-18,-0.019293172593227048,-0.10516066233853927,-0.005067351765360328,-0.008016174986366309,-0.01570752051102242,-0.08418525281686273,0.00224696153599524,0.006003201463567365,0.004747295648158456,-0.00693365623819453,0.4505072182609586,98.70769,98.81596,1.57,7.156199932098389
2022-11-21,-0.004380189254110434,-0.07418858805157047,-0.008311170299650783,-0.02062160865895546,-0.01679775910019088,-0.07638531872658061,0.008474195582723887,0.011002373698389967,-0.0038912498002758866,-0.0018489654935525124,0.4501060395562447,98.70769,98.81596,1.52,7.118899822235107
2022-11-22,0.015185673806176858,-0.07115649189790219,0.000517895339190666,-0.02021651325268614,0.01196785288642288,-0.06038859074957781,-0.005765803420842985,0.007677218535913077,0.013488606269829617,0.0029642643616085707,0.44910797432744115,98.70769,98.81596,1.44,7.1641998291015625
2022-11-23,-0.03789231118961123,-0.09362907987212843,0.0037896091787743558,-0.01597576567835457,0.0008296518546004883,-0.046055005543709004,-0.01068926608579801,-0.001883565707259116,0.005897266041737126,0.017147813515219212,0.44760816502571243,98.70769,98.81596,1.39,7.1392998695373535
2022-11-25,-0.021528566505445212,-0.06790856573621706,0.004802492929498747,-0.004268524617547342,0.002484767864859405,-0.017223007005330526,-0.001131887935067688,-0.006865800322989557,-0.0002830842622021379,0.019958833897247175,0.41175381018910756,98.70769,98.81596,1.36,7.150300025939941
2022-11-28,0.012506665173971143,-0.03610872796901887,-0.007557185534083466,-0.00675835838627048,-0.004421671991031939,-0.005937158485340044,0.0067720464109211065,-0.0023407154480636905,-0.015564696794065469,-0.0003531585449767505,0.41202223489938405,98.70769,98.81596,1.43,7.170499801635742
2022-11-29,0.012352178622964338,-0.0193763600919441,0.00475852916155084,0.006311341074931143,0.00538638595189278,0.016246986566743615,0.0013114698802292324,-0.009503441150558345,-0.001593133701623728,0.0019449575536754082,0.37861723861240504,98.70769,98.81596,1.5,7.207099914550781
2022-11-30,0.02960853898325677,-0.004953494914864187,-0.0013736405532718265,0.00441980518246865,0.02704151144113842,0.031320645121459156,-0.008177916144155084,-0.011915553873870444,0.030478643521295368,0.01893499480514116,0.38237234975913253,98.70769,98.81596,1.34,7.15939998626709
2022-12-01,0.008283389778253714,0.041222206053000754,0.031070118388379697,0.03170031439207399,0.022404287428695602,0.05289528069555427,-0.011581614072280644,-0.012807901860353077,-0.000868009829606109,0.012169718933797924,0.378668678656223,99.13598,98.73833,1.17,7.076200008392334
2022-12-02,-0.01538489189690484,0.047365880661541127,-0.0028912731689034743,0.02400654829367177,0.008875067017934057,0.05928557984862892,-0.0017201867741727384,-0.013396200699458127,-0.0011953746637622942,0.011257428532237768,0.37855759796737654,99.13598,98.73833,1.08,7.043700218200684
2022-12-05,-0.038880723953062635,-0.004021508465492651,-0.015996748721573084,0.015566985106182152,-0.015319461924328426,0.048387789915332435,0.007053001499860656,-0.013115245610518578,-0.01805624963097152,0.008765875695331715,0.37934717493073156,99.13598,98.73833,1.21,7.023900032043457
2022-12-06,-0.03545814375496281,-0.0518318308434198,0.0010744618189315602,0.011882917763562872,0.00578874769550719,0.048790151658946845,0.00275052017432742,-0.01167619531642039,-0.014503869422986426,-0.004144860026030983,0.28932319453555516,99.13598,98.73833,1.2,6.960899829864502
2022-12-07,-0.030632749756287048,-0.11207311958296362,0.009114472318120903,0.022371030634955602,0.011477864376372215,0.03322650459418064,-0.004556713373736088,-0.008054992546001394,-0.0018641072533824854,-0.036487610800708836,0.27717342666556866,99.13598,98.73833,1.16,6.994900226593018
2022-12-08,-0.0076671881430039335,-0.12802369750422127,0.0017905836665894626,-0.006908504086834633,0.0064633356259302666,0.017285552791415304,-0.00314482404066041,0.00038179748561883997,0.007493634413933137,-0.02812596655716959,0.2699110766944155,99.13598,98.73833,1.2,6.972599983215332
2022-12-09,-0.006176359536017806,-0.11881516514333423,0.005241466558799424,0.0012242356408682653,-0.0011603561354087688,0.007250129638072478,0.0003817245645558742,0.0024837088243474525,-0.00737671946421159,-0.034307311357618886,0.2687385665485278,99.13598,98.73833,1.31,6.966300010681152
2022-12-12,0.029823995623774024,-0.050110445566497575,-0.009836314542059021,0.007384669820382328,-0.02019740729965802,0.0023721842627428824,0.0030484895737137307,-0.0015208031017994728,0.014178307299649973,-0.002072754426997392,0.2747243877866574,99.13598,98.73833,1.33,6.956600189208984
2022-12-13,0.029889156256413862,0.0152368544448791,0.018585013105521853,0.02489522110697262,0.010735868843074536,0.007319305410310228,-0.010999048222175567,-0.01527037149830246,0.007263223255456808,0.019694338251445842,0.23717783942722367,99.13598,98.73833,1.27,6.976500034332275
2022-12-14,0.024760541980726636,0.07063014618189278,-0.003534561790434765,0.012246186998416952,0.00920352593287066,0.005044966966808673,-0.0020217259725496817,-0.012735384097116054,-0.0060711166238363035,0.015487328880992024,0.22399251133626583,99.13598,98.73833,1.3,6.943399906158447
2022-12-15,-0.01525550380977947,0.06304183051511725,-0.01690561044591643,-0.00645000711408894,-0.02932914815279508,-0.030747516811916675,0.007584166699197148,-0.0020063933572584958,-0.0252374779018254,-0.017243783434766513,0.2461293813430015,99.13598,98.73833,1.28,6.949900150299072
2022-12-16,-0.024203304811225124,0.04501488523990993,0.007176555247797367,-0.004514918425090997,-0.0003987320727960597,-0.029985892749303966,0.0013380427622182722,-0.0010500751595960978,-0.011200239946012047,-0.02106730391656697,0.24186244002433652,99.13598,98.73833,1.35,6.9721999168396
2022-12-19,0.012041910372351694,0.0272327999884876,-0.0012857697271355661,0.0040356263898324585,0.00569956105441527,-0.004088924395230675,0.00019104452962181995,-0.0039075202036880086,-0.009048328941103634,-0.04429394015732058,0.22319029186687225,99.13598,98.73833,1.42,6.972099781036377
2022-12-20,0.01189852620001286,0.009242169932086597,0.015651375902693054,0.0011019891870036602,0.0038255842291201603,-0.010999209009185051,-0.007187725527677102,-9.619750918954395e-05,0.0010368006978893618,-0.05052036271488802,0.21464860091431565,99.13598,98.73833,1.45,6.978600025177002
2022-12-21,0.02850309055409994,0.012984718505459902,0.0,0.004636550977438425,0.002235839507275461,-0.01796689543478025,0.0018258058879627725,0.0037513343513229103,0.014758548669055571,-0.02969069742199615,0.2033386690080935,99.13598,98.73833,1.41,6.9608001708984375
2022-12-22,-0.010271024405837714,0.017969197909401657,-0.016042989850930667,0.0054991715724241885,-0.01442303634699127,-0.003060783628976438,0.002588779794998608,-0.0012440525528756297,-0.014557142498146547,-0.019010362018317295,0.2091866884048005,99.13598,98.73833,1.48,6.980599880218506
2022-12-23,0.026362555091380635,0.06853505781200742,0.00496806645959591,0.0032906827842227315,0.013634490901053287,0.010972439344872909,-0.0011497821311721168,-0.0037318774462660187,0.005850952271915233,-0.001959169800390015,0.21312604141047545,99.13598,98.73833,1.55,6.982999801635742
2022-12-27,-0.0003771296793377843,0.05611601776031794,0.010468993076298005,0.015045445587656303,0.00798797820993613,0.01326085650039377,-0.0012470360362275557,-0.005169958012115394,-0.0040578440346585865,0.0030313151060550325,0.21401047697771672,99.13598,98.73833,1.58,6.96120023727417
2022-12-28,-0.007192910089678151,0.03702458147062693,-0.0038093315032527997,-0.004415261818289551,-0.00039133554623305145,0.009043936725040558,0.002684038997412763,0.004701806512974471,-0.012093470442948728,-0.010098956034783058,0.21278593206476767,99.13598,98.73833,1.6,6.959000110626221
2022-12-29,-0.007117436711298275,0.0014040542052287108,0.0063957738601461145,0.0019805120418565636,-0.002874670166419513,0.003933427051345584,-0.005952996554838386,-0.003076995929826687,0.017310634314993578,-0.007546870388845051,0.2134612486973898,99.13598,98.73833,1.56,6.97760009765625
2022-12-30,0.023447444636044423,0.03512252324711085,0.00010988743391848743,0.018133389326705718,-0.0040647976772318906,0.014291665721104962,-0.0030864193642168303,-0.008752195089042125,-0.002543975646110752,0.004466296463190744,0.19466330252047992,99.13598,98.73833,1.58,6.963099956512451
2023-01-03,-0.04237547001737596,-0.03361550186164575,0.01093086280425215,0.024096185671361958,-0.01043395789977164,-0.009776783079719964,0.009613610210076118,0.0020111972522061095,-0.004008572481273731,-0.00539322828999822,0.18190345834129956,99.13598,98.73833,1.53,6.89709997177124
2023-01-04,-0.054630716854441985,-0.08786908903674995,0.007095546441984624,0.020722739037048576,-0.007061513953980025,-0.02482627524363612,-0.0025865478558806387,0.0006716854325530264,0.007510694562139264,0.006175310306799631,0.17980577116778718,99.13598,98.73833,1.47,6.914100170135498
2023-01-05,0.01133043125657096,-0.06934574769050084,-0.009762524397120664,0.014769546143180712,0.0207748208949301,-0.003660118802472967,0.007549378031617593,0.005537024466757856,-0.011713869136457333,0.006554911613291026,0.18779854786105635,99.13598,98.73833,1.49,6.887800216674805
2023-01-06,0.0013564635509055734,-0.06087184742829699,0.015896470099271198,0.024270242382305796,0.023426911668422035,0.02264146303236858,-0.011104878355931547,0.000385142665664695,0.022583835589031764,0.011828112887329212,0.2035091078052544,99.13598,98.73833,1.34,6.881499767303467
2023-01-09,0.011590434949835249,-0.07272885711450616,0.004549233258291707,0.028709588206679015,0.027755004194319977,0.05446126490392045,-0.008507372124960888,-0.005035810095079363,-0.0007679273259917352,0.013604161207448229,0.22093543447741548,99.13598,98.73833,1.31,6.837399959564209
2023-01-10,0.0065443371219586766,-0.023809049975171526,-0.0005875467452387539,0.01719117865718811,0.011996943703364238,0.07689216650705633,0.002327365928889158,-0.012322054376266323,0.006953997970594372,0.024566731659316332,0.22317312954745197,99.13598,98.73833,1.37,6.770999908447266
2023-01-11,0.030029147061982897,0.06085081394125336,0.0016016233411999536,0.01169725555640344,0.02128648060738758,0.10524016106842393,-0.00048438137157269523,-0.010219887891958379,0.012767571192293659,0.029823608289470727,0.2322321603722688,99.13598,98.73833,1.31,6.777400016784668
2023-01-12,0.012580341889957936,0.06210072457464033,0.011087365667616034,0.03254714562114014,0.007553507080328314,0.09201884725382214,-0.00915117786404096,-0.026920443787616932,0.0034100849120424215,0.04494756233797048,0.21618952973384378,99.13598,98.73833,1.22,6.769000053405762
2023-01-13,0.018578748863303574,0.07932300988703833,0.012008862043122903,0.028659537564991844,0.005123049509968336,0.07371498509536845,-0.0004891470139520848,-0.01630471244563747,0.003988892144656475,0.026352618893595192,0.21506211714571713,99.13598,98.73833,1.31,6.737800121307373
2023-01-17,0.003999001742649888,0.07173157667985297,-0.005855345730477524,0.018254958576222613,0.0017809851053658399,0.04774096600641431,0.0018573977167193334,-0.005939942603957249,-0.0020325554309970073,0.02508799078858992,0.21449142935141496,99.13598,98.73833,1.36,6.732500076293945
2023-01-18,-0.008768651100673708,0.056418588457220586,-0.0014691611288526474,0.01737334419260872,0.0031976664231128105,0.03894168872616288,-0.00029302837129652204,-0.008560336904142929,-0.015684966977744352,0.0024490258402511955,0.17714216193597976,99.13598,98.73833,1.25,6.77239990234375
2023-01-19,0.010637713060058118,0.03702715445529581,0.009251314471137917,0.025023035322546683,-0.0004730585681476107,0.01718214955062769,-0.0029351655398413,-0.011011121072411534,-0.0076676719018120565,-0.01798621725385452,0.1771738162743016,99.13598,98.73833,1.19,6.747099876403809
2023-01-20,0.012125807213962503,0.036572619779300375,0.002234663176594154,0.016170332831524803,0.005191713423162048,0.014820355893461423,-0.0004899830787303827,-0.0023499262871009563,0.01874167355235201,-0.0026546286135449293,0.17717715984234383,99.13598,98.73833,1.25,6.7758002281188965
2023-01-23,0.003805383434663412,0.021799254350660213,0.0003632807471509736,0.004524751535552873,0.0012938117847991482,0.010991118168292235,0.0012735466080506797,-0.0005872326650981918,0.011811315951328893,0.005167795193127489,0.17769963422449658,99.13598,98.73833,1.24,6.782599925994873
2023-01-24,-0.018424082115101825,-0.0006238295070915001,0.0035224324574505417,0.013902529723480939,-0.0020001415944981282,0.007209991468428267,-0.0021562413856148765,-0.004600871767432402,-0.0007117563642928815,0.006488594259831615,0.17925077428685252,99.13598,98.73833,1.19,6.7829999923706055
2023-01-25,0.0002496165799490413,0.008394438173531249,0.0037676113849673953,0.01913930223730098,-0.001296403861106965,0.002715921184208492,-0.0027510214113162235,-0.007058864807452103,-0.0001817415734652883,0.02199181966411068,0.1664516198091667,99.13598,98.73833,1.17,6.7835001945495605
2023-01-26,0.010672732119007655,0.008429457232480786,-0.006252753139314393,0.0036352346268486713,0.0063478354315531504,0.009536815183909253,0.0019657658427805202,-0.002157933424830283,0.010947708029114267,0.040607199595037,0.16404267554427182,99.13598,98.73833,1.16,6.782899856567383
2023-01-27,-0.01655401310600002,-0.020250363087481738,-0.00025922182084059386,0.0011413496294139236,-0.010128509708496658,-0.005783407947749453,0.0008833878845848631,-0.0007845624615150371,0.0024917340217047723,0.024357260064389763,0.17234962009678442,99.13598,98.73833,1.19,6.78249979019165
2023-01-30,-0.022592644641995285,-0.046648391164140435,-0.0029598625643068033,-0.0021817936820438533,-0.004865078397412903,-0.011942298129961504,0.003427832313775525,0.0013697232442098084,-0.01305356931529289,-0.0005076252022320205,0.17466954380304905,99.13598,98.73833,1.26,6.782400131225586
2023-01-31,0.012374989769701195,-0.015849319279337415,0.00342642612465216,-0.002277800014842235,0.005929831490147919,-0.004012325045315457,-0.0017614282623963362,0.0017645363674283487,0.014536304416418844,0.014740435578479705,0.17269697333091674,99.13598,98.73833,1.28,6.747799873352051
2023-02-01,-0.03168733664749546,-0.04778627250678191,-0.0008814202993878695,-0.0069268316991975,-0.02818097131555941,-0.030896892499767903,-0.008656332379842091,-0.004140774601097519,0.010398056296885727,0.02532023344883072,0.2054414516058149,100.1367,98.62729,1.14,6.753600120544434
2023-02-02,-0.006960516716146614,-0.06541952134193618,-0.005983212723418951,-0.006657291283302058,-0.0041438690674262535,-0.04138859699874731,0.0052224464768722,-0.000884093967005839,0.014592384626853416,0.02896491004656987,0.20110750062373492,100.1367,98.62729,1.18,6.740799903869629
2023-02-03,-0.03336543063000175,-0.08223093886593791,-0.028261842553797045,-0.03465991201625851,-0.0076007869285141805,-0.03886087421876483,0.011433145299790226,0.009665663448199524,-0.010408592637284997,0.0160645833875801,0.20148876217947892,100.1367,98.62729,1.31,6.731500148773193
2023-02-06,0.00976280595859702,-0.0498754882653456,0.0017698252343860688,-0.029930224217565637,-0.004811026420657338,-0.038806822242009265,0.006778418270439346,0.013016249404863345,-0.006159393193939877,0.022958759508933113,0.19392247546658295,100.1367,98.62729,1.38,6.774199962615967
2023-02-07,0.040071460668805514,-0.022179017366241283,0.002942831061813145,-0.030413819280404653,0.011067519872146825,-0.03366913386001036,-0.0018353295526685187,0.012942348114591162,0.012790364037398305,0.021212819129912575,0.18164137564889957,100.1367,98.62729,1.36,6.794000148773193
2023-02-08,0.017094456827861038,0.02660277610911521,0.003040771209810167,-0.026491627771206616,-0.011067519872146825,-0.016555682416597772,-0.00019335372988926736,0.021405326764543986,-0.011142573012412171,-0.00032781017938532386,0.1613193132757062,100.1367,98.62729,1.29,6.791200160980225
2023-02-09,-0.005238671219238711,0.028324621606023115,-0.005983602271623312,-0.026492017319410976,0.015216951712487159,0.00280513836331564,-0.0018390600635687093,0.014343820224103077,-0.008869009831038,-0.02378920463727674,0.1646142769343091,100.1367,98.62729,1.34,6.7881999015808105
2023-02-10,0.02104278018052952,0.08273283241655438,-0.0018234933150136357,-5.3668080627566894e-05,-0.01918171810292657,-0.00877579281109675,0.003964192145582857,0.006874867069895707,0.0021928557092181222,-0.01118775629077362,0.15968590159199525,100.1367,98.62729,1.41,6.779699802398682
2023-02-13,0.0052545869349556185,0.07822461339291298,-0.005868606069231674,-0.00769209938424531,0.014665304492188724,0.010700538101749313,-0.002705565328802173,-0.002609116529345812,0.011383569951155081,0.006355206854321338,0.16650883299578528,100.1367,98.62729,1.41,6.808300018310547
2023-02-14,-0.013568070603816373,0.02458508212029109,0.0011333148745897859,-0.009501615571468669,0.005611882545715874,0.005244900775318362,-0.0011617303671167534,-0.0019355173437940465,-0.00028045385549368973,-0.006715611038570657,0.16674893593899748,100.1367,98.62729,1.46,6.821899890899658
2023-02-15,-0.005962608707683614,0.0015280165847464389,-0.010737074621895104,-0.02327946140317394,-0.01421246330973469,0.002099957337730496,0.006661813746023704,0.0049196501321189245,0.002769337533075955,0.0071962995069174696,0.1723569620012422,100.1367,98.62729,1.46,6.825900077819824
